"PLT_CN","predagentSB"
14547091020004,0
14547279020004,0
14547841020004,0.0758033254863452
14548644020004,0.0466835439473379
14549194020004,0.019601522037279
14549277020004,0
14550197020004,0
37259363010690,0.312557390036384
37261819010690,0.141993620188171
37261822010690,0.874791267525742
37262457010690,0.0754724918171973
37262521010690,0.860508591903126
37262723010690,0.571234997460254
37262966010690,0.0299247051736949
37263627010690,0.946137268704939
37263658010690,0.874265297664143
37264348010690,0.803180816866806
37264364010690,0.590979978200124
37264380010690,0.0228240415236303
37264427010690,0.631441408977911
37264440010690,0.987909270347056
37271545010690,0.301486379105306
37271546010690,0.906778974505328
37271688010690,0.680623460329404
37271850010690,0
37272720010690,0.648213756497739
37272728010690,0.73541517418616
37272776010690,0.856526207332641
37272778010690,0.825547251825531
37272790010690,0.78090908292647
37272793010690,0.231760031735428
37272817010690,0.60879252421999
37272820010690,0
37272845010690,0.280546302639464
37272846010690,0.743807986667654
37272865010690,0.722678773782895
37272877010690,0.911806490477779
37272880010690,0.682996485316403
37272883010690,0
37272896010690,0.0756482805660062
37272901010690,0.831417762977079
37272905010690,0.524196349208595
37272906010690,0.786183891156154
37272907010690,0.299296337486347
37272909010690,0.780530173530972
37272910010690,0.791174352666656
37272911010690,0.770853043454748
37272912010690,0.290361285960216
37272958010690,0
37272974010690,0.322003060163213
37272975010690,0.495370492578157
37272982010690,0.169331406403169
37273002010690,0
37273003010690,0
37273004010690,0.0474591021550696
37273008010690,0.767826048434711
37273009010690,0
37273010010690,0
37273015010690,0.703120103429461
37273016010690,0
37273019010690,0
37273020010690,0.925113582391599
37273022010690,0.90843266307919
37273031010690,0.670530008189717
37273032010690,0
37273035010690,0.019554115176124
37273038010690,0.335697305707121
37273039010690,0.8037348730804
37273043010690,0
37273049010690,0
37273052010690,0
37273054010690,0.428158538721112
37273057010690,0.507548634752138
37273061010690,0.965471845001916
37273063010690,0.947195115474845
37273068010690,0.903958902987566
37273069010690,0.634781120145611
37273072010690,0.633720009451813
37273073010690,0.727612613170948
37273074010690,0.181122555450676
37273092010690,0.539180955111593
37273093010690,0.831676281849642
37273094010690,0
37273097010690,0.204691735253436
37273101010690,0
37273105010690,0
37273106010690,0.303749125321095
37273107010690,0
37273108010690,0
37273162010690,0.562348857248358
37273169010690,0.73963587933195
37273171010690,0.732737677519055
37273184010690,0.583142652543255
37273185010690,0.631398725448108
37273188010690,0.804879244259167
37273189010690,0
37273195010690,0.755152684939161
37273198010690,0
37273202010690,0.851295961036507
37273203010690,0
37273206010690,0.779615270018258
37273207010690,0
37273214010690,0
37273244010690,0.792520583293985
37273337010690,0
37273355010690,0
37273360010690,0.817452656027325
37273363010690,0.332084842741951
37273364010690,0.906626419934655
37273365010690,0.497820277591958
37273420010690,0.556927537417919
37273456010690,0.349089105315714
37273462010690,0.0742286223141846
37273494010690,0.63869486441889
37273498010690,0
37273502010690,0.248634694751072
37273506010690,0.640419176635606
37273508010690,0.591712352553983
37273527010690,0
37273528010690,0.645864896270239
37273530010690,0.979547029442084
37273531010690,0.616763742785073
37273532010690,0.54805210506798
37273533010690,0.80069358105568
37273586010690,0
37273587010690,0
37273588010690,0.853849697322583
37273598010690,0.292836604997694
37273620010690,0.602162119944587
37273621010690,0.850691016983853
37273624010690,0.794739462040608
37273625010690,0.550955814483334
37273627010690,0
37273628010690,0.293556939234379
37273632010690,0
37273641010690,0
37273642010690,0
37273648010690,0.65991997668814
37273652010690,0.0354558934988145
37273655010690,0.823813636494905
37273656010690,0.502187073850541
37273658010690,0.876242967411151
37273659010690,0.0473190279110759
37273662010690,0.127904119006346
37273663010690,0.722233501721696
37273670010690,0.75129263870667
37273671010690,0.62193376966349
37273682010690,0.786019128778829
37273683010690,0.614617723784952
37273685010690,0.841466933925018
37273688010690,0.826448491233778
37273698010690,0.916279399997968
37273699010690,0.779980861193226
37273702010690,0.768717772353498
37273713010690,0.321855311901933
37273721010690,0.779740507432849
37273818010690,0.544200799137526
37273820010690,0
37273822010690,0.743347634330144
37273824010690,0
37273826010690,0
37273828010690,0.309028059409006
37273829010690,0.700333064862842
37273830010690,0
37273833010690,0
37273834010690,0
37273835010690,0
37273838010690,0.518058897530514
37273842010690,0
37273867010690,0.685560299598784
37273868010690,0.319450710642195
37273870010690,0
37273875010690,0.423755631477995
37273923010690,0
37274005010690,0.597982085650718
37274205010690,0
37274206010690,0
37274251010690,0
37274277010690,0.255644496061305
37274280010690,0.0476003221670816
37274281010690,0.288812004191328
37274283010690,0
37274284010690,0.725043278320652
37274288010690,0
37274290010690,0.73974414472079
37274291010690,0
37274292010690,0
37274293010690,0
37274294010690,0.125808203377885
37274295010690,0
37274296010690,0
37274298010690,0
37274305010690,0.46585360322849
37274306010690,0.170108168907532
37274308010690,0.620442808983019
37274309010690,0
37274310010690,0.352132500295708
37274311010690,0
37274313010690,0
37274314010690,0.0986177189699319
37274315010690,0
37274317010690,0.536324966553733
37274318010690,0.696848588590258
37274319010690,0
37274320010690,0.573932818038593
37274321010690,0.44531550987972
37274322010690,0
37274323010690,0.685393384470873
37274324010690,0
37274325010690,0.711891641797032
37274326010690,0.0582494058122171
37274327010690,0.107661807961733
37274328010690,0
37274329010690,0
37274331010690,0.730027020571508
37274333010690,0.870269212793405
37274340010690,0.0550665724911143
37274349010690,0
37274352010690,0.466117190127242
37274353010690,0
37274354010690,0
37274355010690,0
37274356010690,0.763688930588722
37274357010690,0.141250876712144
37274358010690,0.0807828319413223
37274359010690,0
37274363010690,0
37274417010690,0.019554115176124
37274447010690,0.459959421328872
37274461010690,0
37274462010690,0
37274463010690,0
37274465010690,0
37274467010690,0.237949342864343
37274468010690,0
37274470010690,0.687018032347821
37274472010690,0
37274473010690,0
37274475010690,0
37274477010690,0.0466835439473379
37274505010690,0
37274509010690,0.451255870671872
37274512010690,0
37274517010690,0
37274521010690,0
37274530010690,0.403684995617044
37274533010690,0.638179454773048
37274535010690,0.306948677990685
37274538010690,0.781281965710687
37274546010690,0.120915454465542
37274550010690,0.484444598744224
37274554010690,0.417984101814128
37274559010690,0
37274567010690,0.670779950640082
37274576010690,0
37274578010690,0.458737201601604
37274580010690,0
37274585010690,0
37274587010690,0
37274590010690,0
37274596010690,0.296188834538846
37274597010690,0
37274616010690,0
37274618010690,0.316348587041249
37274619010690,0.293389125278867
37274620010690,0.292733456026722
37274622010690,0.782019786623665
37274623010690,0
37274625010690,0
37274626010690,0.363836169765346
37274627010690,0
37274628010690,0
37274629010690,0.274133299103196
37274632010690,0.41519038649249
37274633010690,0
37274634010690,0
37274635010690,0
37274637010690,0
37274639010690,0.354356493852532
37274640010690,0
37274642010690,0
37274643010690,0.42558279762345
37274645010690,0
37274646010690,0.596934670752995
37274648010690,0.191597783213168
37274649010690,0.14691297266751
37274650010690,0
37274651010690,0
37274652010690,0.38939549841376
37274653010690,0.570809624054133
37274655010690,0.0336876048950137
37274657010690,0
37274697010690,0
37274699010690,0
37274702010690,0.644030569530795
37274708010690,0
37274718010690,0
37274728010690,0.45841959679126
37274733010690,0.879255449236602
37274734010690,0
37274739010690,0
37274746010690,0.623861823928001
37274751010690,0.0984588487526943
37274752010690,0.341630250715992
37274753010690,0.0228240415236303
37274755010690,0.43708292635847
37274756010690,0
37274757010690,0
37274759010690,0
37274762010690,0.190392671987123
37274765010690,0.542406315069441
37274769010690,0.675304634392964
37274770010690,0.325667898888579
37274771010690,0
37274772010690,0
37274779010690,0
37274783010690,0
37274787010690,0
37274818010690,0.534745614635551
37274821010690,0.431117155829046
37274824010690,0
37274825010690,0.121944558231526
37274828010690,0.65760714052048
37274833010690,0
37274838010690,0
37274919010690,0
37274970010690,0.456139439953335
37274971010690,0.541654759973038
37274973010690,0
37274974010690,0
37274975010690,0
37274977010690,0
37274985010690,0.198051678781241
37274988010690,0.765193448673367
37274990010690,0
37274992010690,0.590788677792811
37274994010690,0.49873753149835
37275015010690,0.608445901442948
37275017010690,0
37275018010690,0
37275021010690,0.529392022826534
37275024010690,0.109837205673979
37275026010690,0
37275029010690,0.139713609583713
37275030010690,0
37275031010690,0
37275033010690,0
37275141010690,0.329471178930592
37275143010690,0
37275145010690,0
37275147010690,0
37275149010690,0
37275150010690,0
37275151010690,0
37275156010690,0
37275158010690,0
37275159010690,0
37275160010690,0
37275163010690,0
37275165010690,0
37275166010690,0.318488388352413
37275167010690,0
37275169010690,0
37275194010690,0.0473293149440701
37275197010690,0
37275217010690,0
37275237010690,0
37275240010690,0.15332069718385
37275243010690,0
37275255010690,0.018981767935172
37275416010690,0.0469141112025505
37275418010690,0.384379893372073
37275421010690,0.109565042350495
37275426010690,0.598861366659438
37275439010690,0
37275441010690,0.337151543644802
37275447010690,0
37275451010690,0
37275460010690,0.582377956157653
37275471010690,0
37275487010690,0
37275493010690,0
37275519010690,0
37275521010690,0
37275525010690,0
37275537010690,0.113928660932013
37275539010690,0.202156262209416
37275541010690,0.141364085086183
37275543010690,0
37275548010690,0
37275556010690,0
37275574010690,0
37275577010690,0.612271933763211
37275581010690,0.87534136469703
37275582010690,0.224320408003146
37275583010690,0.193911548214597
37275585010690,0.230887887977637
37275586010690,0.485664750147798
37275588010690,0
37275590010690,0.448246335226977
37275591010690,0
37275592010690,0.625154955873263
37275617010690,0
37275638010690,0
37275640010690,0
37275647010690,0
37275665010690,0
37275667010690,0
37275680010690,0
37275701010690,0.690244400812221
37275703010690,0.195762528071723
37275706010690,0
37275707010690,0
37275710010690,0.0238221650833182
37275711010690,0
37275712010690,0
37275717010690,0.798455056262941
37275720010690,0.615998932393337
37275722010690,0
37275724010690,0
37275727010690,0
37275733010690,0
37275735010690,0
37275738010690,0
37275739010690,0.363871262497817
37275744010690,0.0259083290142847
37275751010690,0.702375386963832
37275757010690,0.671219051671776
37275764010690,0
37275774010690,0
37275783010690,0
37275786010690,0
37275787010690,0
37275826010690,0
37275827010690,0
37275828010690,0
37275829010690,0
37275830010690,0
37275831010690,0
37275832010690,0
37275833010690,0
37275835010690,0
37275858010690,0.792111612965376
37275860010690,0
37275861010690,0.256308180321294
37275862010690,0.743070667790199
37275863010690,0.168284258984747
37275865010690,0
37275866010690,0.167262748262402
37275868010690,0.595011403299976
37275869010690,0.495220257215364
37275872010690,0.833025847480483
37275873010690,0
37275876010690,0
37275882010690,0
37275887010690,0
37275890010690,0.291166473552117
37275896010690,0.36765266902091
37275897010690,0.0372057020277627
37275899010690,0.701240187685855
37275900010690,0
37275901010690,0.422232349438755
37275903010690,0
37275905010690,0
37275909010690,0.195204688557192
37275910010690,0.280503877131527
37275911010690,0.145248297976964
37275914010690,0.049229002727539
37275915010690,0
37275916010690,0.0531439213030729
37275917010690,0
37275919010690,0.458268408634332
37275920010690,0.242306302386744
37275929010690,0
37275932010690,0.396313802551765
37275933010690,0
37275937010690,0.0526298871190245
37275938010690,0
37275939010690,0.0233941560051516
37275940010690,0.738334646759687
37275943010690,0
37275944010690,0.551412523287758
37275946010690,0.304730674584904
37275971010690,0
37275973010690,0
37275994010690,0.0367606385183172
37275995010690,0
37275996010690,0
37275998010690,0
37275999010690,0
37276000010690,0.342345837239724
37276001010690,0.713553097552594
37276005010690,0.638701255702239
37276009010690,0
37276015010690,0
37276026010690,0
37276040010690,0
37276084010690,0
37276109010690,0
37276200010690,0
37276205010690,0.358005869453826
37276207010690,0
37276208010690,0.466634963146899
37276212010690,0.525670767570427
37276213010690,0
37276214010690,0
37276216010690,0.245280655885806
37276217010690,0
37276220010690,0
37276222010690,0
37276224010690,0
37276225010690,0.049229002727539
37276226010690,0
37276227010690,0
37276228010690,0
37276230010690,0
37276237010690,0.244631732154408
37276258010690,0.247162227261364
37276259010690,0.706273537378498
37276260010690,0
37276263010690,0.221290964104603
37276265010690,0.177614113412111
37276266010690,0.400096010789708
37276268010690,0
37276271010690,0
37276274010690,0.104525225766784
37276279010690,0
37276280010690,0
37276281010690,0
37276283010690,0.478955586734305
37276284010690,0.225377446974999
37276285010690,0
37276288010690,0
37276289010690,0
37276291010690,0.0211904788124877
37276295010690,0
37276297010690,0
37277767010690,0
37278373010690,0
39635097010690,0.384766235628572
39635225010690,0.803075036000564
39636209010690,0.818051796331896
39636445010690,0.727998975785284
39636541010690,0.85370469913001
39636552010690,0.781696671806388
39636568010690,0.870959173923748
39636825010690,0.909309232788174
39637217010690,0.887423911730541
39637224010690,0.724291106607262
39637233010690,0.861818186498911
39637253010690,0.246260429789111
40373716010690,0.839685466715253
40373723010690,0
40374253010690,0.8413726937776
40374416010690,0
40383822010690,0
40383826010690,0
40383877010690,0
40383878010690,0
40383907010690,0.158714409575266
40384093010690,0.438443974679468
40384928010690,0.369120896620665
40385149010690,0.103192205317073
40385473010690,0.806571002935843
40387890010690,0.806585258434949
40387891010690,0.326663021726952
40387901010690,0.258749068197753
40387903010690,0.0287056252525403
40387953010690,0.94385452307283
40387960010690,0
40387961010690,0.675508674737024
40387968010690,0.657521316218435
40387988010690,0.108866229978223
40387991010690,0
40387993010690,0.735802515637597
40387999010690,0.0585432189603906
40388002010690,0.865195408639874
40388009010690,0.533930987929641
40388015010690,0.932513619024117
40388037010690,0.682657477978704
40388044010690,0.64499692890183
40388054010690,0.696575810188659
40388056010690,0.732865476510244
40388057010690,0.617750064559521
40388078010690,0.644965622432198
40388082010690,0.325370326010758
40388105010690,0.41936411740164
40388141010690,0.818760723316237
40388151010690,0.65753160994874
40388152010690,0.499448604411015
40388157010690,0.81346853798671
40388176010690,0.0727160412040123
40388177010690,0.260923673732479
40388180010690,0.628886617869081
40388185010690,0.887445624521535
40388186010690,0.936950983285262
40388187010690,0
40388192010690,0
40388193010690,0
40388195010690,0.617892344809457
40388197010690,0.686708759510307
40388201010690,0.533420698923655
40388202010690,0.645333450029672
40388204010690,0
40388205010690,0.400977829680134
40388206010690,0
40388207010690,0.102115071113994
40388208010690,0.314754018489939
40388213010690,0
40388214010690,0
40388216010690,0
40388217010690,0
40388218010690,0.440462685737135
40388219010690,0.437385790125648
40388221010690,0.494803128231311
40388223010690,0.687598830122842
40388224010690,0.891351281588071
40388234010690,0.628539519937457
40388239010690,0
40388242010690,0.6673559316515
40388243010690,0.656005001623944
40388246010690,0.257286366795796
40388247010690,0.679246480213294
40388249010690,0.965544925460166
40388252010690,0.888479462491033
40388253010690,0.886859602002313
40388255010690,0.804115294860712
40388271010690,0.687837463584606
40388272010690,0.152846177932285
40388279010690,0
40388283010690,0
40388285010690,0.693619085655252
40388286010690,0
40388289010690,0
40388341010690,0
40388342010690,0
40388343010690,0.395463555451237
40388345010690,0.640604797402869
40388346010690,0.566296422769757
40388356010690,0.808484864912743
40388359010690,0
40388367010690,0.0866249234591645
40388369010690,0
40388373010690,0
40388374010690,0.92058725152516
40388379010690,0.511891557613278
40388380010690,0.0243324250756443
40388383010690,0
40388385010690,0
40388387010690,0
40388388010690,0.268593712403865
40388428010690,0.156951638552513
40388438010690,0.845255890875675
40388502010690,0.701074830072539
40388526010690,0.880824712728594
40388527010690,0.0224803790586443
40388530010690,0.920371643074725
40388533010690,0.601546295158306
40388534010690,0
40388583010690,0.932943196157075
40388610010690,0.86552141004509
40388613010690,0.805793722099888
40388627010690,0.745420796302829
40388660010690,0.818905602391465
40388664010690,0.550089199475015
40388665010690,0.301883808052043
40388668010690,0.96878836479577
40388670010690,0.647707372513053
40388671010690,0.743529368956078
40388678010690,0.761607499584535
40388686010690,0
40388702010690,0.678347056707127
40388743010690,0.306100130377056
40388756010690,0
40388774010690,0.701338042699445
40388788010690,0.913562082934314
40388789010690,0.533354859970261
40388794010690,0.0288215010447317
40388795010690,0
40388797010690,0
40388803010690,0
40388807010690,0.768714615395763
40388808010690,0
40388811010690,0
40388814010690,0
40388823010690,0
40388824010690,0
40388833010690,0.912777991608299
40388835010690,0.96328498087983
40388836010690,0.929147674056416
40388838010690,0.841892528681948
40388845010690,0.141855643892674
40388851010690,0.517382650530744
40388860010690,0.980493206443445
40388885010690,0
40388890010690,0
40389019010690,0
40389021010690,0
40389022010690,0.533812012197985
40389026010690,0.556248374511184
40389035010690,0
40389041010690,0
40389045010690,0
40389046010690,0.287412838238996
40389049010690,0.512406404324959
40389052010690,0.0296357403543997
40389084010690,0
40389085010690,0
40389099010690,0
40389113010690,0
40389117010690,0.347773639286594
40389129010690,0
40389132010690,0.0809717455035897
40389139010690,0
40389140010690,0
40389149010690,0
40389150010690,0
40389152010690,0.0238221650833182
40389221010690,0.451049629316061
40389225010690,0.240200710445378
40389227010690,0
40389229010690,0
40389230010690,0
40389233010690,0
40389238010690,0
40389240010690,0.0810577500518844
40389241010690,0
40389294010690,0
40389303010690,0.661542997665918
40389307010690,0
40389308010690,0
40389309010690,0
40389316010690,0
40389323010690,0.0388548759234242
40389328010690,0.257802477213455
40389330010690,0
40389331010690,0
40389362010690,0
40389363010690,0
40389365010690,0
40389367010690,0.639926093274341
40389368010690,0
40389370010690,0.160145227645517
40389371010690,0
40389373010690,0
40389379010690,0
40389383010690,0.394956536842339
40389386010690,0.735523912042727
40389392010690,0
40389393010690,0.133730686973006
40389395010690,0
40389400010690,0
40389408010690,0.171204329379216
40389413010690,0
40389418010690,0
40389419010690,0
40389421010690,0
40389422010690,0.0237877833936452
40389423010690,0
40389424010690,0
40389465010690,0
40389468010690,0
40389471010690,0
40389472010690,0
40389476010690,0.0914001236807323
40389477010690,0
40389479010690,0.0875931676428495
40389482010690,0.770468564892435
40389483010690,0
40389484010690,0.220065850159153
40389496010690,0
40389497010690,0
40389498010690,0.219430336245399
40389499010690,0.206731400909138
40389500010690,0
40389503010690,0.214182105658952
40389504010690,0
40389505010690,0.578849809233744
40389506010690,0.0288215010447317
40389507010690,0.0473293149440701
40389508010690,0
40389510010690,0.0543581156708406
40389511010690,0.585039518928057
40389512010690,0
40389514010690,0.709857266105897
40389515010690,0.664947219893418
40389516010690,0
40389519010690,0
40389520010690,0
40389521010690,0.594753109773035
40389524010690,0.300817537589838
40389526010690,0.437664387774688
40389529010690,0
40389533010690,0
40389534010690,0.488090232321642
40389536010690,0.213969334035959
40389579010690,0
40389613010690,0
40389616010690,0.0309102441769763
40389620010690,0
40389623010690,0
40389668010690,0
40389672010690,0
40389677010690,0
40389678010690,0
40389691010690,0
40389696010690,0.21748897904757
40389697010690,0
40389710010690,0
40389714010690,0
40389715010690,0
40389721010690,0
40389766010690,0
40389770010690,0
40389806010690,0
40389815010690,0.4851398869026
40389862010690,0
40389868010690,0.312820737332716
40389869010690,0.138946208900574
40389877010690,0
40389879010690,0
40389887010690,0.0296357403543997
40389889010690,0.0388548759234242
40389893010690,0.851547735902717
40389895010690,0
40389896010690,0
40389897010690,0.509245654550759
40389898010690,0.169835398727939
40389899010690,0
40389904010690,0.0320751770490272
40389905010690,0
40389906010690,0.191701784645161
40389907010690,0.314711884620995
40389911010690,0
40389914010690,0.0550665724911143
40389915010690,0.0285271518863484
40389935010690,0.487531739292592
40389939010690,0.276117648139884
40389940010690,0
40389946010690,0
40389947010690,0
40389953010690,0.501575096935832
40389957010690,0
40389958010690,0.019554115176124
40389959010690,0
40389960010690,0
40389961010690,0
40389962010690,0
40389970010690,0.481969628985676
40389974010690,0.5572715514627
40389976010690,0
40389977010690,0.390180209923914
40389978010690,0.246227799850641
40389983010690,0.164342434128088
40389985010690,0
40389987010690,0
40389991010690,0
40389992010690,0
40389993010690,0
40389996010690,0
40390004010690,0
40390005010690,0
40390016010690,0
40390017010690,0.0610653391380665
40390021010690,0.469471257025
40390023010690,0
40390027010690,0.59290362475066
40390030010690,0
40390040010690,0
40390049010690,0
40390051010690,0
40390052010690,0.282657946695272
40390058010690,0.341978759550954
40390077010690,0
40390090010690,0
40390091010690,0
40390096010690,0
40390097010690,0
40390103010690,0
40390104010690,0
40390105010690,0
40390106010690,0.63149594767124
40390107010690,0
40390108010690,0.138002674700173
40390192010690,0
40390212010690,0
40390213010690,0
40390214010690,0
40390215010690,0
40390217010690,0
40390218010690,0
40390220010690,0
40390221010690,0
40390222010690,0
40390223010690,0.0502204598728235
40390224010690,0
40390226010690,0
40390227010690,0
40390230010690,0
40390233010690,0
40390234010690,0
40390235010690,0
40390237010690,0
40390248010690,0
40390249010690,0
40390253010690,0
40390262010690,0
40390265010690,0
40390266010690,0
40390308010690,0.210553195083977
40390309010690,0.497284279453777
40390310010690,0
40390311010690,0.324117417729714
40390312010690,0.167676647467831
40390313010690,0.243703865242158
40390314010690,0.264437192675662
40390316010690,0.126287363380021
40390319010690,0
40390321010690,0.268991722577875
40390322010690,0.29639959964342
40390324010690,0.745702782116515
40390325010690,0.290872994253293
40390326010690,0.794420029479851
40390328010690,0.107434385424874
40390330010690,0.0309102441769763
40390332010690,0
40390333010690,0.169459490598251
40390334010690,0.864342937579146
40390335010690,0.0304611042163559
40390337010690,0
40390339010690,0.744120455686512
40390341010690,0.400924042299152
40390342010690,0.723628461522964
40390343010690,0.670302288281183
40390346010690,0.136968155247307
40390349010690,0
40390357010690,0
40390360010690,0.332735443945941
40390361010690,0.314857917498331
40390371010690,0.55160988331455
40390374010690,0
40390382010690,0
40390393010690,0.525265570593673
40390394010690,0.835117854307429
40390402010690,0.76446323019352
40390403010690,0.0271378339543814
40390411010690,0
40390415010690,0.41286866212678
40390417010690,0
40390418010690,0.60937649844799
40390419010690,0.353558972534436
40390420010690,0
40390421010690,0
40390422010690,0
40390426010690,0.549213762174963
40390435010690,0.577208252300426
40390436010690,0
40390437010690,0.67006986018679
40390440010690,0
40390441010690,0
40390442010690,0.40025164787664
40390443010690,0.526904793541254
40390446010690,0.933556722113782
40390447010690,0
40390448010690,0
40390449010690,0
40390450010690,0.296470517039427
40390452010690,0
40390455010690,0.595896453835699
40390456010690,0.743465240815216
40390457010690,0
40390458010690,0.426669842694914
40390459010690,0
40390460010690,0
40390461010690,0.808074417834071
40390462010690,0.741724279808077
40390464010690,0
40390468010690,0.793276499655612
40390469010690,0
40390470010690,0.345755999561366
40390472010690,0
40390473010690,0
40390474010690,0.180144798673021
40390475010690,0.0309102441769763
40390480010690,0
40390481010690,0
40390482010690,0
40390483010690,0.154370824293683
40390484010690,0.496684680804499
40390488010690,0.201366607929511
40390489010690,0.238702172754042
40390491010690,0.223342707623231
40390494010690,0.523503697467095
40390495010690,0.491098221437434
40390497010690,0
40390508010690,0
40390515010690,0.34739586827968
40390518010690,0
40390519010690,0
40390520010690,0
40390524010690,0.0274551490620641
40390525010690,0.526728462953542
40390529010690,0
40390530010690,0
40390531010690,0
40390534010690,0.718179276652563
40390535010690,0
40390538010690,0
40390539010690,0
40390541010690,0
40390544010690,0
40390545010690,0.398583953930611
40390546010690,0.741875250731166
40390547010690,0.0299247051736949
40390548010690,0
40390550010690,0.192427214922137
40390551010690,0.814322227515421
40390553010690,0.389064382155123
40390555010690,0.495084969731952
40390560010690,0
40390563010690,0
40390566010690,0
40390568010690,0.131839273233016
40390569010690,0.755211457906048
40390572010690,0.120577937532563
40390573010690,0.217920468807431
40390577010690,0.711060047627111
40390578010690,0
40390630010690,0
40390636010690,0
40390640010690,0.0469141112025505
40390643010690,0
40390644010690,0
40390668010690,0.0299247051736949
40390669010690,0
40390680010690,0
40390692010690,0
40390710010690,0
40390714010690,0
40390715010690,0
40390716010690,0
40390717010690,0.602430201223912
40390723010690,0
40390726010690,0.532095763180423
40390727010690,0
40390729010690,0.0476138434613793
40390732010690,0.53303141260565
40390734010690,0.567005386750012
40390736010690,0
40390737010690,0
40390741010690,0
40390745010690,0.167553473986719
40390747010690,0
40390749010690,0
40390756010690,0
40390757010690,0
40390759010690,0
40390770010690,0
40390771010690,0
40390773010690,0
40390776010690,0
40390778010690,0
40390781010690,0.156194961421944
40390789010690,0
40390790010690,0
40390791010690,0
40390796010690,0
40390802010690,0
40390805010690,0
40390806010690,0
40390810010690,0
40390816010690,0
40390823010690,0.645292662153801
40390830010690,0.701899087445036
40390833010690,0
40390834010690,0
40390835010690,0
40390839010690,0
40390845010690,0.409542073236552
40390846010690,0.0224803790586443
40390848010690,0
40390849010690,0
40390852010690,0
40390856010690,0.75338959960529
40390925010690,0
40390926010690,0
40390969010690,0.122606661182882
40391309010690,0
40391329010690,0.274210460003344
40391330010690,0
40391331010690,0
40391335010690,0
40391346010690,0
40391348010690,0
40391349010690,0
40391355010690,0.616954625144696
40391356010690,0
40391358010690,0
40391360010690,0
40391363010690,0
40391365010690,0.279963517894139
40391370010690,0
40391371010690,0.425336641212681
40391373010690,0
40391374010690,0.185431967946806
40391375010690,0.0469141112025505
40391378010690,0.581941840170274
40391380010690,0
40391382010690,0.674529455061771
40391383010690,0.444827805043068
40391384010690,0.425884490125852
40391385010690,0
40391387010690,0.356272369864683
40391388010690,0.237168800011591
40391389010690,0.246872172665303
40391390010690,0.58720785660483
40391391010690,0.552389019477526
40391393010690,0
40391394010690,0.189504833294831
40391395010690,0.0476003221670816
40391396010690,0.0258882767138096
40391397010690,0.253071874142794
40391398010690,0
40391401010690,0
40391402010690,0.734624217374352
40391405010690,0.0626087727262487
40391406010690,0
40391409010690,0
40391421010690,0.0228240415236303
40391423010690,0
40391425010690,0.753712610224615
40391484010690,0.453390835475318
40391486010690,0.363556201012124
40391491010690,0.200868270897293
40391493010690,0
40391497010690,0
40391503010690,0
40391504010690,0.210766553569228
40391505010690,0
40391510010690,0
40391511010690,0
40391512010690,0
40391513010690,0
40391514010690,0
40391516010690,0.386582707518341
40391517010690,0.0367606385183172
40391519010690,0
40391520010690,0.653918581800669
40391521010690,0.64594113631411
40391522010690,0
40391523010690,0
40391525010690,0
40391528010690,0
40391529010690,0
40391531010690,0
40391538010690,0
40391541010690,0
40391543010690,0
40391544010690,0
40391545010690,0.678043141082825
40391547010690,0
40391548010690,0.41195937230528
40391553010690,0
40391555010690,0
40391556010690,0
40391559010690,0.282778838105115
40391561010690,0
40391563010690,0
40391564010690,0.249981183651837
40391568010690,0
40391570010690,0
40391571010690,0
40391572010690,0
40391574010690,0
40391575010690,0
40391576010690,0.234231774338361
40391577010690,0
40391579010690,0.282199184547456
40391580010690,0.202810666475092
40391581010690,0.278690718124137
40391582010690,0
40391583010690,0
40391584010690,0.592438273287194
40391586010690,0.669603972221479
40391587010690,0.134634128461445
40391588010690,0
40391589010690,0
40391591010690,0
40391594010690,0
40391596010690,0
40391597010690,0.273954209544823
40391600010690,0
40391604010690,0
40391605010690,0.550925174456033
40391606010690,0.0388548759234242
40391611010690,0
40391738010690,0.60121994104679
40391858010690,0
40391907010690,0.2114417827737
40391964010690,0.604889346305728
40392054010690,0.58626085661027
40392081010690,0
40392092010690,0.42241669245778
40392288010690,0.644533530775721
40392304010690,0.902904965050016
40392325010690,0.764913417539764
40392326010690,0.524153262960667
40392370010690,0
40392416010690,0.728230070508559
40392468010690,0.923995489659297
40392477010690,0.833300810326593
40392639010690,0
40392663010690,0
40392961010690,0.911557957176985
40392969010690,0.185635185826928
40393291010690,0.0870799067629743
40393452010690,0.481179574439033
40393573010690,0.925680242398526
40393576010690,0.349925526909437
40393602010690,0.115275016379821
40393651010690,0.549853356397789
40393864010690,0.817246317927622
40393865010690,0
40393868010690,0
40393870010690,0.647641506427594
40393872010690,0.764855700366316
40393874010690,0
40393876010690,0
40393879010690,0
40393881010690,0
40393882010690,0
40393883010690,0.222896293218002
40393885010690,0
40393888010690,0.0364929822045017
40393890010690,0
40393891010690,0
40393894010690,0
40393902010690,0
40393908010690,0
40393912010690,0
40393916010690,0.684220965107212
40393919010690,0
40393933010690,0
40393937010690,0.817767925636887
40393947010690,0.844745309269703
40393952010690,0
40393974010690,0
40393977010690,0
40393978010690,0
40393986010690,0
40394192010690,0
40394201010690,0
40394204010690,0
40394238010690,0
40394245010690,0
40394250010690,0
40394255010690,0
40394264010690,0.76010198563677
40394265010690,0.317189885083866
40394391010690,0
40394392010690,0
40394394010690,0
40394474010690,0
40394659010690,0.412645472579264
40394660010690,0
40394664010690,0
40394666010690,0
40394667010690,0
40394668010690,0
40394669010690,0
40394670010690,0.48952750266341
40394804010690,0.407382054842436
40394805010690,0.429479247540742
40394806010690,0.329825661565175
40394810010690,0
40394811010690,0
40394812010690,0
40394813010690,0.651376625112687
40394814010690,0.77181782560693
40394816010690,0
40394818010690,0.155745543136318
40394821010690,0.0473293149440701
40394822010690,0
40394824010690,0
40394827010690,0.327607617742395
40394828010690,0.186874553832355
40394829010690,0.410861946908452
40394830010690,0.538026329592229
40394832010690,0.173122758276643
40394833010690,0
40394834010690,0
40394835010690,0.7143197172975
40394838010690,0
40394839010690,0.465555047088273
40394841010690,0
40394842010690,0
40394846010690,0.20960569960068
40394847010690,0
40394850010690,0
40394851010690,0.558850630259613
40394853010690,0.648400070122193
40394854010690,0.35670830339326
40394857010690,0.785667570982308
40394858010690,0
40394861010690,0.116510666651486
40394862010690,0.681623002241174
40394863010690,0.303714307785481
40394866010690,0.283266737009809
40394867010690,0.49975875048077
40394870010690,0.564860537311833
40394872010690,0.418541894619711
40394873010690,0.203631776422429
40394876010690,0.433807422233062
40394878010690,0
40394879010690,0
40394880010690,0
40394881010690,0.323247620255314
40394884010690,0.0607270011710035
40394887010690,0.432170035628953
40394888010690,0.122269565465796
40394889010690,0.612130811070496
40394890010690,0
40394892010690,0.230097687683091
40394893010690,0.448145352833143
40394894010690,0
40394896010690,0.61923712509472
40394897010690,0.642383107777479
40394898010690,0
40394899010690,0.508398003101249
40394901010690,0.786726424902713
40394903010690,0.0597888921420608
40394904010690,0
40394905010690,0.152896849472452
40394907010690,0
40394908010690,0.840008092176983
40394909010690,0.501499891844087
40394910010690,0
40394912010690,0.0693164942736178
40394913010690,0.420985624505839
40394914010690,0
40394915010690,0.493333880947199
40394952010690,0.813508776528589
40394954010690,0.610710586368425
40394955010690,0.481027883417597
40394956010690,0
40394957010690,0
40394958010690,0.461205765577105
40394959010690,0
40394961010690,0.375349055978581
40394962010690,0.307550570431324
40394967010690,0.657251566337126
40394968010690,0.526540776729725
40394969010690,0.296646465873893
40394971010690,0.729459416735211
40394972010690,0
40394973010690,0
40394974010690,0
40394978010690,0.303498041438947
40394979010690,0.86989283138168
40394980010690,0
40395095010690,0.681959964189468
40395117010690,0.702429938649885
40395133010690,0.227751242831584
40395137010690,0.773791115263022
40395143010690,0.275925409296274
40395146010690,0
40395153010690,0.782615629923322
40395179010690,0
40395188010690,0
40395190010690,0.24875364345243
40395192010690,0
40395198010690,0
40395201010690,0
40395203010690,0
40395205010690,0
40395207010690,0
40395208010690,0.214497328782016
40395209010690,0.800660033702924
40395210010690,0.350619684983224
40395214010690,0
40395278010690,0
40395281010690,0.673078356956744
40395284010690,0.509938468066889
40395289010690,0.0341180372124438
40395292010690,0
40395293010690,0.0791885930529264
40395307010690,0
40395308010690,0
40395311010690,0
40395325010690,0
40395328010690,0.435027582047972
40395333010690,0
40395338010690,0
40395340010690,0.498761225405557
40395342010690,0.224194050041425
40395345010690,0.325285051823005
40395346010690,0.159477185110825
40395358010690,0.220518138060116
40395363010690,0.351327839934097
40395366010690,0.6315699155333
40395370010690,0.338830152339562
40395371010690,0
40395376010690,0.402571011133511
40395382010690,0
40395385010690,0.646948386876725
40395388010690,0.774221426808305
40395390010690,0.723142501779077
40395391010690,0
40395393010690,0.641602505746374
40395394010690,0
40395396010690,0.239594803146962
40395400010690,0.505364267866849
40395403010690,0
40395415010690,0
40395417010690,0
40395419010690,0.470243482269985
40395420010690,0
40395424010690,0
40395425010690,0
40395429010690,0
40395431010690,0
40395438010690,0
40395440010690,0
40395442010690,0
40395446010690,0
40395448010690,0.207527698321731
40395457010690,0.45139802027423
40395461010690,0
40395498010690,0.71542346005019
40395499010690,0
40395501010690,0.19241894108928
40395504010690,0.180329050148381
40395507010690,0.228775058739923
40395508010690,0.313263667849027
40395509010690,0.0518950693884725
40395511010690,0.503404865778527
40395512010690,0.538870758896946
40395513010690,0.310368630455016
40395515010690,0.799544220076796
40395516010690,0.0526298871190245
40395517010690,0
40395519010690,0.295426811221768
40395522010690,0
40395523010690,0.0473293149440701
40395524010690,0.831339593277165
40395525010690,0.673446239686756
40395526010690,0.0499757912697936
40395527010690,0
40395528010690,0
40395529010690,0.265672962564442
40395530010690,0.374342818521302
40395531010690,0
40395532010690,0
40395534010690,0.217088451575788
40395535010690,0.257736701177735
40395538010690,0.66754628929042
40395540010690,0
40395543010690,0
40395544010690,0.218370555141208
40395546010690,0.12090310667234
40395550010690,0
40395552010690,0
40395555010690,0
40395558010690,0.635921239863403
40395560010690,0
40395561010690,0.790714826933197
40395563010690,0
40395565010690,0
40395566010690,0.383330009802753
40395567010690,0
40395568010690,0
40395573010690,0
40395574010690,0.155449560450954
40395575010690,0.582715994308484
40395576010690,0
40395646010690,0
40395653010690,0
40395661010690,0
40395665010690,0.248370852520664
40395667010690,0
40395677010690,0.568811316290417
40395679010690,0.401872430370202
40395682010690,0.0236207886037323
40395688010690,0.612831325264323
40395692010690,0
40395694010690,0
40395696010690,0.674736297613008
40395701010690,0
40395705010690,0.0608437435574659
40395706010690,0
40395707010690,0
40395711010690,0
40395713010690,0
40395715010690,0
40395720010690,0.0558101458424775
40395724010690,0
40395725010690,0.310735890436533
40395727010690,0
40395730010690,0
40395731010690,0.203155239972542
40395739010690,0
40395741010690,0
40395752010690,0
40395757010690,0
40395759010690,0
40395760010690,0
40395764010690,0.285366528580644
40395765010690,0.353935846795816
40395771010690,0.517545776014186
40395772010690,0
40395775010690,0.713070828875814
40395780010690,0.554343406563469
40395781010690,0.426166164767893
40395783010690,0
40395784010690,0
40395788010690,0
40395789010690,0
40395792010690,0
40395794010690,0.299300283655834
40395798010690,0
40395801010690,0
40395802010690,0.27166437245667
40395803010690,0.19549416016904
40395804010690,0
40395807010690,0
40395809010690,0
40395812010690,0.245702284832843
40395816010690,0.620970422081854
40395817010690,0
40395829010690,0
40395832010690,0.212536473685711
40395834010690,0
40395836010690,0.880736958318457
40395837010690,0.441353826258598
40395840010690,0
40395886010690,0
40395890010690,0.467596239917218
40395891010690,0
40395911010690,0.240762798286949
40395916010690,0.633834193322755
40395917010690,0.293208965753035
40395919010690,0.367812215527135
40395920010690,0
40395921010690,0.864586482222092
40395924010690,0
40395925010690,0.128391486622111
40395927010690,0.36117284736776
40395928010690,0.0971645822398443
40395929010690,0
40395932010690,0.144637303197073
40395933010690,0
40395939010690,0.71751411027283
40395940010690,0
40395941010690,0.619254048226373
40396046010690,0
40396095010690,0.513377654190798
40396100010690,0.648689321087689
40396101010690,0.86449335511376
40396105010690,0.576296993158727
40396199010690,0.481109677178742
40396200010690,0
40396202010690,0
40396203010690,0.269674193836738
40396204010690,0
40396206010690,0
40396207010690,0.152553371318014
40396210010690,0
40396211010690,0
40396218010690,0.132292814783431
40396219010690,0
40396229010690,0
40396234010690,0
40396236010690,0
40396237010690,0
40396239010690,0
40396242010690,0.715957463736377
40396245010690,0
40396248010690,0
40396249010690,0.0299247051736949
40396253010690,0
40396296010690,0.363060185255897
40396300010690,0.583780014786829
40396301010690,0
40396303010690,0
40396304010690,0
40396312010690,0
40396314010690,0.114164188677659
40396318010690,0
40396319010690,0
40396322010690,0
40396325010690,0.0309102441769763
40396327010690,0.396207786552841
40396336010690,0
40396337010690,0.0473190279110759
40396345010690,0
40396349010690,0
40396557010690,0.565875090429975
40396562010690,0
40396568010690,0.133301126011167
40396570010690,0
40396571010690,0
40396573010690,0
40396574010690,0.557556853344073
40396575010690,0
40396576010690,0
40396577010690,0
40396578010690,0.0466835439473379
40396580010690,0
40396582010690,0.480201676677473
40396584010690,0
40396586010690,0.116319323145789
40396591010690,0
40396593010690,0
40396596010690,0
40396612010690,0
40396659010690,0
40396667010690,0.018981767935172
40396669010690,0
40396670010690,0.662338191456266
40396704010690,0.498954188717092
40396717010690,0.798664273500193
40396743010690,0
40396744010690,0
40396745010690,0.69810387631817
40396751010690,0
40396795010690,0.662551621110462
40396973010690,0.546418944189391
40397100010690,0.283259005781622
40397259010690,0
40397526010690,0
40397527010690,0
40397560010690,0
40397603010690,0
40397660010690,0
40397719010690,0.0801056430224085
40397821010690,0
40397868010690,0
40397898010690,0
40397938010690,0
40397962010690,0.679758204239135
40397997010690,0.528431270185199
40398260010690,0
40398406010690,0.120727975674015
40402450010690,0.473541485008964
40402542010690,0.811942599320655
40402574010690,0.7998975151963
40403544010690,0.918742916033212
40403548010690,0.776740699489969
40403765010690,0.909804562899417
40403775010690,0.924766504600547
40403821010690,0.529500863652312
40403859010690,0.646598490636541
40403863010690,0.869109659061217
40403870010690,0.0222489232523095
40403874010690,0.932106828647038
40403949010690,0.0234192954641767
40404151010690,0.847358132952935
40404228010690,0.851809308500144
40404246010690,0.828432847466817
40404517010690,0.606459347626355
40404525010690,0.761284236702635
40404532010690,0.10574594963475
40404539010690,0.290475409595441
40404542010690,0.424247855664789
40404548010690,0.541858616820054
40404730010690,0
40404738010690,0
40404821010690,0.766649622224909
40404822010690,0.939915557112592
40404827010690,0.806566400950905
40404837010690,0
40404838010690,0
40404844010690,0.877798456244798
40404845010690,0
40404864010690,0.669249926185301
40404866010690,0.0200401043934576
40404876010690,0.194458989687478
40404879010690,0.776312982604987
40404893010690,0.739636923539675
40404894010690,0.696670129939974
40404925010690,0.334536371718559
40404930010690,0
40404940010690,0.88190272622489
40405148010690,0
40405171010690,0
40405267010690,0
40405275010690,0.47544166709739
40405277010690,0.46171310405955
40405278010690,0.782935893601549
40405283010690,0.817497194472851
40405284010690,0.924620364208948
40405289010690,0.788070300124173
40405290010690,0.885422363082589
40405307010690,0
40405309010690,0.82456384077191
40405310010690,0
40405314010690,0
40405320010690,0
40405323010690,0
40405328010690,0
40405330010690,0.87584229822134
40405338010690,0.549835927946268
40405339010690,0
40405343010690,0
40405345010690,0.475962919436492
40405346010690,0.175317632630061
40405347010690,0.429612031599549
40405376010690,0.881197150001605
40405378010690,0.18139438653855
40405486010690,0
40405490010690,0
40405495010690,0
40405617010690,0.934234659241531
40405621010690,0.77960606322314
40405622010690,0.979583321756593
40405623010690,0.452229898627762
40405625010690,0.978153358985904
40405626010690,0.308558565130042
40405629010690,0.710689827393303
40405630010690,0.884985491580093
40405633010690,0.821686059657699
40405634010690,0.853203250080828
40405644010690,0.747879937982043
40405650010690,0
40405670010690,0.903760964546364
40405708010690,0.778852732091469
40405729010690,0.452293650319081
40405737010690,0
40405739010690,0.143267949331955
40405749010690,0.809878953384324
40405767010690,0
40405768010690,0
40405792010690,0.0306940201516041
40405797010690,0.83498090450472
40405798010690,0.382039219588649
40405806010690,0
40405807010690,0
40405815010690,0.437034004759728
40405821010690,0
40405822010690,0
40405828010690,0
40405835010690,0
40405871010690,0
40405877010690,0.663676102380427
40405903010690,0
40405993010690,0.432829215596774
40406005010690,0.136946350124732
40406042010690,0.27421744285562
40406044010690,0.386242199642705
40406045010690,0
40406048010690,0.768383207920101
40406049010690,0.471266595990852
40406059010690,0
40406070010690,0
40406090010690,0.792597993482511
40406100010690,0
40406101010690,0
40406265010690,0
40406266010690,0.659025878435564
40406270010690,0.751248056611345
40406272010690,0.0243324250756443
40406274010690,0
40406277010690,0.613058963748592
40406280010690,0.329982780574166
40406284010690,0.181280259018255
40406287010690,0.190316777168578
40406293010690,0.756482035405977
40406297010690,0
40406298010690,0
40406299010690,0.674489839273523
40406300010690,0
40406301010690,0.754415308116922
40406302010690,0.707583998757334
40406304010690,0
40406305010690,0.288212275593382
40406306010690,0
40406308010690,0
40406319010690,0
40406323010690,0
40406382010690,0.557645443845213
40406383010690,0
40406385010690,0.531755677977309
40406509010690,0
40406654010690,0.729488563304532
40406656010690,0.432263553579486
40406657010690,0.671925482655906
40406662010690,0
40406663010690,0.63641860532763
40406664010690,0
40406669010690,0
40406672010690,0.749080039791705
40406673010690,0
40406675010690,0.0476138434613793
40406676010690,0.0250421440884986
40406677010690,0
40406679010690,0
40406680010690,0.603993618443377
40406681010690,0.141855643892674
40406687010690,0
40406691010690,0
40406695010690,0
40406696010690,0
40406697010690,0
40406705010690,0
40406707010690,0
40406708010690,0
40406709010690,0.202731799122961
40406711010690,0.688646006279409
40406719010690,0
40406722010690,0
40406723010690,0.391119740508823
40406727010690,0
40406733010690,0
40406740010690,0
40406750010690,0
40406752010690,0.132820647628716
40406758010690,0.704035412370704
40406765010690,0.257982026405385
40406769010690,0.535908818221993
40406771010690,0.27330636960661
40406780010690,0.846610202717801
40406789010690,0.0658161447658456
40406794010690,0.392157406609126
40406795010690,0.781406398153676
40406799010690,0
40406812010690,0.958877267150151
40406817010690,0.158624307200747
40406818010690,0.655892605754504
40406826010690,0.425342029383271
40406833010690,0.508125874257855
40406835010690,0.133202447462919
40406839010690,0.571981587014113
40406842010690,0.172656705824596
40406848010690,0.666416157986505
40406850010690,0.656187656461367
40406851010690,0.0320325325993576
40406852010690,0.942508088669321
40406853010690,0.34269273287084
40406855010690,0
40406861010690,0
40406866010690,0
40406873010690,0
40406952010690,0
40406976010690,0.0274551490620641
40406978010690,0.265511015854413
40406986010690,0
40406999010690,0.0469141112025505
40407005010690,0.646557919737685
40407006010690,0
40407012010690,0
40407022010690,0.158320399466062
40407024010690,0.530286141467237
40407027010690,0
40407032010690,0
40407033010690,0.604489130972402
40407035010690,0.30998277860644
40407036010690,0.94771354976097
40407044010690,0.895053367703985
40407046010690,0.561619764938599
40407051010690,0.138994013046871
40407057010690,0
40407060010690,0.241300610392118
40407064010690,0
40407065010690,0
40407071010690,0
40407077010690,0.360488903520828
40407079010690,0.559246263707653
40407080010690,0.452717883589435
40407096010690,0.320790699086634
40407101010690,0.734909716761118
40407109010690,0.648776199626698
40407115010690,0
40407123010690,0
40407124010690,0.634066793026581
40407125010690,0.0466835439473379
40407131010690,0
40407172010690,0
40407180010690,0.46643015522968
40407183010690,0.0224803790586443
40407529010690,0
40407530010690,0
40407532010690,0
40407533010690,0
40407534010690,0
40407535010690,0
40407537010690,0
40407538010690,0
40407540010690,0
40407542010690,0
40407544010690,0
40407545010690,0
40407547010690,0
40407548010690,0.404611855279761
40407550010690,0
40407551010690,0.267562462225713
40407554010690,0
40407557010690,0
40407560010690,0.558562411994164
40407561010690,0.27855917207148
40407563010690,0
40407566010690,0
40407567010690,0
40407569010690,0
40407570010690,0.216017053276152
40407571010690,0
40407572010690,0.527640624455084
40407574010690,0.460444895920063
40407575010690,0.28535861530508
40407576010690,0
40407577010690,0.789269142264487
40407578010690,0.116341422140292
40407581010690,0.0667871436917318
40407582010690,0.414634109943488
40407583010690,0
40407586010690,0.429543350574041
40407587010690,0.586947050956213
40407588010690,0.262599978599591
40407589010690,0
40407591010690,0
40407596010690,0.454813509252489
40407597010690,0.90673731848672
40407600010690,0
40407602010690,0
40407603010690,0.227736667134396
40407605010690,0.623606873896874
40407608010690,0.651946423421883
40407609010690,0.846243066717574
40407611010690,0.889585314042212
40407612010690,0.0615519438010392
40407614010690,0.721777916302461
40407617010690,0.602731541248814
40407618010690,0.288878050919863
40407622010690,0.0226675894006885
40407623010690,0.678376805035795
40407626010690,0.689904581694287
40407627010690,0.619844004506747
40407629010690,0.413315075011147
40407634010690,0
40407637010690,0.221840136451446
40407638010690,0.21792716668474
40407641010690,0.852086639283774
40407643010690,0.127571394692528
40407644010690,0.821508252604769
40407651010690,0
40407652010690,0.747472517468373
40407653010690,0.979339039572812
40407654010690,0
40407655010690,0.325884471080131
40407657010690,0.786051083157252
40407659010690,0.38555745679678
40407660010690,0
40407709010690,0
40407737010690,0.921956999991031
40416064010690,0
40416071010690,0
40416219010690,0.414007865429901
40416220010690,0.921728348675589
40416232010690,0.478783074451428
40416244010690,0.872617187636053
40416245010690,0.892461205602571
40416254010690,0.258174425302392
40416258010690,0
40416264010690,0
40416267010690,0.942858580920682
40416279010690,0.492217455088223
40416281010690,0
40416282010690,0
40416283010690,0.619557069781155
40416293010690,0
40416294010690,0
40416304010690,0.674924271629875
40416305010690,0
40416306010690,0
40416377010690,0.672914092422333
40416392010690,0.655934225435347
40416425010690,0.604508025364932
40416435010690,0.366501637831787
40416461010690,0.547542026350943
40416473010690,0.178689035050154
40416485010690,0.66086867097893
40416501010690,0.664620562398891
40416545010690,0.679313746081556
40416546010690,0
40416593010690,0
40417303010690,0
40417305010690,0.384610202931869
40417306010690,0.0259083290142847
40417325010690,0.0299247051736949
40417326010690,0.434292695401149
40417327010690,0.752940597872645
40417328010690,0
40417347010690,0.611386539893265
40417349010690,0.545751613257459
40417350010690,0.887385166582506
40417351010690,0.890819673349774
40417367010690,0
40417368010690,0.904039210949237
40417386010690,0
40417387010690,0.788712319373177
40417388010690,0.752439464054041
40417397010690,0.771324156144527
40417398010690,0
40417405010690,0.188310495944452
40417412010690,0.0693164942736178
40417413010690,0.775798241041951
40417414010690,0.519183386215259
40417421010690,0
40417428010690,0
40417431010690,0.646595945086104
40417437010690,0
40417445010690,0
40417448010690,0.859981034204702
40417449010690,0.403788882722845
40417450010690,0.23677162766223
40417454010690,0
40417463010690,0
40417466010690,0.713602032475526
40417468010690,0
40417469010690,0
40417470010690,0.659786353515062
40417474010690,0
40417483010690,0
40417484010690,0
40417486010690,0.290743890271227
40417492010690,0
40417493010690,0
40417540010690,0
40417544010690,0
40417551010690,0
40417553010690,0
40417558010690,0.94324425506824
40417562010690,0
40417563010690,0.133289179243986
40417567010690,0.879173216568136
40417822010690,0
40417851010690,0
40418116010690,0.470316071753819
40418120010690,0
40418131010690,0.301390315662186
40418135010690,0
40418136010690,0.900383354158102
40418138010690,0.360622111964601
40418139010690,0.923033627881874
40418140010690,0.918460420017757
40418142010690,0.921862424385261
40418143010690,0.617382284418278
40418146010690,0
40418147010690,0.598569099124702
40418148010690,0.601553806619607
40418150010690,0.883210072568645
40418155010690,0
40418157010690,0.223753741336479
40418161010690,0.285127643559261
40418168010690,0.898970530362167
40418174010690,0.419045919946807
40418175010690,0.484505557348488
40418183010690,0
40418186010690,0
40418200010690,0.855958335100195
40418201010690,0.343598992790295
40418296010690,0.408772812672716
40418366010690,0.0769199775972745
40418389010690,0.0467199763873419
40418390010690,0.294604832474832
40418412010690,0.0250038692103859
40418428010690,0.906713616414256
40418448010690,0.146939232980407
40418449010690,0.288229417839208
40418472010690,0.0369743388215153
40418510010690,0.844077133443091
40418550010690,0.726510514425274
40418551010690,0
40418568010690,0.436315859056464
40418581010690,0.0367606385183172
40418583010690,0.433255217588805
40418600010690,0
40418617010690,0
40418619010690,0
40418632010690,0
40418734010690,0.656073935172538
40418771010690,0.936890425578223
40418776010690,0.764896077298132
40418801010690,0.397877378965818
40418802010690,0.176862600774398
40418803010690,0
40418804010690,0
40419028010690,0.926500618722154
40419073010690,0.92808345068839
40419143010690,0.333778503877203
40419144010690,0.312865252206406
40419145010690,0.448731005866471
40419146010690,0.253978663816215
40419150010690,0.496720757133795
40419151010690,0
40419179010690,0
40419180010690,0.0976566457319078
40419181010690,0
40419203010690,0.155764551939011
40419216010690,0
40419217010690,0
40419225010690,0
40419226010690,0
40419236010690,0
40419237010690,0.672238318519489
40419247010690,0.647899647726396
40419258010690,0
40419259010690,0.33847200179356
40419269010690,0.679280668597079
40419271010690,0
40419425010690,0
40419427010690,0.0374140088991984
40419429010690,0
40419441010690,0.18244349557535
40419442010690,0.591313194725728
40419665010690,0
40419667010690,0.135898716394537
40419668010690,0
40419669010690,0.624874737284983
40419670010690,0
40419671010690,0.430431479642995
40419674010690,0
40419679010690,0.0912676803654434
40419684010690,0.559242719032514
40419685010690,0
40419689010690,0.543891606516817
40419696010690,0
40419697010690,0.517854819537707
40419698010690,0
40419700010690,0.674359360441913
40419701010690,0.645831180060827
40419702010690,0
40419704010690,0.018981767935172
40419706010690,0.69377303023233
40419710010690,0.0224200269461651
40419719010690,0.724865460234212
40419724010690,0.787711257094271
40419727010690,0
40419730010690,0.473363035256401
40419731010690,0
40419734010690,0.442308834101742
40419735010690,0.249029711049082
40419737010690,0
40419738010690,0
40419746010690,0
40419750010690,0
40419752010690,0.738630788639539
40419753010690,0
40419756010690,0
40419759010690,0
40419760010690,0.329841417181954
40419762010690,0.465855225433209
40419769010690,0
40419770010690,0.133060899801353
40419771010690,0
40419773010690,0
40419794010690,0
40419924010690,0.610425549323713
40419929010690,0
40419930010690,0
40419931010690,0
40420263010690,0
40420560010690,0
40420561010690,0
40420568010690,0.85974328085189
40420571010690,0
40420584010690,0.413186909652672
40420586010690,0
40420591010690,0.675051241405982
40420592010690,0.878079567219077
40420595010690,0
40420596010690,0
40420598010690,0.764428378785561
40420610010690,0
40420611010690,0
40420612010690,0
40420614010690,0.648033686775883
40420617010690,0.889309217576117
40420620010690,0.80556080949628
40420633010690,0
40420634010690,0
40420639010690,0.66149333309128
40420645010690,0
40420647010690,0
40420660010690,0
40420661010690,0
40420662010690,0
40420664010690,0.146163007815949
40420689010690,0
40420690010690,0
40420691010690,0
40420693010690,0.929634167136112
40420697010690,0.480779820007662
40420713010690,0
40420714010690,0
40420715010690,0
40420716010690,0.562210934974368
40420717010690,0
40420720010690,0.137815267479409
40420734010690,0
40420735010690,0
40420738010690,0
40420746010690,0.402474120637377
40420758010690,0
40420765010690,0.836176905377323
40420778010690,0.475640552882295
40420780010690,0
40420794010690,0.0476138434613793
40420796010690,0
40420797010690,0
40420812010690,0.279414732101041
40420813010690,0.900299914867886
40420833010690,0.320054919905971
40420834010690,0.353343618106954
40420835010690,0.557525315963191
40420836010690,0
40420837010690,0.0648364791930172
40420845010690,0.115514473082426
40420846010690,0.486792916756962
40420861010690,0.187217200026321
40420863010690,0.837269987891407
40420880010690,0.743469319348765
40420896010690,0.263755047186252
40420901010690,0.118188343912651
40420910010690,0.193440293093887
40420911010690,0.272772760838097
40420914010690,0.303252426744081
40420924010690,0.900637296364597
40420926010690,0.260844343081702
40420928010690,0.29514394428602
40420944010690,0.950624936755431
40420947010690,0.917445421256701
40420948010690,0.573902383574215
40420961010690,0.202580499517596
40420964010690,0.8289178361156
40420989010690,0.949329382937529
40420995010690,0.814201868864055
40421000010690,0.460465366289412
40421010010690,0.562660598682869
40421011010690,0.492456875064423
40421014010690,0.108271500274005
40421015010690,0.826001620163417
40421022010690,0
40421023010690,0.951417560832321
40421024010690,0.715662696823247
40421030010690,0
40421036010690,0
40421038010690,0
40421040010690,0.59058208996873
40421041010690,0.143676196786714
40421043010690,0
40421044010690,0
40421045010690,0
40421049010690,0
40421062010690,0
40421063010690,0
40421068010690,0
40421071010690,0
40421075010690,0
40421077010690,0.958357836787364
40421079010690,0
40421283010690,0
40421284010690,0
40421286010690,0.019554115176124
40421302010690,0.784707214606701
40421303010690,0
40421305010690,0.760871999531291
40421322010690,0
40421338010690,0.662201899869181
40421339010690,0
40421340010690,0.235406580306504
40421354010690,0.766122452671217
40421355010690,0
40421356010690,0.3600899840808
40421370010690,0.276330267208952
40421371010690,0
40421372010690,0
40421384010690,0.78081163289448
40421385010690,0.313586347113527
40421416010690,0.591940242343932
40421421010690,0.572932273877469
40421422010690,0.104990762240076
40421430010690,0.569481042916604
40421431010690,0.841321550647002
40421434010690,0.450047765343208
40421439010690,0.621039233362507
40421441010690,0.825700164274527
40421444010690,0.956378472175439
40421445010690,0.842553012169184
40421451010690,0.454043062763616
40421454010690,0
40421455010690,0.299085815883706
40421457010690,0.671041750561828
40421463010690,0.866130407472266
40421465010690,0.0299615573082895
40421466010690,0.921597725232566
40421469010690,0.35056356582563
40421470010690,0.0739102769083177
40421472010690,0.34361681723075
40421473010690,0
40421474010690,0
40421476010690,0
40421481010690,0
40421484010690,0
40421486010690,0
40421488010690,0.69163058642684
40421492010690,0
40421495010690,0
40421496010690,0.383042789498303
40421497010690,0.42983901383507
40421498010690,0.467248307476846
40421500010690,0.399961166092511
40421510010690,0.291782064148157
40421513010690,0.819239713268385
40421514010690,0
40421525010690,0.295881626261285
40421529010690,0.825591229183605
40421536010690,0.290307199206549
40421538010690,0.945925791835594
40421563010690,0.51180217340595
40421566010690,0.512421257192568
40421579010690,0
40421581010690,0.599079471588345
40421596010690,0.249791459362861
40421607010690,0.2530307005903
40421609010690,0.728561329556906
40421624010690,0
40421629010690,0.201552068867618
40421640010690,0
40421641010690,0
40421656010690,0
40421676010690,0.582157471904899
40421696010690,0.0569028308183991
40421697010690,0.0526298871190245
40421723010690,0
40421765010690,0.751615663996657
40421766010690,0
40421775010690,0.450720779204979
40421789010690,0
40421791010690,0.300505077777074
40422617010690,0
40422618010690,0
40422619010690,0
40422622010690,0
40422624010690,0
40422625010690,0
40422626010690,0
40422627010690,0
40422630010690,0
40422633010690,0
40422634010690,0
40422640010690,0
40422641010690,0
40422642010690,0
40422644010690,0
40422645010690,0.824779077324563
40422646010690,0.741379206351409
40422648010690,0.43173237302519
40422649010690,0
40422650010690,0.0481136169976401
40422656010690,0
40422657010690,0.249951877823752
40422659010690,0
40422664010690,0.018981767935172
40422665010690,0
40422667010690,0.534507141415787
40422668010690,0.142071083314112
40422669010690,0.260610902446247
40422671010690,0
40422672010690,0.53178830490726
40422674010690,0.404596238697218
40422675010690,0.115049695217684
40422676010690,0.655897458040614
40422678010690,0.637532629622415
40422679010690,0
40422680010690,0
40422682010690,0
40422683010690,0
40422684010690,0.370562601879354
40422687010690,0
40422688010690,0
40422690010690,0.171970307324812
40422692010690,0.255428422561969
40422694010690,0
40422695010690,0
40422697010690,0
40422699010690,0.307741940962483
40422701010690,0.382145098554537
40422702010690,0
40422703010690,0
40422705010690,0
40422706010690,0
40422707010690,0
40422709010690,0.582696469456043
40422710010690,0.834189845559171
40422712010690,0.0224803790586443
40422713010690,0.462415619026067
40422714010690,0
40422717010690,0
40422718010690,0
40422720010690,0
40422721010690,0
40422723010690,0.277302127386945
40422725010690,0.53875773295363
40422726010690,0
40422727010690,0.842278990661415
40422730010690,0
40422733010690,0.577988352578563
40422734010690,0.594335939464079
40422740010690,0.731248215834519
40422741010690,0.147496199259455
40422743010690,0.783816663578774
40422749010690,0
40422752010690,0.605053912509442
40422754010690,0.947763192325135
40422755010690,0
40422756010690,0.855910349851223
40422757010690,0.370552840773826
40422759010690,0
40422765010690,0
40422767010690,0
40422768010690,0.80924130825138
40422769010690,0
40422770010690,0
40422771010690,0.282038732956257
40422775010690,0.787897003932008
40422779010690,0.832560967463471
40422781010690,0.844393411561697
40422783010690,0.0467199763873419
40422785010690,0.745041187128685
40422789010690,0.593081318040648
40422790010690,0.843333317271906
40422791010690,0.761109691509416
40422800010690,0
40422806010690,0
40422807010690,0.494367155388576
40422808010690,0.501967602357347
40422811010690,0.482297818936224
40422813010690,0
40422817010690,0.582932650987986
40422819010690,0.0929431992608461
40422820010690,0.588420536543175
40422821010690,0.666703259566229
40422822010690,0
40422823010690,0.49818695092044
40422824010690,0
40422831010690,0.579485081347307
40422841010690,0
40422842010690,0.741800829022366
40422849010690,0.914763679433284
40422850010690,0
40422852010690,0
40422853010690,0.824178548600955
40422857010690,0.0534823435255287
40422859010690,0.816095251514735
40422861010690,0.577550904368537
40422863010690,0.154933561281315
40422869010690,0.745955210879311
40422872010690,0.867651411949162
40422874010690,0
40422876010690,0.519909710147738
40422881010690,0.398975013418306
40422882010690,0.720520636630797
40422883010690,0
40422885010690,0
40422887010690,0
40422889010690,0
40422891010690,0.439880278206795
40422896010690,0
40422897010690,0
40422898010690,0.432725694788406
40422900010690,0
40422901010690,0
40422902010690,0.255989893347428
40422903010690,0
40422904010690,0
40422905010690,0
40422906010690,0.493288090720547
40422907010690,0.425601792414341
40422910010690,0
40422912010690,0
40422915010690,0
40422921010690,0
40422922010690,0.475549236846455
40422927010690,0
40422928010690,0.171486902992369
40422932010690,0
40422934010690,0.238226413577281
40422935010690,0.350784184043752
40422936010690,0
40422939010690,0.0751926965609576
40422940010690,0.125029251146951
40423063010690,0.874526471356164
40423069010690,0
40423070010690,0
40423237010690,0.301245236996461
40423240010690,0.726824984135725
40423241010690,0.574323328376929
40423552010690,0
40423675010690,0
40423796010690,0
40424742010690,0
40425104010690,0
40425162010690,0
40425165010690,0
46193074020004,0.72988774442026
48337544020004,0.442846004182274
50561701020004,0.827953800413195
50561706020004,0.778399853321023
50561721020004,0.968561833405586
50561752020004,0.713443951154588
50561758020004,0.846945871184613
50561799020004,0.650329661324976
50561826020004,0.90839520532719
50561894020004,0.928204475828172
50561929020004,0.786718093059743
50562367020004,0
50562444020004,0.800185831698095
50562497020004,0.446312213991002
50562531020004,0.462119491703428
50562532020004,0.0285271518863484
50562533020004,0.685951261829642
50562559020004,0.148226569222138
50562648020004,0.568148983912141
51090170020004,0.47041064377701
54824782020004,0
55859937020004,0.286203474403102
188756821020004,0.804121854249996
188756916020004,0.513998382549395
188757142020004,0.767646404819207
188757143020004,0.0875931676428495
188757149020004,0.810341460026616
188757172020004,0.286939806301035
188757231020004,0
188757344020004,0.422255320202303
188757553020004,0
188757590020004,0.177590074729855
188757595020004,0.449985752757226
188758039020004,0.66709346738615
188758292020004,0.23819017983929
188758297020004,0
188758310020004,0.764205510558942
188758318020004,0
188758409020004,0.334297887500651
188758412020004,0.318098526497657
188758414020004,0
188758429020004,0.768610574422017
188758437020004,0.88397711537637
188759172020004,0
188759239020004,0.911253636326333
188759444020004,0.12034912680859
188759502020004,0.209522070390282
188759581020004,0.832935205907015
188759871020004,0.913229327732121
188760061020004,0.100532635211749
188760090020004,0.279942121141575
188760119020004,0
188760176020004,0.980925131308188
188760599020004,0.776769374530794
188760616020004,0
188760658020004,0
188760739020004,0.216614513302648
188761410020004,0.934899344028714
188761599020004,0.595408062934086
188761691020004,0.648938340539999
188761694020004,0.835471994275922
188761713020004,0.100532635211749
188761863020004,0.138774928751872
188762051020004,0.796397517527098
188762281020004,0
188762409020004,0.559601030757439
188762539020004,0
188762565020004,0
188762600020004,0.306787147473037
188762630020004,0
188762640020004,0
188762716020004,0
188762766020004,0
188762780020004,0.245424482362733
188762908020004,0.145263118196969
188763072020004,0.552642052960836
188763073020004,0.734798474095161
188763129020004,0
188763221020004,0
188764124020004,0
188764255020004,0
188764262020004,0
188764268020004,0
188764286020004,0.0469141112025505
188764287020004,0
188764315020004,0
188764326020004,0
188764349020004,0.732399483447328
188764351020004,0
188764358020004,0
188764382020004,0
188764401020004,0.115899464680648
188764433020004,0.379672640862704
188764559020004,0
188764566020004,0
188764908020004,0
188765604020004,0
188765750020004,0
188765791020004,0
188765792020004,0
188765839020004,0
188765864020004,0
188765907020004,0
188766095020004,0.477977623046608
188766150020004,0
188766298020004,0
188766331020004,0
188766527020004,0.0338913800078887
188767075020004,0
188767254020004,0
188767413020004,0
188767437020004,0
188767542020004,0
188767549020004,0
188767623020004,0.170638887888098
188767671020004,0
188767943020004,0.561058740573382
188767956020004,0.713087124037387
188768103020004,0.403429582003088
188768132020004,0
188768983020004,0.587413212284869
188768998020004,0
188769096020004,0
188769109020004,0
188769178020004,0.741027423792752
188769188020004,0
188769475020004,0
188769478020004,0
188769479020004,0
188769480020004,0
188769481020004,0
188769534020004,0
188770240020004,0
188770271020004,0
188770281020004,0
188770370020004,0.183414477892823
188770471020004,0
188770507020004,0
188770510020004,0.0830616154672167
188770529020004,0
188770538020004,0
188770609020004,0
188770614020004,0.535512063190383
188770702020004,0
188770734020004,0.0473293149440701
188770735020004,0.0288215010447317
188770888020004,0
188771047020004,0
188771116020004,0
188771121020004,0
188771243020004,0.530024382762475
188771257020004,0.0274551490620641
188771330020004,0
188771457020004,0
188771503020004,0.151956514002711
188771527020004,0
188771550020004,0.296339457665199
188771565020004,0.182729728332911
188771578020004,0.286907172404221
188771580020004,0
188771582020004,0
188771614020004,0.391361644210296
188771666020004,0.0226675894006885
188771701020004,0
188771859020004,0
188772019020004,0
188772097020004,0
188772123020004,0
188772344020004,0
188772367020004,0.0550665724911143
188772372020004,0
188772380020004,0
188772450020004,0
188772485020004,0
188772501020004,0
188772505020004,0.254652503201521
188772512020004,0
188772661020004,0.538952167831539
188772889020004,0
188772897020004,0
188772906020004,0
188773098020004,0.641008364042729
188773255020004,0
188773326020004,0.0381268090776154
188773332020004,0.268664578158513
188773399020004,0.202357417441979
188773444020004,0
188773663020004,0
188773758020004,0.100412952357951
188773872020004,0
188774219020004,0
188774384020004,0.312006920925698
188774549020004,0
188774675020004,0.192657937702459
188774705020004,0
188781443020004,0.0467199763873419
188782467020004,0.589514911133689
188782500020004,0.442338363133279
188782555020004,0.0736598163044139
188786565020004,0.825933217794677
276307951489998,0.634133661831703
282479222489998,0.338604309045186
354844818489998,0
354844865489998,0.0476138434613793
354844900489998,0
354844905489998,0
354844962489998,0.0224803790586443
354845059489998,0
354845092489998,0
354845121489998,0
354845130489998,0
354845132489998,0
354845147489998,0
354845158489998,0
354845298489998,0
354845316489998,0
354845317489998,0
354845376489998,0
354845603489998,0
354845607489998,0
355904501489998,0
356002801489998,0.0473190279110759
356003028489998,0.592375204581426
356003121489998,0
356003219489998,0
356003222489998,0
356003288489998,0
356003301489998,0.0224803790586443
356003466489998,0.511182759094881
356003467489998,0
356003949489998,0.207441836178893
356003969489998,0
356004462489998,0
431915296489998,0.0526298871190245
431917201489998,0
431917247489998,0
431917504489998,0.843708834226351
431917634489998,0.533492716053367
431917683489998,0
704354785126144,0.633832687170415
