"PLT_CN","predagentWBBB"
14547091020004,0.0620927562067596
14547279020004,0.102154920893656
14547841020004,0.0958665170036871
14548644020004,0.631067953525832
14549194020004,0
14549277020004,0.277594367306074
14550197020004,0.29111956645597
37259363010690,0
37261819010690,0
37261822010690,0
37262457010690,0
37262521010690,0
37262723010690,0
37262966010690,0
37263627010690,0
37263658010690,0
37264348010690,0
37264364010690,0
37264380010690,0
37264427010690,0
37264440010690,0
37271545010690,0
37271546010690,0
37271688010690,0.605655233702844
37271850010690,0.187808726526576
37272720010690,0.407126663330874
37272728010690,0.0587669435347007
37272776010690,0.644950187136586
37272778010690,0.953554911830248
37272790010690,0
37272793010690,0
37272817010690,0.442996962308478
37272820010690,0
37272845010690,0
37272846010690,0
37272865010690,0.658404291373088
37272877010690,0.960668744160655
37272880010690,0.404187921773817
37272883010690,0.538230876103491
37272896010690,0
37272901010690,0.428003139887098
37272905010690,0.0899866905957661
37272906010690,0
37272907010690,0.485886484852998
37272909010690,0.839848145947702
37272910010690,0.714939910929944
37272911010690,0.737671989624008
37272912010690,0
37272958010690,0.228806197454149
37272974010690,0.502443462446393
37272975010690,0.565369974682555
37272982010690,0.483946351310633
37273002010690,0.229768834992762
37273003010690,0
37273004010690,0.634330958759159
37273008010690,0
37273009010690,0.0412639933797308
37273010010690,0
37273015010690,0.52113854174611
37273016010690,0
37273019010690,0
37273020010690,0.600549483671888
37273022010690,0.763228066995283
37273031010690,0.940380173493558
37273032010690,0
37273035010690,0.529543476962142
37273038010690,0
37273039010690,0.464615817964081
37273043010690,0
37273049010690,0
37273052010690,0.849422321873096
37273054010690,0
37273057010690,0.945735170705281
37273061010690,0.48699994296327
37273063010690,0.931048076827753
37273068010690,0
37273069010690,0.0870911097293939
37273072010690,0
37273073010690,0
37273074010690,0
37273092010690,0.491338220458578
37273093010690,0.372435785859129
37273094010690,0
37273097010690,0.0585937595618366
37273101010690,0.0325453971797834
37273105010690,0.296863696351903
37273106010690,0.564763095464759
37273107010690,0.150943029023023
37273108010690,0
37273162010690,0
37273169010690,0.0242893950216611
37273171010690,0.0835052470394184
37273184010690,0.243594276280896
37273185010690,0.791593941619257
37273188010690,0.970795557737184
37273189010690,0
37273195010690,0.943359332836654
37273198010690,0
37273202010690,0.784222400310465
37273203010690,0
37273206010690,0.125216662883782
37273207010690,0
37273214010690,0
37273244010690,0
37273337010690,0.2105907668246
37273355010690,0.622339854731524
37273360010690,0
37273363010690,0
37273364010690,0.780125457486082
37273365010690,0.0521190081830045
37273420010690,0.46501517027196
37273456010690,0
37273462010690,0.792215289615741
37273494010690,0.393306500093485
37273498010690,0
37273502010690,0
37273506010690,0
37273508010690,0
37273527010690,0.0545485077493925
37273528010690,0.606448096248664
37273530010690,0.815629445363083
37273531010690,0
37273532010690,0.723399928861598
37273533010690,0.925984346408249
37273586010690,0.454944157062112
37273587010690,0.196413961685362
37273588010690,0.806577971971835
37273598010690,0.471802220549731
37273620010690,0
37273621010690,0.718336593144545
37273624010690,0
37273625010690,0.0857629880440242
37273627010690,0.240700254467583
37273628010690,0.192131077064416
37273632010690,0.148828162658145
37273641010690,0
37273642010690,0.0478084908325467
37273648010690,0.603160889282658
37273652010690,0.110493781949426
37273655010690,0.0679208292983042
37273656010690,0
37273658010690,0
37273659010690,0
37273662010690,0
37273663010690,0
37273670010690,0
37273671010690,0
37273682010690,0
37273683010690,0
37273685010690,0.544375741561251
37273688010690,0.646829600087598
37273698010690,0.954475615111033
37273699010690,0.128878166094822
37273702010690,0
37273713010690,0
37273721010690,0
37273818010690,0.573477651386411
37273820010690,0
37273822010690,0.199724162794202
37273824010690,0
37273826010690,0
37273828010690,0
37273829010690,0
37273830010690,0
37273833010690,0
37273834010690,0.67421713112109
37273835010690,0
37273838010690,0.88984454492152
37273842010690,0
37273867010690,0
37273868010690,0.332524287490392
37273870010690,0
37273875010690,0.241418975588349
37273923010690,0
37274005010690,0.208908751462729
37274205010690,0
37274206010690,0
37274251010690,0
37274277010690,0
37274280010690,0.746190452308074
37274281010690,0
37274283010690,0.28230967451642
37274284010690,0
37274288010690,0
37274290010690,0
37274291010690,0
37274292010690,0
37274293010690,0.0490597810877953
37274294010690,0
37274295010690,0
37274296010690,0.411576784497389
37274298010690,0.59756505895105
37274305010690,0.0680143727044829
37274306010690,0.101438971558234
37274308010690,0.707023285258615
37274309010690,0.346037023711791
37274310010690,0.767609935893317
37274311010690,0
37274313010690,0
37274314010690,0
37274315010690,0.14768679807944
37274317010690,0.324978371641575
37274318010690,0.801974308135123
37274319010690,0.173326221955819
37274320010690,0.121604653648364
37274321010690,0.494835012346649
37274322010690,0.457438633729365
37274323010690,0.687876047180425
37274324010690,0
37274325010690,0.626371516343049
37274326010690,0
37274327010690,0
37274328010690,0.0564624669481608
37274329010690,0
37274331010690,0.739966110684488
37274333010690,0.513182460405773
37274340010690,0.656587690749869
37274349010690,0
37274352010690,0.630859148610049
37274353010690,0
37274354010690,0.215495394277611
37274355010690,0.955280309495033
37274356010690,0.228523516919857
37274357010690,0.869350601881728
37274358010690,0.709372427445179
37274359010690,0
37274363010690,0
37274417010690,0.545857728878874
37274447010690,0
37274461010690,0
37274462010690,0
37274463010690,0.390487929421803
37274465010690,0
37274467010690,0.496612471481762
37274468010690,0.0325453971797834
37274470010690,0.531845736618813
37274472010690,0.264610790940153
37274473010690,0.160777127921748
37274475010690,0.193468931603844
37274477010690,0
37274505010690,0
37274509010690,0
37274512010690,0
37274517010690,0
37274521010690,0
37274530010690,0.657569885944412
37274533010690,0.0838464465311607
37274535010690,0.0247023439033275
37274538010690,0.499822195107898
37274546010690,0
37274550010690,0.586802600008885
37274554010690,0.313381808960625
37274559010690,0
37274567010690,0.779093423159111
37274576010690,0.591561678891782
37274578010690,0.105301620409266
37274580010690,0.576412245507571
37274585010690,0
37274587010690,0.389342442853477
37274590010690,0
37274596010690,0.783388444142608
37274597010690,0
37274616010690,0.448405607569593
37274618010690,0.64907199801244
37274619010690,0.606675971623055
37274620010690,0.0239649374672405
37274622010690,0.636435667691471
37274623010690,0.0840017738060153
37274625010690,0.0177535349279028
37274626010690,0
37274627010690,0
37274628010690,0
37274629010690,0
37274632010690,0.4658114357261
37274633010690,0.624640740673123
37274634010690,0
37274635010690,0
37274637010690,0.118501737313263
37274639010690,0.304216854344321
37274640010690,0
37274642010690,0.485656898307162
37274643010690,0.617610923428657
37274645010690,0.0770790828614957
37274646010690,0
37274648010690,0.249703583145873
37274649010690,0
37274650010690,0.421082689871298
37274651010690,0
37274652010690,0.441103508905388
37274653010690,0.437910498950704
37274655010690,0
37274657010690,0
37274697010690,0
37274699010690,0
37274702010690,0
37274708010690,0
37274718010690,0.0240825845260641
37274728010690,0.622093601358647
37274733010690,0
37274734010690,0.726743781343875
37274739010690,0
37274746010690,0.189779984359837
37274751010690,0
37274752010690,0
37274753010690,0.0543357477594652
37274755010690,0.471947750803198
37274756010690,0.230913092591176
37274757010690,0
37274759010690,0
37274762010690,0.634964497954987
37274765010690,0.114236453409661
37274769010690,0.782783486688753
37274770010690,0.659227027474809
37274771010690,0.0350851949905675
37274772010690,0
37274779010690,0
37274783010690,0
37274787010690,0
37274818010690,0.491586311460793
37274821010690,0.593779504163331
37274824010690,0
37274825010690,0
37274828010690,0.444114481072216
37274833010690,0
37274838010690,0
37274919010690,0.141045829943205
37274970010690,0.615608913830358
37274971010690,0.705968705650097
37274973010690,0.309364696200617
37274974010690,0.575354517603789
37274975010690,0.0499522667941886
37274977010690,0.0866350035976959
37274985010690,0.136643179682754
37274988010690,0.773992620518643
37274990010690,0.158074623330497
37274992010690,0.811068161706786
37274994010690,0.668360403808112
37275015010690,0.553030573681506
37275017010690,0.511312124190756
37275018010690,0.455120477433771
37275021010690,0.604904263176022
37275024010690,0.477038845887795
37275026010690,0.358591290472183
37275029010690,0.742614374656926
37275030010690,0
37275031010690,0
37275033010690,0.481940404654146
37275141010690,0
37275143010690,0.424597720170742
37275145010690,0
37275147010690,0
37275149010690,0
37275150010690,0.261892873269812
37275151010690,0.472794797344005
37275156010690,0
37275158010690,0
37275159010690,0
37275160010690,0
37275163010690,0
37275165010690,0.0581821304829098
37275166010690,0.518002637836362
37275167010690,0
37275169010690,0
37275194010690,0.640930079554229
37275197010690,0
37275217010690,0
37275237010690,0.065374891989826
37275240010690,0
37275243010690,0
37275255010690,0.0374606369583193
37275416010690,0.659954880635681
37275418010690,0
37275421010690,0
37275426010690,0.0539825143966697
37275439010690,0.0190277093644566
37275441010690,0.482288027870773
37275447010690,0.676516571526715
37275451010690,0.0498808567543948
37275460010690,0
37275471010690,0.0706936595082756
37275487010690,0.636847371755867
37275493010690,0
37275519010690,0.572297654280721
37275521010690,0.182669884916591
37275525010690,0.0594187835144039
37275537010690,0
37275539010690,0.0829459046992994
37275541010690,0.536574636698257
37275543010690,0.626956856330588
37275548010690,0
37275556010690,0
37275574010690,0.456030475974922
37275577010690,0.309175415097485
37275581010690,0.867557658568806
37275582010690,0.854684209795889
37275583010690,0
37275585010690,0.507793585391903
37275586010690,0.623806816552123
37275588010690,0.546962745280611
37275590010690,0
37275591010690,0
37275592010690,0.22992389513866
37275617010690,0.227184381243271
37275638010690,0.553521204632556
37275640010690,0.406626697625762
37275647010690,0.371733151632819
37275665010690,0.346918989947207
37275667010690,0.277472364364573
37275680010690,0.0578130315421069
37275701010690,0.704294264880413
37275703010690,0
37275706010690,0.655211997696349
37275707010690,0
37275710010690,0
37275711010690,0
37275712010690,0
37275717010690,0.481651620826858
37275720010690,0.467585834298365
37275722010690,0.0714443305546165
37275724010690,0
37275727010690,0.150712997901243
37275733010690,0
37275735010690,0
37275738010690,0
37275739010690,0.561662061615575
37275744010690,0.669483410501903
37275751010690,0.781569425247144
37275757010690,0
37275764010690,0
37275774010690,0
37275783010690,0.163448982462023
37275786010690,0.547633743789889
37275787010690,0.435870697025729
37275826010690,0.588356930246047
37275827010690,0.091488394533761
37275828010690,0
37275829010690,0
37275830010690,0
37275831010690,0.0323727405254493
37275832010690,0
37275833010690,0
37275835010690,0
37275858010690,0.705061351269013
37275860010690,0
37275861010690,0.311372225125597
37275862010690,0.645446251997192
37275863010690,0.251972371900239
37275865010690,0.384945211134682
37275866010690,0.252652984056398
37275868010690,0.252299913396352
37275869010690,0.602378578083691
37275872010690,0.266503940165859
37275873010690,0.744627017411164
37275876010690,0
37275882010690,0
37275887010690,0
37275890010690,0.691701488784165
37275896010690,0.27027266526783
37275897010690,0.0391376947200375
37275899010690,0.122822063882306
37275900010690,0
37275901010690,0.595586818692904
37275903010690,0
37275905010690,0
37275909010690,0
37275910010690,0.68083414145875
37275911010690,0.559415193808589
37275914010690,0.766418184793418
37275915010690,0.570910014908589
37275916010690,0.474968228959926
37275917010690,0
37275919010690,0
37275920010690,0.697679564885041
37275929010690,0
37275932010690,0.476036028831073
37275933010690,0.619310923729063
37275937010690,0
37275938010690,0.548014579122835
37275939010690,0
37275940010690,0.377069772331967
37275943010690,0.123620830220388
37275944010690,0
37275946010690,0.65533209341988
37275971010690,0
37275973010690,0
37275994010690,0.797627456160159
37275995010690,0
37275996010690,0
37275998010690,0
37275999010690,0
37276000010690,0.702522527704223
37276001010690,0.504179378160006
37276005010690,0
37276009010690,0.675968234008287
37276015010690,0.129838166404531
37276026010690,0.871735870015843
37276040010690,0
37276084010690,0
37276109010690,0.541942644736082
37276200010690,0.338776973019539
37276205010690,0.663068727873112
37276207010690,0
37276208010690,0.181513491284479
37276212010690,0.0391376947200375
37276213010690,0
37276214010690,0
37276216010690,0.381461829277875
37276217010690,0
37276220010690,0
37276222010690,0.124799706115758
37276224010690,0.037939021035461
37276225010690,0.0149364542754426
37276226010690,0
37276227010690,0.799971164780934
37276228010690,0
37276230010690,0
37276237010690,0.92277881263904
37276258010690,0.289133881910829
37276259010690,0.459699264356571
37276260010690,0.591595398697968
37276263010690,0.797195183049468
37276265010690,0.474818556050625
37276266010690,0.237120737939002
37276268010690,0
37276271010690,0.241527147527268
37276274010690,0.29871365172082
37276279010690,0
37276280010690,0
37276281010690,0
37276283010690,0.632616998775878
37276284010690,0.153820242897032
37276285010690,0
37276288010690,0.889543806387717
37276289010690,0.275292703090946
37276291010690,0.549082298717874
37276295010690,0.482035242441724
37276297010690,0.164926529126968
37277767010690,0.701687250538133
37278373010690,0.277890985497501
39635097010690,0
39635225010690,0
39636209010690,0
39636445010690,0
39636541010690,0
39636552010690,0
39636568010690,0
39636825010690,0
39637217010690,0
39637224010690,0
39637233010690,0.0566752614939863
39637253010690,0
40373716010690,0.104775926648719
40373723010690,0.704097918321594
40374253010690,0.0807382147189711
40374416010690,0.540690068093761
40383822010690,0
40383826010690,0.234526885537258
40383877010690,0
40383878010690,0
40383907010690,0.227426013477867
40384093010690,0.53504109112748
40384928010690,0.657014374197297
40385149010690,0
40385473010690,0
40387890010690,0
40387891010690,0
40387901010690,0
40387903010690,0.422746471968111
40387953010690,0.213122844902876
40387960010690,0
40387961010690,0.449835425536537
40387968010690,0.472068362860796
40387988010690,0
40387991010690,0
40387993010690,0.625142203446247
40387999010690,0
40388002010690,0.505581698734955
40388009010690,0
40388015010690,0
40388037010690,0.893775334510518
40388044010690,0.469950946499603
40388054010690,0.793457779212144
40388056010690,0.830948378127734
40388057010690,0.532210614991402
40388078010690,0.427078426931824
40388082010690,0.562043925082408
40388105010690,0
40388141010690,0.786303908577075
40388151010690,0.774874577818738
40388152010690,0.561166068690664
40388157010690,0.757249335953413
40388176010690,0.7860686644756
40388177010690,0.389879439009835
40388180010690,0.0661599719711534
40388185010690,0.954540778139796
40388186010690,0.979447546234354
40388187010690,0
40388192010690,0.469641117592631
40388193010690,0
40388195010690,0.597173244270912
40388197010690,0.621443544206922
40388201010690,0.0547273218582201
40388202010690,0
40388204010690,0.585786303801716
40388205010690,0
40388206010690,0.936455556700819
40388207010690,0.597264764491585
40388208010690,0
40388213010690,0.559515936789021
40388214010690,0.249474919487677
40388216010690,0
40388217010690,0
40388218010690,0
40388219010690,0.534480502716563
40388221010690,0.406285982062344
40388223010690,0.419386795504962
40388224010690,0
40388234010690,0.832603936441351
40388239010690,0
40388242010690,0
40388243010690,0
40388246010690,0
40388247010690,0
40388249010690,0.0247023439033275
40388252010690,0.50362293598541
40388253010690,0
40388255010690,0
40388271010690,0.841686221741745
40388272010690,0.440798981876292
40388279010690,0
40388283010690,0.393667004319831
40388285010690,0.850064788797533
40388286010690,0
40388289010690,0
40388341010690,0
40388342010690,0
40388343010690,0
40388345010690,0.940737507989206
40388346010690,0
40388356010690,0
40388359010690,0.146216706542116
40388367010690,0
40388369010690,0
40388373010690,0.159875900325577
40388374010690,0
40388379010690,0
40388380010690,0
40388383010690,0
40388385010690,0.49030413960255
40388387010690,0
40388388010690,0.17187257028372
40388428010690,0
40388438010690,0
40388502010690,0.827186826675457
40388526010690,0
40388527010690,0
40388530010690,0.0551440410585246
40388533010690,0.48845136589786
40388534010690,0
40388583010690,0
40388610010690,0.749721475180012
40388613010690,0.539221406247466
40388627010690,0.801557932530504
40388660010690,0.36641741605994
40388664010690,0
40388665010690,0
40388668010690,0
40388670010690,0
40388671010690,0
40388678010690,0
40388686010690,0
40388702010690,0.730621502914994
40388743010690,0
40388756010690,0.706198929900328
40388774010690,0.933046297503974
40388788010690,0
40388789010690,0
40388794010690,0.660810472374445
40388795010690,0.113415708540945
40388797010690,0.497537947468734
40388803010690,0.213511617982639
40388807010690,0.677739263986912
40388808010690,0.422811844000058
40388811010690,0
40388814010690,0.441379380011968
40388823010690,0
40388824010690,0
40388833010690,0.479339985853942
40388835010690,0.139529874782691
40388836010690,0
40388838010690,0
40388845010690,0
40388851010690,0
40388860010690,0
40388885010690,0
40388890010690,0
40389019010690,0.0923231760829356
40389021010690,0.266875603429094
40389022010690,0.726573292254145
40389026010690,0.0334217807200298
40389035010690,0
40389041010690,0
40389045010690,0.341258758755595
40389046010690,0.759493508154937
40389049010690,0.416945397250481
40389052010690,0.366879546178188
40389084010690,0.493552019281142
40389085010690,0.592111111021784
40389099010690,0.0629152616030649
40389113010690,0.0993601761963667
40389117010690,0.793189955090615
40389129010690,0.431128393576324
40389132010690,0.01791637473566
40389139010690,0
40389140010690,0
40389149010690,0
40389150010690,0
40389152010690,0
40389221010690,0.661896357740865
40389225010690,0
40389227010690,0.104040130902394
40389229010690,0.589331011538796
40389230010690,0.524944125832079
40389233010690,0.362724979644533
40389238010690,0.365264507192512
40389240010690,0.744637994309945
40389241010690,0.172894370926039
40389294010690,0
40389303010690,0.660088427132739
40389307010690,0.07428600476058
40389308010690,0.20166815522517
40389309010690,0.499895661203832
40389316010690,0.371568650139041
40389323010690,0.597653671227534
40389328010690,0.105664298222353
40389330010690,0.259780990711133
40389331010690,0.605600220599622
40389362010690,0.514573669929474
40389363010690,0
40389365010690,0.0481583520189349
40389367010690,0.762768428111693
40389368010690,0.19221872287211
40389370010690,0
40389371010690,0
40389373010690,0
40389379010690,0
40389383010690,0
40389386010690,0.60022894382199
40389392010690,0.0254272842561636
40389393010690,0.28246700080024
40389395010690,0
40389400010690,0
40389408010690,0
40389413010690,0
40389418010690,0
40389419010690,0
40389421010690,0.0401721725052492
40389422010690,0
40389423010690,0
40389424010690,0
40389465010690,0.527475349786227
40389468010690,0.366115427891033
40389471010690,0.643769669116459
40389472010690,0.0974760643265652
40389476010690,0.390256170742316
40389477010690,0
40389479010690,0.428666401839192
40389482010690,0.135425019284733
40389483010690,0.472263320950858
40389484010690,0.141606836532505
40389496010690,0.158475806267594
40389497010690,0
40389498010690,0.233318724893704
40389499010690,0.453508058238914
40389500010690,0
40389503010690,0.705275156289216
40389504010690,0.333625917939332
40389505010690,0.376223474000309
40389506010690,0
40389507010690,0
40389508010690,0.475500677151212
40389510010690,0.508281783001225
40389511010690,0.595183770547015
40389512010690,0
40389514010690,0.391448316326802
40389515010690,0.462429354345166
40389516010690,0
40389519010690,0.231583510533775
40389520010690,0
40389521010690,0.749451878772202
40389524010690,0.895211024660569
40389526010690,0
40389529010690,0
40389533010690,0
40389534010690,0.737828364205871
40389536010690,0.946383193240174
40389579010690,0.853880723730106
40389613010690,0
40389616010690,0.607282716200589
40389620010690,0.189359458606379
40389623010690,0
40389668010690,0
40389672010690,0.231088401390295
40389677010690,0.34548344974839
40389678010690,0
40389691010690,0.381228852532382
40389696010690,0.768453530775079
40389697010690,0.0149364542754426
40389710010690,0
40389714010690,0.0237627570076383
40389715010690,0.0325453971797834
40389721010690,0.0913126468425136
40389766010690,0.662671530102827
40389770010690,0.59653546323576
40389806010690,0.508659224578738
40389815010690,0
40389862010690,0
40389868010690,0.486475900204631
40389869010690,0
40389877010690,0.0231348974200765
40389879010690,0.34225017947164
40389887010690,0.729632161910154
40389889010690,0.0401721725052492
40389893010690,0.462208405935893
40389895010690,0.150696384009777
40389896010690,0
40389897010690,0.298083486133104
40389898010690,0.0539825143966697
40389899010690,0
40389904010690,0
40389905010690,0.23441466927295
40389906010690,0.469133939175301
40389907010690,0.438988229608687
40389911010690,0
40389914010690,0
40389915010690,0
40389935010690,0.726709539748345
40389939010690,0
40389940010690,0.0709970263044356
40389946010690,0.2774702666093
40389947010690,0.52511419422168
40389953010690,0.774904953461059
40389957010690,0.946891022105427
40389958010690,0.583165739912206
40389959010690,0.147154489671642
40389960010690,0
40389961010690,0.146016872730971
40389962010690,0
40389970010690,0.656487774312574
40389974010690,0.381344126864397
40389976010690,0.571393774830611
40389977010690,0
40389978010690,0.622889542638474
40389983010690,0.807624362874604
40389985010690,0.668012968959914
40389987010690,0.160369989359284
40389991010690,0.197433865284624
40389992010690,0.67855678430218
40389993010690,0.488686799304248
40389996010690,0
40390004010690,0.718428146523715
40390005010690,0.910308344675863
40390016010690,0.116429709757037
40390017010690,0.701327634742506
40390021010690,0
40390023010690,0
40390027010690,0
40390030010690,0
40390040010690,0
40390049010690,0.57844180528693
40390051010690,0.146484985603625
40390052010690,0
40390058010690,0.255704384510615
40390077010690,0
40390090010690,0.598963739249794
40390091010690,0.537845398002506
40390096010690,0
40390097010690,0.527336112827133
40390103010690,0.620668531605128
40390104010690,0.420603480824928
40390105010690,0.350059851989387
40390106010690,0.163993296476626
40390107010690,0.109127157381674
40390108010690,0
40390192010690,0.121186372427647
40390212010690,0.470855480214548
40390213010690,0
40390214010690,0.480667081237568
40390215010690,0
40390217010690,0
40390218010690,0.274333728674551
40390220010690,0
40390221010690,0
40390222010690,0
40390223010690,0.192941086907228
40390224010690,0
40390226010690,0
40390227010690,0
40390230010690,0
40390233010690,0
40390234010690,0
40390235010690,0
40390237010690,0.761670762143217
40390248010690,0
40390249010690,0
40390253010690,0
40390262010690,0
40390265010690,0
40390266010690,0
40390308010690,0.392364922388555
40390309010690,0.33980660721791
40390310010690,0.0901261655458419
40390311010690,0.765554932106603
40390312010690,0.866542255762255
40390313010690,0.495828252578054
40390314010690,0.849510976063283
40390316010690,0
40390319010690,0.675273265835395
40390321010690,0.472170269498434
40390322010690,0.572391929206957
40390324010690,0.676444783731736
40390325010690,0.197699157396038
40390326010690,0.677016246837356
40390328010690,0
40390330010690,0.421381305883501
40390332010690,0.707671656252675
40390333010690,0.374501955491184
40390334010690,0
40390335010690,0.128878166094822
40390337010690,0.051983352019663
40390339010690,0.0484821825418314
40390341010690,0.776039167745772
40390342010690,0.705173439474624
40390343010690,0.789657144779704
40390346010690,0.420013124833857
40390349010690,0.714492338881443
40390357010690,0.232413724626119
40390360010690,0.633515993467137
40390361010690,0.76000708626666
40390371010690,0
40390374010690,0.49650945475778
40390382010690,0
40390393010690,0
40390394010690,0.847155017905121
40390402010690,0
40390403010690,0
40390411010690,0.123932058478143
40390415010690,0
40390417010690,0
40390418010690,0.418659869117359
40390419010690,0
40390420010690,0
40390421010690,0
40390422010690,0
40390426010690,0.557225038132402
40390435010690,0.067159231015668
40390436010690,0.0537520122583105
40390437010690,0.522819296860913
40390440010690,0.0707939220166964
40390441010690,0
40390442010690,0
40390443010690,0.589741802295446
40390446010690,0.812955919598727
40390447010690,0.063504198573659
40390448010690,0
40390449010690,0.653171949729551
40390450010690,0.460912460276417
40390452010690,0
40390455010690,0
40390456010690,0.478217004460142
40390457010690,0.827173672122257
40390458010690,0.491739505713097
40390459010690,0.394143522542672
40390460010690,0
40390461010690,0.612838330328491
40390462010690,0.784587314684018
40390464010690,0
40390468010690,0.48763136020345
40390469010690,0.431601021342202
40390470010690,0.704596931038298
40390472010690,0
40390473010690,0.21872608919415
40390474010690,0.468591573211827
40390475010690,0.200956616591444
40390480010690,0
40390481010690,0.647541802679421
40390482010690,0.178576806970513
40390483010690,0.0982353176767828
40390484010690,0.718903575879988
40390488010690,0
40390489010690,0.0341433372218423
40390491010690,0.132399783339519
40390494010690,0.591377216843404
40390495010690,0.829751778870706
40390497010690,0.0794863552875339
40390508010690,0.559758259331889
40390515010690,0.522475789182313
40390518010690,0
40390519010690,0
40390520010690,0.187583102592162
40390524010690,0.35664643148533
40390525010690,0.63550850013625
40390529010690,0.0227205665073138
40390530010690,0
40390531010690,0
40390534010690,0.455811884241221
40390535010690,0.156639384486873
40390538010690,0.347238879493731
40390539010690,0.424852336343605
40390541010690,0
40390544010690,0.253146935329945
40390545010690,0.559995004177274
40390546010690,0.745204128557943
40390547010690,0
40390548010690,0
40390550010690,0.347431562297991
40390551010690,0
40390553010690,0.801725578378136
40390555010690,0.28412701842525
40390560010690,0.705537082379358
40390563010690,0
40390566010690,0.350293059192478
40390568010690,0
40390569010690,0.105177223909632
40390572010690,0.39489177577166
40390573010690,0
40390577010690,0.206998712133851
40390578010690,0.134272487043085
40390630010690,0
40390636010690,0
40390640010690,0
40390643010690,0
40390644010690,0
40390668010690,0.922244306010711
40390669010690,0.0463339218691717
40390680010690,0
40390692010690,0
40390710010690,0.606512143285137
40390714010690,0.721708179936344
40390715010690,0
40390716010690,0.375017131740107
40390717010690,0.554014506089672
40390723010690,0.0422990281578381
40390726010690,0.425268751821163
40390727010690,0
40390729010690,0.359216295477484
40390732010690,0.444330300580392
40390734010690,0.201168965604599
40390736010690,0
40390737010690,0
40390741010690,0
40390745010690,0
40390747010690,0.529190053716804
40390749010690,0.0523150334330664
40390756010690,0
40390757010690,0.710700611278862
40390759010690,0
40390770010690,0
40390771010690,0.566679390674167
40390773010690,0.40093974225002
40390776010690,0.777426495273496
40390778010690,0
40390781010690,0.924400186290768
40390789010690,0.581846873380803
40390790010690,0.692828456919323
40390791010690,0.716952091262572
40390796010690,0.404215068165376
40390802010690,0.622616567978347
40390805010690,0.0988625291411865
40390806010690,0.519940279479898
40390810010690,0.43526237513862
40390816010690,0
40390823010690,0
40390830010690,0
40390833010690,0.275758048856936
40390834010690,0.539270607865592
40390835010690,0
40390839010690,0
40390845010690,0.153590961723823
40390846010690,0.728312175199602
40390848010690,0
40390849010690,0
40390852010690,0.737915178743197
40390856010690,0.727911270439383
40390925010690,0.14796398821154
40390926010690,0
40390969010690,0
40391309010690,0.761612454543792
40391329010690,0.779335757267447
40391330010690,0
40391331010690,0.056105386174072
40391335010690,0
40391346010690,0
40391348010690,0
40391349010690,0
40391355010690,0.0648162394904406
40391356010690,0
40391358010690,0
40391360010690,0
40391363010690,0.091488394533761
40391365010690,0.50698600139033
40391370010690,0
40391371010690,0.431806792605801
40391373010690,0
40391374010690,0.0162628221198161
40391375010690,0
40391378010690,0.898607997825979
40391380010690,0
40391382010690,0.768015689385234
40391383010690,0.757292239665893
40391384010690,0.158362430034752
40391385010690,0
40391387010690,0.57404296532027
40391388010690,0.482473451759282
40391389010690,0
40391390010690,0.610624388088764
40391391010690,0.64887792102336
40391393010690,0.37252516683564
40391394010690,0
40391395010690,0
40391396010690,0.521777549040982
40391397010690,0.497517607098411
40391398010690,0
40391401010690,0.380900213026113
40391402010690,0.632311523953927
40391405010690,0.498660516242741
40391406010690,0
40391409010690,0.595329927198847
40391421010690,0.362145066072834
40391423010690,0
40391425010690,0.732156258448697
40391484010690,0.224565549458724
40391486010690,0.109073352351524
40391491010690,0
40391493010690,0.216332752521838
40391497010690,0.51638903383496
40391503010690,0.0704280481551945
40391504010690,0.622636244346589
40391505010690,0
40391510010690,0.0996116715271546
40391511010690,0
40391512010690,0.295733179781772
40391513010690,0.0325453971797834
40391514010690,0.325033401581084
40391516010690,0.630702548724981
40391517010690,0.575848248240705
40391519010690,0
40391520010690,0.728383810547817
40391521010690,0.764914018428442
40391522010690,0
40391523010690,0.322459233085838
40391525010690,0.500016556462757
40391528010690,0
40391529010690,0.396136329009236
40391531010690,0.0882384057184696
40391538010690,0.0610828703216385
40391541010690,0.510395081101668
40391543010690,0.507455725874923
40391544010690,0
40391545010690,0
40391547010690,0.124794024297667
40391548010690,0.437230782958012
40391553010690,0.205219582431295
40391555010690,0.452728333275784
40391556010690,0.538625363636317
40391559010690,0.13878898626845
40391561010690,0
40391563010690,0.304000880754872
40391564010690,0
40391568010690,0
40391570010690,0
40391571010690,0
40391572010690,0.350894468771435
40391574010690,0.113664652675641
40391575010690,0.112558274752546
40391576010690,0.0643254344004363
40391577010690,0
40391579010690,0.92827142309414
40391580010690,0
40391581010690,0.544343950356715
40391582010690,0.423163106689212
40391583010690,0.370514187737781
40391584010690,0.580778966242987
40391586010690,0.0359119394415364
40391587010690,0
40391588010690,0
40391589010690,0
40391591010690,0.049925115116481
40391594010690,0.934641034765565
40391596010690,0
40391597010690,0.575984785386999
40391600010690,0
40391604010690,0.0247023439033275
40391605010690,0.39302518294874
40391606010690,0.764130141016358
40391611010690,0.290829315032205
40391738010690,0
40391858010690,0
40391907010690,0
40391964010690,0
40392054010690,0
40392081010690,0.414167995492819
40392092010690,0.524336891933057
40392288010690,0
40392304010690,0.709555490407362
40392325010690,0.883674030462397
40392326010690,0
40392370010690,0
40392416010690,0
40392468010690,0.667359286973014
40392477010690,0.756847092550612
40392639010690,0
40392663010690,0
40392961010690,0
40392969010690,0
40393291010690,0.105434489954331
40393452010690,0.754220265226381
40393573010690,0
40393576010690,0
40393602010690,0
40393651010690,0.386621318816059
40393864010690,0.425464065517207
40393865010690,0
40393868010690,0
40393870010690,0.10504869965313
40393872010690,0.0302837931517844
40393874010690,0.112000648637277
40393876010690,0
40393879010690,0
40393881010690,0
40393882010690,0
40393883010690,0.445221633085482
40393885010690,0.363059583142858
40393888010690,0
40393890010690,0.743930905644983
40393891010690,0
40393894010690,0.344684245929286
40393902010690,0
40393908010690,0
40393912010690,0
40393916010690,0.575030775200488
40393919010690,0.712942602324876
40393933010690,0
40393937010690,0.740381247702277
40393947010690,0
40393952010690,0
40393974010690,0
40393977010690,0.543624527536593
40393978010690,0.245847403299611
40393986010690,0.409178114940173
40394192010690,0
40394201010690,0.115291773213302
40394204010690,0
40394238010690,0
40394245010690,0
40394250010690,0
40394255010690,0
40394264010690,0.721389211830943
40394265010690,0
40394391010690,0.119614294929394
40394392010690,0
40394394010690,0
40394474010690,0
40394659010690,0
40394660010690,0
40394664010690,0
40394666010690,0
40394667010690,0.0255717804969698
40394668010690,0.529087514903628
40394669010690,0
40394670010690,0
40394804010690,0
40394805010690,0.719251007431913
40394806010690,0.236110587357249
40394810010690,0
40394811010690,0
40394812010690,0
40394813010690,0.466495816226554
40394814010690,0
40394816010690,0.223590209505908
40394818010690,0.608648852657623
40394821010690,0.105434489954331
40394822010690,0.457683511552138
40394824010690,0
40394827010690,0.650964397647678
40394828010690,0.529495837189678
40394829010690,0.297792216232199
40394830010690,0.645335953638248
40394832010690,0.326355280966717
40394833010690,0
40394834010690,0
40394835010690,0.276562698665575
40394838010690,0.710606111071452
40394839010690,0.449004870858166
40394841010690,0.277096196130623
40394842010690,0.154508693355381
40394846010690,0.137419679304279
40394847010690,0.120276227740401
40394850010690,0
40394851010690,0.498242274080925
40394853010690,0.530305109407724
40394854010690,0.697075742070951
40394857010690,0.767005301845985
40394858010690,0
40394861010690,0.575505773068331
40394862010690,0.778481334972285
40394863010690,0.782026035005667
40394866010690,0.163756057486923
40394867010690,0.160314087385064
40394870010690,0.746240817905962
40394872010690,0.602242535645259
40394873010690,0
40394876010690,0.209811720805231
40394878010690,0
40394879010690,0
40394880010690,0
40394881010690,0.0986091263996006
40394884010690,0
40394887010690,0.229198022905799
40394888010690,0.401556448084665
40394889010690,0.493567354757531
40394890010690,0.293787586585386
40394892010690,0.589671493515315
40394893010690,0.22070377259282
40394894010690,0.303311814238932
40394896010690,0.780895543166298
40394897010690,0.51024481173533
40394898010690,0.576521138621011
40394899010690,0
40394901010690,0.664557999326026
40394903010690,0
40394904010690,0
40394905010690,0
40394907010690,0.501230647681435
40394908010690,0.701380772419146
40394909010690,0.531792288034665
40394910010690,0.104225305508979
40394912010690,0.74440294545825
40394913010690,0.0394223161987732
40394914010690,0
40394915010690,0.738293827686641
40394952010690,0.647897218770064
40394954010690,0.632249370266136
40394955010690,0.12586828803761
40394956010690,0.0626122570422006
40394957010690,0
40394958010690,0.277977918718686
40394959010690,0
40394961010690,0.60018058621634
40394962010690,0.49347019952296
40394967010690,0.853378081194006
40394968010690,0.873948524624918
40394969010690,0.734727266005901
40394971010690,0.870988036086707
40394972010690,0
40394973010690,0.128878166094822
40394974010690,0
40394978010690,0.953484637356404
40394979010690,0.569171832691427
40394980010690,0
40395095010690,0.689754168435125
40395117010690,0.63665270869065
40395133010690,0.51155496345545
40395137010690,0
40395143010690,0.0337372755408931
40395146010690,0.0200492051173726
40395153010690,0
40395179010690,0
40395188010690,0.356362486451808
40395190010690,0.783562434130608
40395192010690,0
40395198010690,0
40395201010690,0.356848605060842
40395203010690,0.472019307673751
40395205010690,0
40395207010690,0
40395208010690,0.67855095974398
40395209010690,0.835361453364718
40395210010690,0
40395214010690,0
40395278010690,0
40395281010690,0.500859920013868
40395284010690,0.694857565284934
40395289010690,0
40395292010690,0
40395293010690,0.0177535349279028
40395307010690,0
40395308010690,0
40395311010690,0
40395325010690,0
40395328010690,0.119082224686349
40395333010690,0
40395338010690,0.0272158681282291
40395340010690,0
40395342010690,0.384696185740433
40395345010690,0
40395346010690,0
40395358010690,0.710203143366851
40395363010690,0.510727806312796
40395366010690,0.0335360047247869
40395370010690,0.792159055654548
40395371010690,0.0149364542754426
40395376010690,0.469144022762773
40395382010690,0
40395385010690,0.497096458037437
40395388010690,0.629388823695739
40395390010690,0.392499915845103
40395391010690,0
40395393010690,0.716392636650389
40395394010690,0.489401301166099
40395396010690,0
40395400010690,0.250303266443339
40395403010690,0.471836886908309
40395415010690,0
40395417010690,0
40395419010690,0.581815333288412
40395420010690,0.141206139157259
40395424010690,0.172062626355938
40395425010690,0
40395429010690,0
40395431010690,0
40395438010690,0
40395440010690,0
40395442010690,0
40395446010690,0
40395448010690,0
40395457010690,0.626971071009094
40395461010690,0.287045266187773
40395498010690,0.566697993636343
40395499010690,0.23441466927295
40395501010690,0
40395504010690,0.0631902234975685
40395507010690,0.382186704539536
40395508010690,0.684511190740222
40395509010690,0
40395511010690,0.225203704631714
40395512010690,0.268147826964488
40395513010690,0.497565816882322
40395515010690,0.65374640212814
40395516010690,0
40395517010690,0
40395519010690,0.259896642947613
40395522010690,0
40395523010690,0
40395524010690,0.823065194739363
40395525010690,0.755623915420806
40395526010690,0.0539784545755834
40395527010690,0
40395528010690,0.0287833514008463
40395529010690,0.0302837931517844
40395530010690,0
40395531010690,0.0610828703216385
40395532010690,0
40395534010690,0
40395535010690,0
40395538010690,0.899477173960685
40395540010690,0
40395543010690,0
40395544010690,0.545707923187041
40395546010690,0.129179640950831
40395550010690,0
40395552010690,0
40395555010690,0
40395558010690,0.090967339710634
40395560010690,0
40395561010690,0.832669110867704
40395563010690,0.0997357255948067
40395565010690,0
40395566010690,0.479415356734313
40395567010690,0
40395568010690,0
40395573010690,0.255662347152527
40395574010690,0
40395575010690,0.25688441412451
40395576010690,0
40395646010690,0.0427237904850265
40395653010690,0.728083845406377
40395661010690,0.412026387265361
40395665010690,0.780138343679693
40395667010690,0.20643332866901
40395677010690,0.575550337639142
40395679010690,0.948003355776318
40395682010690,0
40395688010690,0.28749800509811
40395692010690,0
40395694010690,0.463710633568788
40395696010690,0.171344339348966
40395701010690,0
40395705010690,0.890965709021621
40395706010690,0.695591770936024
40395707010690,0.0629836491348641
40395711010690,0
40395713010690,0
40395715010690,0
40395720010690,0.332742022310725
40395724010690,0
40395725010690,0.0858059758658831
40395727010690,0
40395730010690,0
40395731010690,0
40395739010690,0
40395741010690,0.097424556455885
40395752010690,0
40395757010690,0.0232915308310332
40395759010690,0.393943555354654
40395760010690,0.749825001051037
40395764010690,0.575868363209163
40395765010690,0
40395771010690,0
40395772010690,0.227186616053574
40395775010690,0.739538845100577
40395780010690,0.460891678025583
40395781010690,0
40395783010690,0
40395784010690,0
40395788010690,0
40395789010690,0
40395792010690,0
40395794010690,0.555226818301657
40395798010690,0
40395801010690,0.117553910588079
40395802010690,0.720899264147027
40395803010690,0.0427344311425121
40395804010690,0.456169596545175
40395807010690,0
40395809010690,0.380981285473761
40395812010690,0.113411618069399
40395816010690,0.651030217330596
40395817010690,0.234116035676705
40395829010690,0
40395832010690,0
40395834010690,0
40395836010690,0.738694249772144
40395837010690,0.0371779345237088
40395840010690,0.449649235258024
40395886010690,0
40395890010690,0.33878536559156
40395891010690,0
40395911010690,0.624466913889766
40395916010690,0.579128232663262
40395917010690,0.29262667754427
40395919010690,0.23441466927295
40395920010690,0.876639382131474
40395921010690,0.639422735615435
40395924010690,0.111163540477094
40395925010690,0
40395927010690,0.454794261847712
40395928010690,0.71661254668714
40395929010690,0.773611909927835
40395932010690,0.540928135839422
40395933010690,0.26687104363499
40395939010690,0.779429036577483
40395940010690,0
40395941010690,0.866001991291215
40396046010690,0
40396095010690,0.925336323618122
40396100010690,0.507191513815307
40396101010690,0.24180354285986
40396105010690,0.100591455571974
40396199010690,0.719410913096909
40396200010690,0.559731724512526
40396202010690,0
40396203010690,0.493242817900075
40396204010690,0.0493238382062528
40396206010690,0.817641496594812
40396207010690,0.459439682087832
40396210010690,0
40396211010690,0
40396218010690,0
40396219010690,0.453346895822787
40396229010690,0
40396234010690,0.14895535558617
40396236010690,0
40396237010690,0
40396239010690,0
40396242010690,0.125542579224386
40396245010690,0.909853588389632
40396248010690,0.730215510907059
40396249010690,0.0247023439033275
40396253010690,0.26071362022237
40396296010690,0.607847221775664
40396300010690,0.376525831193955
40396301010690,0.567123653128667
40396303010690,0
40396304010690,0.74310827744603
40396312010690,0.177340584559378
40396314010690,0
40396318010690,0
40396319010690,0
40396322010690,0.104633592912232
40396325010690,0.577932392474132
40396327010690,0.066704435132452
40396336010690,0.638393310614102
40396337010690,0
40396345010690,0.54662939792995
40396349010690,0
40396557010690,0.548523922134602
40396562010690,0
40396568010690,0
40396570010690,0.0244089976187233
40396571010690,0
40396573010690,0.76167088950469
40396574010690,0
40396575010690,0
40396576010690,0
40396577010690,0
40396578010690,0
40396580010690,0
40396582010690,0
40396584010690,0.22620850294143
40396586010690,0
40396591010690,0
40396593010690,0
40396596010690,0
40396612010690,0.482099040986236
40396659010690,0
40396667010690,0.476001722237097
40396669010690,0.723216554384708
40396670010690,0.108909977126705
40396704010690,0.718425808226797
40396717010690,0.597855242233508
40396743010690,0.691831941202059
40396744010690,0
40396745010690,0.733133705827773
40396751010690,0
40396795010690,0.23621904097998
40396973010690,0
40397100010690,0.945333697028713
40397259010690,0.0819431754992127
40397526010690,0
40397527010690,0
40397560010690,0
40397603010690,0
40397660010690,0.0876782778279197
40397719010690,0.726352014513172
40397821010690,0
40397868010690,0.0156837707364169
40397898010690,0
40397938010690,0
40397962010690,0.44395862281154
40397997010690,0.551990447523043
40398260010690,0
40398406010690,0.0801865528203704
40402450010690,0
40402542010690,0
40402574010690,0
40403544010690,0
40403548010690,0
40403765010690,0
40403775010690,0
40403821010690,0
40403859010690,0
40403863010690,0
40403870010690,0
40403874010690,0
40403949010690,0
40404151010690,0
40404228010690,0
40404246010690,0
40404517010690,0
40404525010690,0
40404532010690,0
40404539010690,0
40404542010690,0
40404548010690,0
40404730010690,0
40404738010690,0.017838929306961
40404821010690,0.771752634137255
40404822010690,0.786362030079866
40404827010690,0.826543879790356
40404837010690,0.958438602022879
40404838010690,0
40404844010690,0.878354866884162
40404845010690,0
40404864010690,0.512138499049494
40404866010690,0.450312673178574
40404876010690,0.421766699142872
40404879010690,0.858044650358746
40404893010690,0.820134680368989
40404894010690,0.264098316059558
40404925010690,0.404779410795661
40404930010690,0.43467455485849
40404940010690,0.846907151423844
40405148010690,0.577889091155988
40405171010690,0.832604680804247
40405267010690,0.908138448123226
40405275010690,0.724352184913452
40405277010690,0.840844713850239
40405278010690,0.90299954543853
40405283010690,0.613527786017771
40405284010690,0.86019237041344
40405289010690,0.724123170528458
40405290010690,0.928513474927859
40405307010690,0
40405309010690,0.634763953602272
40405310010690,0.574230274997693
40405314010690,0.460339416886096
40405320010690,0.0231348974200765
40405323010690,0.0745403277677197
40405328010690,0.375675645613588
40405330010690,0.66644826631176
40405338010690,0.684736048500661
40405339010690,0.908722644928831
40405343010690,0.169278555077563
40405345010690,0.762401881800281
40405346010690,0.641599049452447
40405347010690,0.805522948805897
40405376010690,0.651225215973988
40405378010690,0.587121239767462
40405486010690,0.647281678297904
40405490010690,0.233093709709115
40405495010690,0.459180746365965
40405617010690,0.403854206526584
40405621010690,0.0325453971797834
40405622010690,0.854389606428346
40405623010690,0
40405625010690,0
40405626010690,0.933537749043929
40405629010690,0.0433510524354146
40405630010690,0.0539825143966697
40405633010690,0.67603321182033
40405634010690,0.730859151001342
40405644010690,0.863142743323318
40405650010690,0.0341444202178412
40405670010690,0.129370471321612
40405708010690,0.55504843606095
40405729010690,0.678159646479084
40405737010690,0
40405739010690,0
40405749010690,0
40405767010690,0
40405768010690,0
40405792010690,0.145162613811202
40405797010690,0.570254816975506
40405798010690,0
40405806010690,0
40405807010690,0
40405815010690,0
40405821010690,0.78938922216638
40405822010690,0
40405828010690,0
40405835010690,0
40405871010690,0
40405877010690,0
40405903010690,0
40405993010690,0
40406005010690,0
40406042010690,0.265013023974325
40406044010690,0.481441901862041
40406045010690,0
40406048010690,0.0246524374672405
40406049010690,0
40406059010690,0
40406070010690,0
40406090010690,0
40406100010690,0
40406101010690,0
40406265010690,0.0676006410930776
40406266010690,0
40406270010690,0.622159823353263
40406272010690,0.491265727689935
40406274010690,0.01791637473566
40406277010690,0.652986617262193
40406280010690,0.414842489131328
40406284010690,0.494651471018279
40406287010690,0.261318037134395
40406293010690,0.643677977544908
40406297010690,0.620409796076527
40406298010690,0.596523296638175
40406299010690,0.922765970789469
40406300010690,0.373688820725095
40406301010690,0.604288087869236
40406302010690,0.65288331535029
40406304010690,0.30057333798229
40406305010690,0.854227178749774
40406306010690,0.353338801888122
40406308010690,0
40406319010690,0.623301084903249
40406323010690,0.806594053426939
40406382010690,0
40406383010690,0.155352878919851
40406385010690,0.767747893450615
40406509010690,0.791297896606742
40406654010690,0.739067004211326
40406656010690,0
40406657010690,0.613423243259058
40406662010690,0
40406663010690,0.68150331362182
40406664010690,0
40406669010690,0.091488394533761
40406672010690,0.877702082659336
40406673010690,0
40406675010690,0
40406676010690,0.760511522037964
40406677010690,0
40406679010690,0.925365937442496
40406680010690,0.659916478299081
40406681010690,0
40406687010690,0
40406691010690,0
40406695010690,0.452456702910761
40406696010690,0
40406697010690,0
40406705010690,0
40406707010690,0
40406708010690,0
40406709010690,0
40406711010690,0.656227730104321
40406719010690,0
40406722010690,0
40406723010690,0.346379046480014
40406727010690,0
40406733010690,0.725555835709
40406740010690,0
40406750010690,0.0533442183289873
40406752010690,0
40406758010690,0.143524546234923
40406765010690,0.777167036987883
40406769010690,0.256399943469018
40406771010690,0.103287167890157
40406780010690,0.559144895107753
40406789010690,0.689711221104697
40406794010690,0.481817044332587
40406795010690,0
40406799010690,0.532788841104882
40406812010690,0.681936169557646
40406817010690,0.748323975202264
40406818010690,0.106512079481533
40406826010690,0.767051933611703
40406833010690,0.752953993186062
40406835010690,0
40406839010690,0.380714565256086
40406842010690,0.0957530678637178
40406848010690,0.0239649374672405
40406850010690,0
40406851010690,0.238836238207864
40406852010690,0
40406853010690,0.785491926756017
40406855010690,0
40406861010690,0
40406866010690,0.159067308182426
40406873010690,0
40406952010690,0.0189931416002564
40406976010690,0.823645647346124
40406978010690,0.0510372842020696
40406986010690,0
40406999010690,0.138392224409616
40407005010690,0.554279301931312
40407006010690,0
40407012010690,0
40407022010690,0.0658768408013165
40407024010690,0.0605098523524887
40407027010690,0
40407032010690,0
40407033010690,0.293901998296872
40407035010690,0
40407036010690,0.0346994730804921
40407044010690,0.537177163540483
40407046010690,0.296686205136308
40407051010690,0.834815275155414
40407057010690,0
40407060010690,0.796480708497808
40407064010690,0
40407065010690,0.361740992990165
40407071010690,0
40407077010690,0
40407079010690,0.416458838664805
40407080010690,0.50123114919025
40407096010690,0.779257856482263
40407101010690,0
40407109010690,0.729816463805901
40407115010690,0.15867394461116
40407123010690,0
40407124010690,0.74723156452335
40407125010690,0.437509076302295
40407131010690,0
40407172010690,0.562551110104058
40407180010690,0.853703779158261
40407183010690,0.0625913392559386
40407529010690,0
40407530010690,0
40407532010690,0
40407533010690,0
40407534010690,0
40407535010690,0
40407537010690,0
40407538010690,0
40407540010690,0.490749752747395
40407542010690,0
40407544010690,0.728603124426292
40407545010690,0.284073300011836
40407547010690,0
40407548010690,0.769572829865893
40407550010690,0.460555329079085
40407551010690,0.557613322337683
40407554010690,0.401940292490066
40407557010690,0
40407560010690,0.499253545589695
40407561010690,0
40407563010690,0
40407566010690,0.790128505990947
40407567010690,0
40407569010690,0
40407570010690,0.448722995748133
40407571010690,0
40407572010690,0.571875406437804
40407574010690,0.636916518636981
40407575010690,0.76342427989628
40407576010690,0.853122412648099
40407577010690,0.413652054537605
40407578010690,0.295522939220037
40407581010690,0
40407582010690,0.460555681250578
40407583010690,0.491764867183897
40407586010690,0.818872479598697
40407587010690,0.735488278368634
40407588010690,0.0500207794449165
40407589010690,0.444135334946335
40407591010690,0.655105284012883
40407596010690,0.162525383888001
40407597010690,0.905818457417883
40407600010690,0
40407602010690,0.146300834688501
40407603010690,0.493386762419708
40407605010690,0.0325453971797834
40407608010690,0.695850913878729
40407609010690,0.432017069319616
40407611010690,0.682870405020418
40407612010690,0.548738386410403
40407614010690,0.815028003556991
40407617010690,0.947091141088027
40407618010690,0.547762836606963
40407622010690,0
40407623010690,0.133332977299041
40407626010690,0.617366267200109
40407627010690,0.65855602179269
40407629010690,0
40407634010690,0.675004961021281
40407637010690,0.129298996999343
40407638010690,0
40407641010690,0.400976225852462
40407643010690,0.405130105897779
40407644010690,0.505101009092343
40407651010690,0.621513252703588
40407652010690,0.888065265976782
40407653010690,0.597095091870846
40407654010690,0.244160350765347
40407655010690,0.597399713773746
40407657010690,0.679061422632367
40407659010690,0.311924740528625
40407660010690,0.453339841238633
40407709010690,0.0615423975267266
40407737010690,0
40416064010690,0
40416071010690,0
40416219010690,0.755032186777295
40416220010690,0.511339475168307
40416232010690,0.208344283528517
40416244010690,0.934428639079207
40416245010690,0.467623429979439
40416254010690,0.806064994790096
40416258010690,0.170741965040464
40416264010690,0
40416267010690,0.239750194362284
40416279010690,0
40416281010690,0
40416282010690,0.0383154233780914
40416283010690,0.793874581642982
40416293010690,0.139529874782691
40416294010690,0
40416304010690,0.840516699860918
40416305010690,0.0664112296326661
40416306010690,0
40416377010690,0.495070925172395
40416392010690,0.8185815677167
40416425010690,0.0299245780179493
40416435010690,0.0185495485793601
40416461010690,0.594449105618161
40416473010690,0
40416485010690,0.748556235972121
40416501010690,0.719609513134719
40416545010690,0.716837785566752
40416546010690,0
40416593010690,0
40417303010690,0.668457514758301
40417305010690,0.962240791498819
40417306010690,0
40417325010690,0.691697724597093
40417326010690,0.41061418400266
40417327010690,0.888317570409796
40417328010690,0
40417347010690,0.715774625535276
40417349010690,0.479244441891404
40417350010690,0.729037613904459
40417351010690,0.922574425858004
40417367010690,0.577688784896461
40417368010690,0.842817469103239
40417386010690,0
40417387010690,0.217827149304884
40417388010690,0.895388834273463
40417397010690,0.970465813737983
40417398010690,0
40417405010690,0.718917804371099
40417412010690,0.485643357639665
40417413010690,0.796492017753299
40417414010690,0.230303828294002
40417421010690,0.066621442644183
40417428010690,0.159618601095376
40417431010690,0.363679524585565
40417437010690,0.660270671451303
40417445010690,0
40417448010690,0.449750977548398
40417449010690,0.938818771231183
40417450010690,0.591456943988678
40417454010690,0
40417463010690,0.588032069434681
40417466010690,0.707334404674916
40417468010690,0.0361097106645863
40417469010690,0.0558501531598329
40417470010690,0.943861075217895
40417474010690,0.508550010584989
40417483010690,0.0995116475140671
40417484010690,0.817673514164376
40417486010690,0.653241367965608
40417492010690,0
40417493010690,0
40417540010690,0.479685644841598
40417544010690,0
40417551010690,0.472680703058316
40417553010690,0.0972899328700365
40417558010690,0.923614098205088
40417562010690,0.647843041023452
40417563010690,0.731108282580742
40417567010690,0.90653926508977
40417822010690,0.673746367779438
40417851010690,0
40418116010690,0.265031006158737
40418120010690,0
40418131010690,0.671116656235465
40418135010690,0.700650896733024
40418136010690,0.714002102013429
40418138010690,0
40418139010690,0
40418140010690,0.522824189105721
40418142010690,0.130747550645808
40418143010690,0.850394645046408
40418146010690,0
40418147010690,0
40418148010690,0
40418150010690,0.497042486578157
40418155010690,0
40418157010690,0
40418161010690,0.178481842280204
40418168010690,0
40418174010690,0.131529097452059
40418175010690,0.496224137299145
40418183010690,0
40418186010690,0.354027317647295
40418200010690,0.0964683525289372
40418201010690,0
40418296010690,0.127534680286028
40418366010690,0.0231348974200765
40418389010690,0
40418390010690,0
40418412010690,0
40418428010690,0.18439850966073
40418448010690,0.0358965907459756
40418449010690,0.105434489954331
40418472010690,0.0679267610800106
40418510010690,0
40418550010690,0.632887218574409
40418551010690,0.815734297261886
40418568010690,0.091488394533761
40418581010690,0.0244089976187233
40418583010690,0
40418600010690,0.0618689736620492
40418617010690,0
40418619010690,0
40418632010690,0
40418734010690,0
40418771010690,0
40418776010690,0
40418801010690,0.665004649070595
40418802010690,0.73610602470783
40418803010690,0
40418804010690,0
40419028010690,0.0639470333644376
40419073010690,0
40419143010690,0.139529874782691
40419144010690,0.0463660401061403
40419145010690,0.0591023685396552
40419146010690,0
40419150010690,0.927977262684817
40419151010690,0.180231119422816
40419179010690,0.0615329560403109
40419180010690,0
40419181010690,0
40419203010690,0.659677296420513
40419216010690,0
40419217010690,0
40419225010690,0
40419226010690,0
40419236010690,0
40419237010690,0
40419247010690,0
40419258010690,0.29670941046173
40419259010690,0.065659252824777
40419269010690,0
40419271010690,0
40419425010690,0.523508643331212
40419427010690,0.0473240680388577
40419429010690,0
40419441010690,0
40419442010690,0.734227411401766
40419665010690,0.101017380735986
40419667010690,0
40419668010690,0.28082699980914
40419669010690,0.0336002253581837
40419670010690,0.0687390443768814
40419671010690,0.100232990205526
40419674010690,0.302176854272128
40419679010690,0.479525081339286
40419684010690,0.780196298805862
40419685010690,0.195391373472597
40419689010690,0.739926800355154
40419696010690,0.269660490822176
40419697010690,0.649001098049197
40419698010690,0.590429447984201
40419700010690,0.80104353216764
40419701010690,0.786553477990942
40419702010690,0
40419704010690,0.517496519303858
40419706010690,0
40419710010690,0.768101107867992
40419719010690,0.827410464851805
40419724010690,0.719710246897165
40419727010690,0.691949851176374
40419730010690,0.107280110055146
40419731010690,0.702932375063148
40419734010690,0.453273317643637
40419735010690,0.776939983459036
40419737010690,0.503200130707863
40419738010690,0.719785480744616
40419746010690,0.590896956339715
40419750010690,0
40419752010690,0.836478979516406
40419753010690,0.483929436013072
40419756010690,0.61959082145226
40419759010690,0.519379420303229
40419760010690,0.48828414654534
40419762010690,0.134749469760207
40419769010690,0
40419770010690,0.677381747822867
40419771010690,0.664793240512089
40419773010690,0
40419794010690,0.665026166533185
40419924010690,0.113266994457863
40419929010690,0.227929583493503
40419930010690,0.616348334811589
40419931010690,0.653642411552729
40420263010690,0.755313312276965
40420560010690,0
40420561010690,0
40420568010690,0.764763651456077
40420571010690,0
40420584010690,0.258261504470311
40420586010690,0
40420591010690,0.773574945132561
40420592010690,0.0406218213590539
40420595010690,0.0803865426171274
40420596010690,0
40420598010690,0
40420610010690,0
40420611010690,0
40420612010690,0
40420614010690,0.160468129387523
40420617010690,0.842609414099329
40420620010690,0
40420633010690,0
40420634010690,0.4245532226267
40420639010690,0.653771976493673
40420645010690,0.425151125480143
40420647010690,0
40420660010690,0
40420661010690,0
40420662010690,0
40420664010690,0
40420689010690,0
40420690010690,0
40420691010690,0
40420693010690,0.472230173532457
40420697010690,0.731561590121984
40420713010690,0
40420714010690,0
40420715010690,0
40420716010690,0.470472241886902
40420717010690,0
40420720010690,0
40420734010690,0
40420735010690,0
40420738010690,0
40420746010690,0
40420758010690,0
40420765010690,0.432209261282222
40420778010690,0
40420780010690,0.088207684366008
40420794010690,0
40420796010690,0.881961572680138
40420797010690,0.261829611697012
40420812010690,0.212516887552222
40420813010690,0.617577230322223
40420833010690,0.544985690699556
40420834010690,0.485799889204023
40420835010690,0.397332423026975
40420836010690,0.0162628221198161
40420837010690,0
40420845010690,0.0818499949996369
40420846010690,0.158848693768266
40420861010690,0.76067531535713
40420863010690,0.0458407800170759
40420880010690,0.314999411409269
40420896010690,0
40420901010690,0
40420910010690,0.146593949321908
40420911010690,0.83216762466867
40420914010690,0
40420924010690,0.542178379514644
40420926010690,0.0998520304537963
40420928010690,0
40420944010690,0.0483407707462528
40420947010690,0.598932699122789
40420948010690,0
40420961010690,0
40420964010690,0
40420989010690,0.555668036440054
40420995010690,0.923912280320526
40421000010690,0
40421010010690,0.291684825364698
40421011010690,0.466330860369468
40421014010690,0.134025582533732
40421015010690,0.91718100040696
40421022010690,0
40421023010690,0.583160513590212
40421024010690,0.551070107639166
40421030010690,0
40421036010690,0
40421038010690,0
40421040010690,0.370661858999544
40421041010690,0.0244089976187233
40421043010690,0
40421044010690,0
40421045010690,0
40421049010690,0.258855391551431
40421062010690,0.912676063173773
40421063010690,0.480115351993674
40421068010690,0
40421071010690,0
40421075010690,0
40421077010690,0
40421079010690,0.109472818686011
40421283010690,0.253889233805761
40421284010690,0
40421286010690,0.484811868342455
40421302010690,0.916458871833802
40421303010690,0.866428045244371
40421305010690,0
40421322010690,0
40421338010690,0.265960845980882
40421339010690,0.121203818675626
40421340010690,0.573383710739362
40421354010690,0.673842712988557
40421355010690,0
40421356010690,0
40421370010690,0.139529874782691
40421371010690,0
40421372010690,0
40421384010690,0.530876339163128
40421385010690,0.544276148758077
40421416010690,0.688822123060949
40421421010690,0.460397653576863
40421422010690,0
40421430010690,0.128492405359235
40421431010690,0
40421434010690,0
40421439010690,0.0516157581312699
40421441010690,0.562856856464566
40421444010690,0.0910876677805922
40421445010690,0.857952434206937
40421451010690,0
40421454010690,0.76684195180402
40421455010690,0.65720353901207
40421457010690,0.789386757468071
40421463010690,0.891189866904604
40421465010690,0.883490339372062
40421466010690,0.733165164245877
40421469010690,0.319061737827682
40421470010690,0.589508226287381
40421472010690,0.361157456869061
40421473010690,0.155428748342582
40421474010690,0.909902685035007
40421476010690,0.429681408434633
40421481010690,0.0481935205437347
40421484010690,0
40421486010690,0
40421488010690,0
40421492010690,0.871452226686946
40421495010690,0.017518308307134
40421496010690,0.420824992239699
40421497010690,0
40421498010690,0
40421500010690,0.536286274527249
40421510010690,0
40421513010690,0.823483851026371
40421514010690,0.63822144090213
40421525010690,0
40421529010690,0.543471622167042
40421536010690,0
40421538010690,0
40421563010690,0
40421566010690,0.717829023083965
40421579010690,0
40421581010690,0
40421596010690,0.491407542653081
40421607010690,0
40421609010690,0.652778799839123
40421624010690,0
40421629010690,0.758514790575091
40421640010690,0
40421641010690,0
40421656010690,0
40421676010690,0.785065679752743
40421696010690,0.872002782348682
40421697010690,0.657565626844387
40421723010690,0
40421765010690,0.947664779080394
40421766010690,0.0200492051173726
40421775010690,0.359229142514794
40421789010690,0
40421791010690,0.837391268349388
40422617010690,0
40422618010690,0
40422619010690,0
40422622010690,0
40422624010690,0
40422625010690,0
40422626010690,0
40422627010690,0
40422630010690,0.0812395862063068
40422633010690,0
40422634010690,0
40422640010690,0
40422641010690,0
40422642010690,0
40422644010690,0
40422645010690,0.0149364542754426
40422646010690,0.336669761380246
40422648010690,0.378639812682823
40422649010690,0.498329892528962
40422650010690,0.635343649274144
40422656010690,0.212759409068183
40422657010690,0.949049584535777
40422659010690,0
40422664010690,0
40422665010690,0.255344250556666
40422667010690,0.105434489954331
40422668010690,0.410204244802138
40422669010690,0
40422671010690,0.339269811356403
40422672010690,0.321278326333751
40422674010690,0.647637788320893
40422675010690,0.588367995704766
40422676010690,0.813968071086387
40422678010690,0.452629546273564
40422679010690,0
40422680010690,0
40422682010690,0
40422683010690,0
40422684010690,0.0845597716555647
40422687010690,0
40422688010690,0
40422690010690,0.941533261107865
40422692010690,0.526460498185262
40422694010690,0.131514614185987
40422695010690,0
40422697010690,0.555434586047813
40422699010690,0
40422701010690,0.55730170822262
40422702010690,0
40422703010690,0
40422705010690,0
40422706010690,0
40422707010690,0
40422709010690,0.724824626897517
40422710010690,0.728339952958995
40422712010690,0.817897927675229
40422713010690,0.849184901402161
40422714010690,0.051983352019663
40422717010690,0
40422718010690,0
40422720010690,0.161459908774291
40422721010690,0.41405125167875
40422723010690,0.206143897637441
40422725010690,0.589931080107969
40422726010690,0
40422727010690,0.560613475761216
40422730010690,0.594860676825113
40422733010690,0.191718378361216
40422734010690,0.427044119280143
40422740010690,0.793669553516073
40422741010690,0.446463205656428
40422743010690,0.811547064547785
40422749010690,0.0688150078980106
40422752010690,0.542256685861691
40422754010690,0.489119076640884
40422755010690,0.367256605153395
40422756010690,0.617187291859527
40422757010690,0.400152077771469
40422759010690,0.716976166984945
40422765010690,0
40422767010690,0.223131037080334
40422768010690,0.626665283811355
40422769010690,0.753939819785338
40422770010690,0.0635712256986036
40422771010690,0.543162421985058
40422775010690,0.483804381095058
40422779010690,0.65359005196349
40422781010690,0.191813584214723
40422783010690,0.575608426576994
40422785010690,0
40422789010690,0.148207165454352
40422790010690,0.545067144500506
40422791010690,0.885852492028012
40422800010690,0.670565218980973
40422806010690,0
40422807010690,0.906575814403972
40422808010690,0.531440509634522
40422811010690,0.299410989020962
40422813010690,0.583280524236039
40422817010690,0.730963220155846
40422819010690,0.618916103149392
40422820010690,0.672323334016141
40422821010690,0.529601585238155
40422822010690,0
40422823010690,0.526880170377973
40422824010690,0.211502835671481
40422831010690,0.939968102229124
40422841010690,0.559189862479055
40422842010690,0.873277037777197
40422849010690,0
40422850010690,0.353188641607329
40422852010690,0
40422853010690,0.504879377807934
40422857010690,0.555706137492004
40422859010690,0.386620930747254
40422861010690,0.272423839062139
40422863010690,0.322754370641078
40422869010690,0.83784683373661
40422872010690,0.234636399425434
40422874010690,0
40422876010690,0.419299466100207
40422881010690,0
40422882010690,0.438729940002588
40422883010690,0.547490483236409
40422885010690,0.419471395587594
40422887010690,0.129370471321612
40422889010690,0.505110156499183
40422891010690,0.438886456996255
40422896010690,0
40422897010690,0
40422898010690,0.506992146612186
40422900010690,0
40422901010690,0
40422902010690,0.212209943105274
40422903010690,0.584625153904401
40422904010690,0.448137083234553
40422905010690,0.111837705486288
40422906010690,0.624820497489943
40422907010690,0.640172212337786
40422910010690,0
40422912010690,0.162121087140571
40422915010690,0
40422921010690,0.326987524158768
40422922010690,0.440814073464337
40422927010690,0.252863303483846
40422928010690,0.319485237465667
40422932010690,0.616909323033931
40422934010690,0
40422935010690,0.395585643077659
40422936010690,0
40422939010690,0.425253796242876
40422940010690,0.0544982109713749
40423063010690,0
40423069010690,0
40423070010690,0
40423237010690,0
40423240010690,0
40423241010690,0.0538242495666618
40423552010690,0.442929166953569
40423675010690,0.0846160342855385
40423796010690,0
40424742010690,0.581400393304281
40425104010690,0.54613236974091
40425162010690,0.0334938687189068
40425165010690,0.657582153958916
46193074020004,0
48337544020004,0.52666063793178
50561701020004,0
50561706020004,0
50561721020004,0
50561752020004,0
50561758020004,0
50561799020004,0
50561826020004,0
50561894020004,0
50561929020004,0
50562367020004,0
50562444020004,0
50562497020004,0
50562531020004,0
50562532020004,0
50562533020004,0
50562559020004,0
50562648020004,0
51090170020004,0.515255277411601
54824782020004,0.0177535349279028
55859937020004,0.584491005682655
188756821020004,0.547880726631081
188756916020004,0.877268356346678
188757142020004,0.641293217366801
188757143020004,0.402713702119639
188757149020004,0.0767914392957268
188757172020004,0.242701579880511
188757231020004,0
188757344020004,0
188757553020004,0.0977174542594394
188757590020004,0
188757595020004,0
188758039020004,0
188758292020004,0
188758297020004,0.0654218130860825
188758310020004,0
188758318020004,0.170915701127187
188758409020004,0
188758412020004,0
188758414020004,0
188758429020004,0
188758437020004,0
188759172020004,0.091488394533761
188759239020004,0
188759444020004,0
188759502020004,0.729966319037505
188759581020004,0
188759871020004,0
188760061020004,0
188760090020004,0.451736203432759
188760119020004,0
188760176020004,0
188760599020004,0.64277919091846
188760616020004,0.149269732190007
188760658020004,0.087972569738971
188760739020004,0
188761410020004,0
188761599020004,0.924872302626105
188761691020004,0.0644383996588397
188761694020004,0
188761713020004,0
188761863020004,0
188762051020004,0
188762281020004,0
188762409020004,0.502925237059092
188762539020004,0
188762565020004,0
188762600020004,0.191314136978934
188762630020004,0
188762640020004,0
188762716020004,0
188762766020004,0.195953877616398
188762780020004,0
188762908020004,0
188763072020004,0.501125343799786
188763073020004,0.691774638833791
188763129020004,0
188763221020004,0
188764124020004,0
188764255020004,0
188764262020004,0
188764268020004,0.0947334785702627
188764286020004,0
188764287020004,0
188764315020004,0.0830792188298039
188764326020004,0.0790273944861561
188764349020004,0
188764351020004,0.132576660076833
188764358020004,0
188764382020004,0
188764401020004,0.256985881130364
188764433020004,0
188764559020004,0
188764566020004,0
188764908020004,0
188765604020004,0
188765750020004,0
188765791020004,0.14768679807944
188765792020004,0
188765839020004,0
188765864020004,0
188765907020004,0
188766095020004,0.678578740845813
188766150020004,0
188766298020004,0
188766331020004,0
188766527020004,0.281169061617563
188767075020004,0
188767254020004,0
188767413020004,0.20794252434854
188767437020004,0
188767542020004,0
188767549020004,0
188767623020004,0.370885599915562
188767671020004,0
188767943020004,0.376052747559493
188767956020004,0.205187073092267
188768103020004,0
188768132020004,0
188768983020004,0.598335921301242
188768998020004,0
188769096020004,0
188769109020004,0
188769178020004,0.631361880587771
188769188020004,0
188769475020004,0.0465526741693137
188769478020004,0
188769479020004,0.690975384316911
188769480020004,0
188769481020004,0
188769534020004,0.193303754633062
188770240020004,0
188770271020004,0
188770281020004,0
188770370020004,0
188770471020004,0
188770507020004,0.457483351462339
188770510020004,0
188770529020004,0
188770538020004,0
188770609020004,0
188770614020004,0
188770702020004,0
188770734020004,0
188770735020004,0.139529874782691
188770888020004,0
188771047020004,0.520194749685451
188771116020004,0.163229597483984
188771121020004,0
188771243020004,0
188771257020004,0
188771330020004,0.17788023714519
188771457020004,0
188771503020004,0
188771527020004,0
188771550020004,0
188771565020004,0.567146627811965
188771578020004,0.694060722010594
188771580020004,0
188771582020004,0
188771614020004,0.113136050862869
188771666020004,0.628630911579235
188771701020004,0
188771859020004,0.726247568635837
188772019020004,0.155863944885573
188772097020004,0
188772123020004,0
188772344020004,0
188772367020004,0
188772372020004,0
188772380020004,0.445832426696904
188772450020004,0.276586851407103
188772485020004,0
188772501020004,0.153808151046038
188772505020004,0.260729416001947
188772512020004,0
188772661020004,0
188772889020004,0
188772897020004,0
188772906020004,0
188773098020004,0.714653726619061
188773255020004,0.0572986066898024
188773326020004,0
188773332020004,0.402189711400268
188773399020004,0.0848153786585885
188773444020004,0.167768765035977
188773663020004,0.0671318986119816
188773758020004,0
188773872020004,0.0751679600809719
188774219020004,0
188774384020004,0.32052862247937
188774549020004,0.597598761415856
188774675020004,0.152900229885522
188774705020004,0
188781443020004,0
188782467020004,0
188782500020004,0
188782555020004,0
188786565020004,0
276307951489998,0
282479222489998,0.534017961160645
354844818489998,0.592502518893559
354844865489998,0
354844900489998,0
354844905489998,0.660574146304777
354844962489998,0
354845059489998,0
354845092489998,0
354845121489998,0
354845130489998,0
354845132489998,0
354845147489998,0.104439649227716
354845158489998,0.0341748766480703
354845298489998,0
354845316489998,0
354845317489998,0.183457278406613
354845376489998,0.0364809802364543
354845603489998,0.210001953726439
354845607489998,0
355904501489998,0
356002801489998,0.812736930861762
356003028489998,0.922319619731898
356003121489998,0.0403652308175618
356003219489998,0
356003222489998,0
356003288489998,0
356003301489998,0.679460105717102
356003466489998,0.492398809542235
356003467489998,0
356003949489998,0.118819405925058
356003969489998,0
356004462489998,0.266355110003744
431915296489998,0
431917201489998,0
431917247489998,0.45701246583694
431917504489998,0
431917634489998,0.697708508528957
431917683489998,0.0852157995073071
704354785126144,0.136581413701376
