"PLT_CN","predagentMPBo"
14547091020004,0
14547279020004,0
14547841020004,0
14548644020004,0
14549194020004,0
14549277020004,0
14550197020004,0
37259363010690,0
37261819010690,0
37261822010690,0
37262457010690,0
37262521010690,0
37262723010690,0
37262966010690,0
37263627010690,0
37263658010690,0
37264348010690,0
37264364010690,0
37264380010690,0
37264427010690,0
37264440010690,0
37271545010690,0
37271546010690,0
37271688010690,0
37271850010690,0
37272720010690,0
37272728010690,0
37272776010690,0.876222379680153
37272778010690,0
37272790010690,0
37272793010690,0.594832357592851
37272817010690,0.339213830823569
37272820010690,0.38304570500383
37272845010690,0
37272846010690,0
37272865010690,0
37272877010690,0
37272880010690,0
37272883010690,0
37272896010690,0.736794943200526
37272901010690,0.878844046517113
37272905010690,0.674980322584479
37272906010690,0
37272907010690,0.468057723652739
37272909010690,0
37272910010690,0
37272911010690,0
37272912010690,0.70201769830591
37272958010690,0
37272974010690,0
37272975010690,0
37272982010690,0
37273002010690,0.627669180515333
37273003010690,0.878183597745972
37273004010690,0
37273008010690,0.854797950722785
37273009010690,0.792794427250748
37273010010690,0.694104711601249
37273015010690,0.316091967551908
37273016010690,0.593210610372786
37273019010690,0.907103968821763
37273020010690,0.447418437292654
37273022010690,0.165877840684172
37273031010690,0.600082631728327
37273032010690,0.0636274262758201
37273035010690,0
37273038010690,0.648295249815454
37273039010690,0
37273043010690,0.775982152104311
37273049010690,0.612078160167324
37273052010690,0
37273054010690,0
37273057010690,0
37273061010690,0
37273063010690,0
37273068010690,0
37273069010690,0
37273072010690,0
37273073010690,0
37273074010690,0
37273092010690,0.872379939153605
37273093010690,0.850842872705205
37273094010690,0
37273097010690,0.0959368364604057
37273101010690,0.859131630888542
37273105010690,0
37273106010690,0.704278162557015
37273107010690,0.862264644392539
37273108010690,0.87948494517065
37273162010690,0.708004584214664
37273169010690,0
37273171010690,0
37273184010690,0
37273185010690,0
37273188010690,0.598079878757568
37273189010690,0.925241696541915
37273195010690,0
37273198010690,0.490272362118832
37273202010690,0
37273203010690,0.630554067329623
37273206010690,0.901655660241032
37273207010690,0.607233198499338
37273214010690,0.613225040965463
37273244010690,0
37273337010690,0
37273355010690,0
37273360010690,0
37273363010690,0
37273364010690,0
37273365010690,0
37273420010690,0
37273456010690,0
37273462010690,0
37273494010690,0
37273498010690,0.563049906212716
37273502010690,0.646658108260012
37273506010690,0
37273508010690,0
37273527010690,0
37273528010690,0
37273530010690,0
37273531010690,0
37273532010690,0
37273533010690,0.329545938290856
37273586010690,0
37273587010690,0
37273588010690,0
37273598010690,0
37273620010690,0
37273621010690,0
37273624010690,0
37273625010690,0
37273627010690,0.256169066806201
37273628010690,0
37273632010690,0
37273641010690,0.628795037200093
37273642010690,0
37273648010690,0
37273652010690,0.721915212884921
37273655010690,0.712022216643237
37273656010690,0.565676453378497
37273658010690,0
37273659010690,0
37273662010690,0.551669457673597
37273663010690,0
37273670010690,0
37273671010690,0
37273682010690,0
37273683010690,0
37273685010690,0
37273688010690,0
37273698010690,0
37273699010690,0
37273702010690,0
37273713010690,0.866642347285322
37273721010690,0
37273818010690,0.326952656511772
37273820010690,0.709380728616667
37273822010690,0.556031807663775
37273824010690,0.417118483522989
37273826010690,0.51591527921419
37273828010690,0.877650228919268
37273829010690,0.288638763104414
37273830010690,0.663189416761531
37273833010690,0.588659692309067
37273834010690,0.824355730197328
37273835010690,0.789608056349264
37273838010690,0.820138949572034
37273842010690,0.499365559494602
37273867010690,0
37273868010690,0.632651703257936
37273870010690,0.709515278383547
37273875010690,0.725121540579637
37273923010690,0.464545351261881
37274005010690,0.812950131925656
37274205010690,0.231274839602065
37274206010690,0.466338631335601
37274251010690,0.62158065738586
37274277010690,0.546431521062425
37274280010690,0.226493835919736
37274281010690,0.7790240829314
37274283010690,0
37274284010690,0
37274288010690,0.299318865128435
37274290010690,0.320290190820513
37274291010690,0.0797329590595972
37274292010690,0.806615150888829
37274293010690,0.723056852129808
37274294010690,0.857248296101938
37274295010690,0.596700636835912
37274296010690,0
37274298010690,0.572396457401332
37274305010690,0.586423742394026
37274306010690,0.133935555957503
37274308010690,0
37274309010690,0
37274310010690,0.553695211140789
37274311010690,0.192520494107356
37274313010690,0.709191874293235
37274314010690,0.661889926556118
37274315010690,0
37274317010690,0
37274318010690,0
37274319010690,0.274457130577459
37274320010690,0
37274321010690,0
37274322010690,0
37274323010690,0
37274324010690,0.587478631931754
37274325010690,0
37274326010690,0.842233853981689
37274327010690,0
37274328010690,0
37274329010690,0.440036752394642
37274331010690,0
37274333010690,0
37274340010690,0.889028591395169
37274349010690,0.615334252185735
37274352010690,0.687535489926208
37274353010690,0.526324286208055
37274354010690,0
37274355010690,0.793803406480226
37274356010690,0.837997551105218
37274357010690,0
37274358010690,0
37274359010690,0.0653369340449998
37274363010690,0.0981865070071183
37274417010690,0.487170426671809
37274447010690,0
37274461010690,0.468312998359792
37274462010690,0.806423889025207
37274463010690,0.66873979414298
37274465010690,0.699927380430177
37274467010690,0.323649283940269
37274468010690,0.547401845787101
37274470010690,0
37274472010690,0.463196365144167
37274473010690,0.147711128365712
37274475010690,0.716806088536225
37274477010690,0.888620073378863
37274505010690,0.659327466662139
37274509010690,0.791263066499313
37274512010690,0.615204446209473
37274517010690,0.773061931174059
37274521010690,0.71613243785183
37274530010690,0.737928405128558
37274533010690,0.451488371293327
37274535010690,0.87524038427654
37274538010690,0.890941936424839
37274546010690,0
37274550010690,0
37274554010690,0.434182007479814
37274559010690,0.499179931051643
37274567010690,0.566335140045353
37274576010690,0.683487025223982
37274578010690,0
37274580010690,0.724737468509699
37274585010690,0.857436338535775
37274587010690,0.510407542259716
37274590010690,0.87919034406225
37274596010690,0.694648174291927
37274597010690,0.593851238199582
37274616010690,0.722959023738061
37274618010690,0
37274619010690,0
37274620010690,0.277516103435969
37274622010690,0
37274623010690,0.131484499531126
37274625010690,0
37274626010690,0
37274627010690,0.484493453597933
37274628010690,0.108295685155509
37274629010690,0
37274632010690,0
37274633010690,0
37274634010690,0.178283648200997
37274635010690,0.697998560258792
37274637010690,0.483050562437211
37274639010690,0.370597388568244
37274640010690,0.487797298308652
37274642010690,0.499179931051643
37274643010690,0.589391567264201
37274645010690,0.544516804921142
37274646010690,0
37274648010690,0
37274649010690,0.332408740917256
37274650010690,0.785173763873906
37274651010690,0.529188904334811
37274652010690,0.388991410107769
37274653010690,0
37274655010690,0
37274657010690,0.186563432535467
37274697010690,0.872612455595031
37274699010690,0.859737497008234
37274702010690,0
37274708010690,0.93107242407369
37274718010690,0.82236673519891
37274728010690,0.702076938826056
37274733010690,0.732568035678169
37274734010690,0.648039549513059
37274739010690,0.471517437333271
37274746010690,0
37274751010690,0
37274752010690,0.579540849971379
37274753010690,0
37274755010690,0
37274756010690,0.691225485895947
37274757010690,0.445651124895298
37274759010690,0.47567317392606
37274762010690,0
37274765010690,0.542491389721737
37274769010690,0
37274770010690,0
37274771010690,0.34354595941523
37274772010690,0.216212752781842
37274779010690,0.214322835674818
37274783010690,0.136144616258395
37274787010690,0.65763835436601
37274818010690,0.67430537614575
37274821010690,0.689748547389441
37274824010690,0.550675758448155
37274825010690,0
37274828010690,0
37274833010690,0.0756191728029617
37274838010690,0.603959250004017
37274919010690,0
37274970010690,0.901874663272093
37274971010690,0
37274973010690,0
37274974010690,0.704990573552678
37274975010690,0.887590267170235
37274977010690,0.166226865289035
37274985010690,0.229491870925832
37274988010690,0.500620103851489
37274990010690,0.749814904245389
37274992010690,0
37274994010690,0.557835421457337
37275015010690,0
37275017010690,0
37275018010690,0.770164239940428
37275021010690,0.616621650213243
37275024010690,0
37275026010690,0.63315829486056
37275029010690,0
37275030010690,0.712264318259895
37275031010690,0.573638639490474
37275033010690,0.752682470324006
37275141010690,0
37275143010690,0
37275145010690,0.408079699599878
37275147010690,0.736744990947804
37275149010690,0.68807558956258
37275150010690,0
37275151010690,0.546229138164586
37275156010690,0.498121514033002
37275158010690,0.491219993825821
37275159010690,0.810799127792791
37275160010690,0.349590722032147
37275163010690,0.740002475882798
37275165010690,0.703661343104455
37275166010690,0
37275167010690,0.165877840684172
37275169010690,0.141170076862254
37275194010690,0.750404615434149
37275197010690,0.235894504937674
37275217010690,0.158298371895201
37275237010690,0
37275240010690,0.221198321600371
37275243010690,0.84565714112787
37275255010690,0
37275416010690,0.687131105638848
37275418010690,0
37275421010690,0.520491632572345
37275426010690,0.423969405095014
37275439010690,0.174508455057619
37275441010690,0
37275447010690,0
37275451010690,0
37275460010690,0
37275471010690,0
37275487010690,0
37275493010690,0.151402985612528
37275519010690,0.604873437500054
37275521010690,0
37275525010690,0.229491870925832
37275537010690,0.699373170266588
37275539010690,0
37275541010690,0
37275543010690,0
37275548010690,0.316292218112839
37275556010690,0.277278454567838
37275574010690,0.363185850387113
37275577010690,0.784596529863508
37275581010690,0
37275582010690,0.877130942531913
37275583010690,0
37275585010690,0
37275586010690,0
37275588010690,0.738116601995747
37275590010690,0
37275591010690,0.577964153123134
37275592010690,0
37275617010690,0
37275638010690,0
37275640010690,0.787630118793332
37275647010690,0.708434176207577
37275665010690,0.675483869182313
37275667010690,0
37275680010690,0.57302603642505
37275701010690,0.503088620320806
37275703010690,0.624836176799984
37275706010690,0
37275707010690,0.624213050846617
37275710010690,0.549642825578406
37275711010690,0.867118131445671
37275712010690,0.771193021040845
37275717010690,0
37275720010690,0
37275722010690,0.45260927792893
37275724010690,0.717046578531507
37275727010690,0
37275733010690,0.399960097296262
37275735010690,0.702735373158962
37275738010690,0.850263228634122
37275739010690,0.426802463654544
37275744010690,0.163424981533033
37275751010690,0
37275757010690,0
37275764010690,0.732303524396746
37275774010690,0.54984856739498
37275783010690,0
37275786010690,0
37275787010690,0
37275826010690,0
37275827010690,0.550122309946375
37275828010690,0.593342945729008
37275829010690,0.633564396444469
37275830010690,0.683020553709508
37275831010690,0.603516130343403
37275832010690,0.266705667692933
37275833010690,0.563757108944331
37275835010690,0.566368919308511
37275858010690,0
37275860010690,0.488826094765699
37275861010690,0
37275862010690,0
37275863010690,0.600932316957874
37275865010690,0
37275866010690,0
37275868010690,0
37275869010690,0.734822426969482
37275872010690,0.607884589030169
37275873010690,0.660933372680116
37275876010690,0.349533397019452
37275882010690,0.702313440939915
37275887010690,0.647906148119311
37275890010690,0
37275896010690,0
37275897010690,0.686021444585483
37275899010690,0.595700254484678
37275900010690,0.592121568037812
37275901010690,0
37275903010690,0.568619567410034
37275905010690,0.538181599312724
37275909010690,0.335451723983764
37275910010690,0.777199252385846
37275911010690,0.82550141327455
37275914010690,0.70804365348184
37275915010690,0
37275916010690,0.604910569857861
37275917010690,0.714873130781688
37275919010690,0.548541625856916
37275920010690,0.720063963316996
37275929010690,0.31049616661298
37275932010690,0
37275933010690,0.615808171172917
37275937010690,0
37275938010690,0.758435952521434
37275939010690,0.433864213965544
37275940010690,0
37275943010690,0.693960878124055
37275944010690,0
37275946010690,0.747973523327505
37275971010690,0.129250962742563
37275973010690,0.583754484692092
37275994010690,0.82112667747092
37275995010690,0.838128675189241
37275996010690,0.595940737529222
37275998010690,0.876684358231194
37275999010690,0.727339411821097
37276000010690,0.801471718695774
37276001010690,0.601779163453568
37276005010690,0.899412624960022
37276009010690,0.233047585075885
37276015010690,0.509585570655716
37276026010690,0.614080749927999
37276040010690,0.855118111224684
37276084010690,0.469894386843174
37276109010690,0
37276200010690,0
37276205010690,0.31278341588998
37276207010690,0.779393575923784
37276208010690,0.294136837323083
37276212010690,0
37276213010690,0.655383543624136
37276214010690,0.393328154329985
37276216010690,0
37276217010690,0.562486204184782
37276220010690,0.561480961135598
37276222010690,0.184134956893248
37276224010690,0
37276225010690,0.795806393482647
37276226010690,0.651921405271082
37276227010690,0
37276228010690,0.353483607547491
37276230010690,0.446332544673013
37276237010690,0.886277951351448
37276258010690,0.619451743603324
37276259010690,0.523615282858335
37276260010690,0.822167273553223
37276263010690,0.52985657980216
37276265010690,0.390300368693608
37276266010690,0
37276268010690,0.608556997083788
37276271010690,0.669160293140552
37276274010690,0
37276279010690,0.652437702401822
37276280010690,0.597781738773733
37276281010690,0.672306656491838
37276283010690,0.492661103475818
37276284010690,0.485449013249865
37276285010690,0.37513414047495
37276288010690,0.807005979241461
37276289010690,0.643174132502743
37276291010690,0.709853321378885
37276295010690,0.844049213993672
37276297010690,0.718017086930627
37277767010690,0
37278373010690,0
39635097010690,0
39635225010690,0
39636209010690,0
39636445010690,0
39636541010690,0
39636552010690,0
39636568010690,0
39636825010690,0
39637217010690,0
39637224010690,0
39637233010690,0
39637253010690,0
40373716010690,0.52485907320908
40373723010690,0
40374253010690,0.807250319827541
40374416010690,0
40383822010690,0
40383826010690,0
40383877010690,0.219489008655819
40383878010690,0.39070969956875
40383907010690,0.608437913905593
40384093010690,0
40384928010690,0
40385149010690,0.223358009045573
40385473010690,0
40387890010690,0
40387891010690,0
40387901010690,0
40387903010690,0
40387953010690,0
40387960010690,0.204187294506832
40387961010690,0
40387968010690,0.741292735433821
40387988010690,0.848466824731472
40387991010690,0.791135214531027
40387993010690,0
40387999010690,0
40388002010690,0
40388009010690,0
40388015010690,0
40388037010690,0
40388044010690,0
40388054010690,0
40388056010690,0
40388057010690,0
40388078010690,0
40388082010690,0
40388105010690,0.755791537796261
40388141010690,0
40388151010690,0
40388152010690,0
40388157010690,0
40388176010690,0
40388177010690,0
40388180010690,0
40388185010690,0
40388186010690,0
40388187010690,0.350146242078955
40388192010690,0.944794727511989
40388193010690,0.610836963333607
40388195010690,0
40388197010690,0.86645253545254
40388201010690,0.901622222710788
40388202010690,0.918025745825347
40388204010690,0.845168336299536
40388205010690,0.759217017869776
40388206010690,0
40388207010690,0
40388208010690,0
40388213010690,0
40388214010690,0.2351311749461
40388216010690,0.556229231385946
40388217010690,0.520637655481008
40388218010690,0.782088318509876
40388219010690,0
40388221010690,0
40388223010690,0
40388224010690,0
40388234010690,0
40388239010690,0.559949614614698
40388242010690,0
40388243010690,0
40388246010690,0
40388247010690,0
40388249010690,0
40388252010690,0
40388253010690,0
40388255010690,0
40388271010690,0
40388272010690,0.623192200441412
40388279010690,0.315213625337797
40388283010690,0
40388285010690,0.884758986716994
40388286010690,0.812282505663542
40388289010690,0.811006812487274
40388341010690,0.465983676877491
40388342010690,0.496311719803611
40388343010690,0.805797841699476
40388345010690,0
40388346010690,0
40388356010690,0
40388359010690,0.698369053367265
40388367010690,0.147604817246513
40388369010690,0.820011778897122
40388373010690,0.754797518707862
40388374010690,0.82364565158928
40388379010690,0.58907221556032
40388380010690,0.914337539299441
40388383010690,0.346498246847012
40388385010690,0.708347635912027
40388387010690,0.528745200751817
40388388010690,0.661171532503329
40388428010690,0
40388438010690,0
40388502010690,0
40388526010690,0
40388527010690,0
40388530010690,0
40388533010690,0
40388534010690,0.484503865017365
40388583010690,0
40388610010690,0
40388613010690,0
40388627010690,0
40388660010690,0
40388664010690,0.786410292212497
40388665010690,0.660697622757746
40388668010690,0
40388670010690,0.654599941446104
40388671010690,0.652654515069063
40388678010690,0
40388686010690,0.765439433882007
40388702010690,0
40388743010690,0
40388756010690,0
40388774010690,0
40388788010690,0
40388789010690,0
40388794010690,0.848094015459642
40388795010690,0
40388797010690,0
40388803010690,0
40388807010690,0
40388808010690,0
40388811010690,0.369299777522076
40388814010690,0
40388823010690,0.582975054029266
40388824010690,0.461459804510644
40388833010690,0
40388835010690,0
40388836010690,0
40388838010690,0
40388845010690,0
40388851010690,0.764539687311417
40388860010690,0
40388885010690,0.342251529507732
40388890010690,0
40389019010690,0
40389021010690,0
40389022010690,0.540618352494628
40389026010690,0
40389035010690,0
40389041010690,0
40389045010690,0
40389046010690,0.667849294920927
40389049010690,0.269825092380591
40389052010690,0
40389084010690,0.605019445929309
40389085010690,0
40389099010690,0.852908121118269
40389113010690,0
40389117010690,0.858118424063819
40389129010690,0
40389132010690,0
40389139010690,0.326734259968179
40389140010690,0.483250723897021
40389149010690,0.766775168525507
40389150010690,0.256465184266199
40389152010690,0
40389221010690,0.779575166065782
40389225010690,0
40389227010690,0.712399700293733
40389229010690,0
40389230010690,0
40389233010690,0
40389238010690,0
40389240010690,0
40389241010690,0
40389294010690,0.394776337798987
40389303010690,0
40389307010690,0
40389308010690,0
40389309010690,0
40389316010690,0.304760451750973
40389323010690,0.393407958674914
40389328010690,0
40389330010690,0
40389331010690,0.532030227844439
40389362010690,0
40389363010690,0.224211039389658
40389365010690,0
40389367010690,0
40389368010690,0.655989791465404
40389370010690,0
40389371010690,0.5613518938008
40389373010690,0.506212380717592
40389379010690,0
40389383010690,0
40389386010690,0
40389392010690,0.313497701604266
40389393010690,0
40389395010690,0.55820171507263
40389400010690,0.424699252494064
40389408010690,0
40389413010690,0.22017413132284
40389418010690,0.216360320281844
40389419010690,0.271483626091648
40389421010690,0.594272977685242
40389422010690,0
40389423010690,0.313036542246368
40389424010690,0.754490046903094
40389465010690,0
40389468010690,0
40389471010690,0.707681118994852
40389472010690,0
40389476010690,0.672031039704339
40389477010690,0.758092319884662
40389479010690,0.42120633843378
40389482010690,0.58701893036976
40389483010690,0.340866800359318
40389484010690,0
40389496010690,0.894702945755354
40389497010690,0.643445635206158
40389498010690,0
40389499010690,0.593252498648159
40389500010690,0.718456273780805
40389503010690,0
40389504010690,0
40389505010690,0
40389506010690,0.720223568842868
40389507010690,0.239322767094279
40389508010690,0
40389510010690,0
40389511010690,0
40389512010690,0
40389514010690,0.62478258737479
40389515010690,0
40389516010690,0.27176037711158
40389519010690,0
40389520010690,0.256899146983342
40389521010690,0
40389524010690,0.825974195385694
40389526010690,0.698252482134996
40389529010690,0.47700291370952
40389533010690,0.586952370317965
40389534010690,0
40389536010690,0.8449480810346
40389579010690,0
40389613010690,0.249084570057096
40389616010690,0.594951037715665
40389620010690,0.708763776795259
40389623010690,0.837434110537871
40389668010690,0
40389672010690,0
40389677010690,0
40389678010690,0.833677417889539
40389691010690,0
40389696010690,0
40389697010690,0
40389710010690,0.555197442749948
40389714010690,0.712271390279078
40389715010690,0
40389721010690,0.324218408915186
40389766010690,0
40389770010690,0
40389806010690,0.381321468302897
40389815010690,0
40389862010690,0.671877611118769
40389868010690,0
40389869010690,0
40389877010690,0
40389879010690,0
40389887010690,0
40389889010690,0.687769407393981
40389893010690,0
40389895010690,0.592339885043469
40389896010690,0.36133892521073
40389897010690,0
40389898010690,0.871486728671763
40389899010690,0.612359809741496
40389904010690,0
40389905010690,0
40389906010690,0.803140232728619
40389907010690,0.90439750372969
40389911010690,0.919628287088231
40389914010690,0
40389915010690,0.263229304897645
40389935010690,0
40389939010690,0
40389940010690,0
40389946010690,0
40389947010690,0.35131968658729
40389953010690,0
40389957010690,0
40389958010690,0
40389959010690,0.778837252857306
40389960010690,0.216580082213646
40389961010690,0.249904450201301
40389962010690,0.854867661821797
40389970010690,0.646888803145656
40389974010690,0.754282177301787
40389976010690,0.783901633043465
40389977010690,0
40389978010690,0.681516196992399
40389983010690,0.704100538429324
40389985010690,0
40389987010690,0.703478545570399
40389991010690,0
40389992010690,0.430055363847585
40389993010690,0.221131010467656
40389996010690,0.137045707222601
40390004010690,0.746056563404274
40390005010690,0.730232979690774
40390016010690,0
40390017010690,0.730422346142556
40390021010690,0
40390023010690,0.514021242583075
40390027010690,0
40390030010690,0.604778342590563
40390040010690,0.562464498926934
40390049010690,0.818010568841663
40390051010690,0
40390052010690,0
40390058010690,0
40390077010690,0.117467382408847
40390090010690,0.627716997820657
40390091010690,0
40390096010690,0.469276760803547
40390097010690,0
40390103010690,0.702503941696583
40390104010690,0.356454091742467
40390105010690,0
40390106010690,0
40390107010690,0
40390108010690,0
40390192010690,0
40390212010690,0
40390213010690,0.584620536888177
40390214010690,0
40390215010690,0.186312343753669
40390217010690,0.670045437530003
40390218010690,0.694238064446975
40390220010690,0.677027903809613
40390221010690,0.64920257023354
40390222010690,0.0618231986866125
40390223010690,0.845632012650651
40390224010690,0.638810132902275
40390226010690,0.522941482839338
40390227010690,0.637736855269614
40390230010690,0.335638130356458
40390233010690,0.687434251491257
40390234010690,0.525373515239078
40390235010690,0.619193640678393
40390237010690,0.527320315328273
40390248010690,0.588658998508765
40390249010690,0.693172662191054
40390253010690,0.794790251749284
40390262010690,0.634585303217962
40390265010690,0.0760363658842959
40390266010690,0.710744786538284
40390308010690,0
40390309010690,0.556082772569659
40390310010690,0
40390311010690,0.714813225112479
40390312010690,0
40390313010690,0
40390314010690,0.662394871210087
40390316010690,0.795637165685468
40390319010690,0
40390321010690,0.744497296868126
40390322010690,0
40390324010690,0.471192123217165
40390325010690,0
40390326010690,0
40390328010690,0
40390330010690,0.815414419496841
40390332010690,0.694335396621904
40390333010690,0
40390334010690,0
40390335010690,0
40390337010690,0.837952795346676
40390339010690,0
40390341010690,0
40390342010690,0.332634056839216
40390343010690,0.352594038196895
40390346010690,0
40390349010690,0
40390357010690,0
40390360010690,0.232702412545036
40390361010690,0
40390371010690,0
40390374010690,0
40390382010690,0.651176317506216
40390393010690,0
40390394010690,0
40390402010690,0
40390403010690,0.457361593667083
40390411010690,0.78353567578379
40390415010690,0.269140310902311
40390417010690,0.442115983089008
40390418010690,0
40390419010690,0.532887160294918
40390420010690,0.559018546852828
40390421010690,0.821725975376458
40390422010690,0.495217780404803
40390426010690,0
40390435010690,0
40390436010690,0
40390437010690,0
40390440010690,0.690076039075593
40390441010690,0.352490556227361
40390442010690,0
40390443010690,0.791455827309479
40390446010690,0
40390447010690,0.414695389198396
40390448010690,0.748369221523636
40390449010690,0.568521412129182
40390450010690,0
40390452010690,0.455408213237855
40390455010690,0
40390456010690,0.501313705021058
40390457010690,0.715803338010505
40390458010690,0
40390459010690,0.806250929254718
40390460010690,0.881854588314339
40390461010690,0
40390462010690,0.394312971753267
40390464010690,0.260263431676068
40390468010690,0.837394769414515
40390469010690,0.788842819784275
40390470010690,0.688510971164043
40390472010690,0.706809734186095
40390473010690,0
40390474010690,0
40390475010690,0.817318414163407
40390480010690,0.926392765907598
40390481010690,0.651875008230374
40390482010690,0
40390483010690,0.652543025402479
40390484010690,0.768980646375121
40390488010690,0
40390489010690,0.370756733544888
40390491010690,0.666578867201212
40390494010690,0.196822931149808
40390495010690,0.756881860371316
40390497010690,0.346632612627232
40390508010690,0.709278646408995
40390515010690,0.778115603458883
40390518010690,0.417610454637663
40390519010690,0.76371509310082
40390520010690,0.482434427590513
40390524010690,0.605110126196993
40390525010690,0.686843017474538
40390529010690,0.705878824860229
40390530010690,0.751655694197301
40390531010690,0.195773164747447
40390534010690,0.621685452600679
40390535010690,0.156849163278458
40390538010690,0.675709620890294
40390539010690,0
40390541010690,0.809931369259337
40390544010690,0
40390545010690,0.590998123317839
40390546010690,0
40390547010690,0.32329035561816
40390548010690,0.113092182587932
40390550010690,0
40390551010690,0
40390553010690,0.703092228443694
40390555010690,0
40390560010690,0.846309641762458
40390563010690,0.840183132764881
40390566010690,0.791289773920206
40390568010690,0
40390569010690,0.868894897711991
40390572010690,0.619720182238852
40390573010690,0
40390577010690,0.68575748861847
40390578010690,0
40390630010690,0.63098015569986
40390636010690,0.640835246084852
40390640010690,0.517373849542606
40390643010690,0.49660826194694
40390644010690,0.520806710305661
40390668010690,0
40390669010690,0
40390680010690,0.776834652899391
40390692010690,0.244842145814671
40390710010690,0.665954502005159
40390714010690,0.603423387893448
40390715010690,0.777288021695704
40390716010690,0
40390717010690,0.514770715099292
40390723010690,0.364110321088756
40390726010690,0.668176855239859
40390727010690,0.331297585652149
40390729010690,0.630892020528328
40390732010690,0.849303866512417
40390734010690,0.267727999017937
40390736010690,0.150810657593976
40390737010690,0.618213381401861
40390741010690,0.826487375922004
40390745010690,0.710892405976753
40390747010690,0.757661675508205
40390749010690,0.713310153404109
40390756010690,0.705990524589341
40390757010690,0.892640733303588
40390759010690,0.559415728576777
40390770010690,0.454280496457603
40390771010690,0.772099349934797
40390773010690,0.561101741327694
40390776010690,0
40390778010690,0.871067573359505
40390781010690,0.749901077127799
40390789010690,0.420771013568523
40390790010690,0
40390791010690,0
40390796010690,0.201235690602854
40390802010690,0.64620645904389
40390805010690,0
40390806010690,0
40390810010690,0
40390816010690,0.388332764007007
40390823010690,0
40390830010690,0
40390833010690,0.852893375756217
40390834010690,0.546128948259438
40390835010690,0.691078673776028
40390839010690,0.12412566325249
40390845010690,0.082781774551807
40390846010690,0.680916539444214
40390848010690,0.613712525739385
40390849010690,0.649801608962315
40390852010690,0
40390856010690,0
40390925010690,0.618079613483148
40390926010690,0.861149860525296
40390969010690,0
40391309010690,0
40391329010690,0
40391330010690,0.686034384910687
40391331010690,0
40391335010690,0.691110130561739
40391346010690,0.720613415406559
40391348010690,0.422396523722031
40391349010690,0.350064161404705
40391355010690,0.72950688390061
40391356010690,0.330330713940452
40391358010690,0.475117278061784
40391360010690,0.634424815675255
40391363010690,0
40391365010690,0
40391370010690,0.131212702021715
40391371010690,0
40391373010690,0.321486115119026
40391374010690,0.708276416653785
40391375010690,0
40391378010690,0
40391380010690,0.122498092883622
40391382010690,0
40391383010690,0
40391384010690,0
40391385010690,0.605796543010863
40391387010690,0
40391388010690,0.575216205963082
40391389010690,0.825613415205398
40391390010690,0
40391391010690,0
40391393010690,0
40391394010690,0
40391395010690,0
40391396010690,0.58181914852116
40391397010690,0
40391398010690,0.709669289149518
40391401010690,0
40391402010690,0.289732043164696
40391405010690,0
40391406010690,0.813401034673867
40391409010690,0.494071758102063
40391421010690,0.865440758150595
40391423010690,0.334698047715186
40391425010690,0
40391484010690,0.625580208266061
40391486010690,0.625886844145685
40391491010690,0
40391493010690,0
40391497010690,0
40391503010690,0
40391504010690,0
40391505010690,0.389267848057908
40391510010690,0
40391511010690,0.576392391623838
40391512010690,0.694106865714829
40391513010690,0
40391514010690,0.502526256422258
40391516010690,0.689151800064482
40391517010690,0.211211788068301
40391519010690,0.725470619307506
40391520010690,0.667813753124634
40391521010690,0
40391522010690,0.341480725089426
40391523010690,0.567807065418591
40391525010690,0
40391528010690,0.748306939487654
40391529010690,0.639275526556776
40391531010690,0
40391538010690,0
40391541010690,0.543493367776669
40391543010690,0.828030734039928
40391544010690,0.300639388570413
40391545010690,0.391303740286663
40391547010690,0.367184172616715
40391548010690,0.865475401681621
40391553010690,0.779722786860454
40391555010690,0.22391511958378
40391556010690,0
40391559010690,0.585588284738216
40391561010690,0.488760553649041
40391563010690,0.635090283089555
40391564010690,0
40391568010690,0.699750093052088
40391570010690,0.597051011120243
40391571010690,0.542823973972256
40391572010690,0.610657658703695
40391574010690,0.737380097697902
40391575010690,0.381485975296006
40391576010690,0.62146186270751
40391577010690,0.435358570009611
40391579010690,0.888312243951883
40391580010690,0
40391581010690,0.550229019583787
40391582010690,0.698350986659184
40391583010690,0.693018890202457
40391584010690,0
40391586010690,0
40391587010690,0
40391588010690,0.604595088516713
40391589010690,0.618832691931411
40391591010690,0.326447902175808
40391594010690,0.81172851286055
40391596010690,0.381260197757453
40391597010690,0.629476986493735
40391600010690,0.251174634121201
40391604010690,0.756389970817064
40391605010690,0.550319412574808
40391606010690,0.61351878157802
40391611010690,0
40391738010690,0
40391858010690,0.71063831527971
40391907010690,0.332513721693243
40391964010690,0
40392054010690,0
40392081010690,0.585020894535676
40392092010690,0.863125258036665
40392288010690,0
40392304010690,0
40392325010690,0
40392326010690,0
40392370010690,0.607613835139871
40392416010690,0
40392468010690,0
40392477010690,0
40392639010690,0.772803739747306
40392663010690,0.343176826029327
40392961010690,0
40392969010690,0
40393291010690,0
40393452010690,0
40393573010690,0
40393576010690,0
40393602010690,0.0961244982781831
40393651010690,0
40393864010690,0
40393865010690,0.726807153410213
40393868010690,0.510501410316253
40393870010690,0.61639355662205
40393872010690,0.91869083345512
40393874010690,0.83273154525289
40393876010690,0.784806391598094
40393879010690,0.434363414219882
40393881010690,0.513139609604615
40393882010690,0.458528994580085
40393883010690,0
40393885010690,0.543326850170118
40393888010690,0.731474605690512
40393890010690,0.808159949320097
40393891010690,0.322898076116885
40393894010690,0.792944449985306
40393902010690,0.589829746408447
40393908010690,0.604679829037543
40393912010690,0.601526991752057
40393916010690,0.767220742508412
40393919010690,0.765752127611877
40393933010690,0.773108752316192
40393937010690,0.574647478977482
40393947010690,0
40393952010690,0
40393974010690,0.69949489840573
40393977010690,0.713780933613374
40393978010690,0.777346062787973
40393986010690,0
40394192010690,0.279911305780892
40394201010690,0.505019171806327
40394204010690,0.553696055602347
40394238010690,0.451820084152166
40394245010690,0.545201804369668
40394250010690,0.700335220365531
40394255010690,0.687772134928796
40394264010690,0.706636791159136
40394265010690,0
40394391010690,0.526925014355827
40394392010690,0.631753118928996
40394394010690,0.460805021422935
40394474010690,0.858547561250299
40394659010690,0.788830617972442
40394660010690,0.611389809253454
40394664010690,0.419270806690662
40394666010690,0.544252103526281
40394667010690,0.616907846430801
40394668010690,0.726321173185124
40394669010690,0.574782963933578
40394670010690,0.26657556497614
40394804010690,0.336122151078807
40394805010690,0.646272524801481
40394806010690,0
40394810010690,0.599607426182029
40394811010690,0.61076834614879
40394812010690,0.148506446898977
40394813010690,0
40394814010690,0
40394816010690,0
40394818010690,0
40394821010690,0.204663869958837
40394822010690,0
40394824010690,0.601203779822813
40394827010690,0.647921671950223
40394828010690,0.26971314609476
40394829010690,0.539404369440506
40394830010690,0
40394832010690,0
40394833010690,0.847673137020437
40394834010690,0.695261118054232
40394835010690,0
40394838010690,0
40394839010690,0.533400369307313
40394841010690,0
40394842010690,0
40394846010690,0
40394847010690,0.138429976715706
40394850010690,0.722599317034705
40394851010690,0
40394853010690,0
40394854010690,0
40394857010690,0.543331946876161
40394858010690,0.261974476144021
40394861010690,0
40394862010690,0.631902286652871
40394863010690,0.263497661755901
40394866010690,0.625542574368626
40394867010690,0.22017413132284
40394870010690,0
40394872010690,0.625887195619526
40394873010690,0.193628211733682
40394876010690,0
40394878010690,0.69046053623907
40394879010690,0.110681263429929
40394880010690,0.579052253679737
40394881010690,0.818165945782045
40394884010690,0.797688492687965
40394887010690,0.415911086716374
40394888010690,0.707858998197624
40394889010690,0.577035229539585
40394890010690,0
40394892010690,0
40394893010690,0
40394894010690,0
40394896010690,0
40394897010690,0
40394898010690,0.21338617171983
40394899010690,0.800246334723786
40394901010690,0.370756733544888
40394903010690,0
40394904010690,0.165325722632429
40394905010690,0
40394907010690,0.366407335810549
40394908010690,0.634151264330039
40394909010690,0
40394910010690,0
40394912010690,0.89390432924876
40394913010690,0.713358058697714
40394914010690,0.787718664751962
40394915010690,0
40394952010690,0.895657101786686
40394954010690,0
40394955010690,0.876851213638193
40394956010690,0
40394957010690,0.0936957648954997
40394958010690,0.703429078730452
40394959010690,0.569372871605147
40394961010690,0.603873813387623
40394962010690,0.83521284829758
40394967010690,0.759898095785934
40394968010690,0.587011609039944
40394969010690,0.831853492685138
40394971010690,0
40394972010690,0.508058118062717
40394973010690,0.748573039769274
40394974010690,0.73761119630611
40394978010690,0
40394979010690,0.683081346250919
40394980010690,0.572038315145499
40395095010690,0
40395117010690,0.372314310334702
40395133010690,0
40395137010690,0.401309082158865
40395143010690,0.654404040628187
40395146010690,0.581776008563296
40395153010690,0
40395179010690,0.113676100503356
40395188010690,0
40395190010690,0.815189148427992
40395192010690,0.522124049725006
40395198010690,0.475208053590984
40395201010690,0
40395203010690,0
40395205010690,0.479327218855591
40395207010690,0.686749171068619
40395208010690,0.407013864272056
40395209010690,0.718246261923894
40395210010690,0
40395214010690,0.721795838070831
40395278010690,0.85264561429134
40395281010690,0.793106310308565
40395284010690,0.709014268409286
40395289010690,0.883153905044065
40395292010690,0.827237643507349
40395293010690,0.706464115107939
40395307010690,0.854936632584582
40395308010690,0.798068903468205
40395311010690,0.661092421582099
40395325010690,0.0735575572712412
40395328010690,0
40395333010690,0.859813866194021
40395338010690,0.786548771745702
40395340010690,0
40395342010690,0
40395345010690,0
40395346010690,0
40395358010690,0
40395363010690,0.580610245399047
40395366010690,0.394637972092593
40395370010690,0.412143181177916
40395371010690,0.87138597411106
40395376010690,0
40395382010690,0.61069853055712
40395385010690,0
40395388010690,0
40395390010690,0.588726001889202
40395391010690,0.617855586412147
40395393010690,0.469908346993415
40395394010690,0.813415320034372
40395396010690,0.652597726840406
40395400010690,0.877808962356755
40395403010690,0.644906502280898
40395415010690,0.711372327136138
40395417010690,0.259813599320555
40395419010690,0
40395420010690,0.688671741391209
40395424010690,0.877694606800811
40395425010690,0.243996590581459
40395429010690,0.252256560837726
40395431010690,0.567287360071203
40395438010690,0.738433281899254
40395440010690,0.809893323999964
40395442010690,0
40395446010690,0.687194351821863
40395448010690,0.212102378788718
40395457010690,0.830701176330172
40395461010690,0.641999821540535
40395498010690,0
40395499010690,0
40395501010690,0
40395504010690,0
40395507010690,0
40395508010690,0.647346383861859
40395509010690,0
40395511010690,0
40395512010690,0
40395513010690,0.822250008160581
40395515010690,0
40395516010690,0.733751671042269
40395517010690,0.232798958340338
40395519010690,0
40395522010690,0.771101658804144
40395523010690,0.701020207101355
40395524010690,0.554293025896522
40395525010690,0
40395526010690,0.855117110699979
40395527010690,0.0762464137178503
40395528010690,0
40395529010690,0
40395530010690,0.731067787684805
40395531010690,0.724806909052849
40395532010690,0.232642597902494
40395534010690,0.567734455078969
40395535010690,0
40395538010690,0
40395540010690,0.530429454069919
40395543010690,0.484561094955282
40395544010690,0
40395546010690,0
40395550010690,0.677422261787187
40395552010690,0.312315500072169
40395555010690,0.197857209457354
40395558010690,0
40395560010690,0.753183276632379
40395561010690,0
40395563010690,0
40395565010690,0.546893625024206
40395566010690,0
40395567010690,0.602865620466891
40395568010690,0.568818775737535
40395573010690,0
40395574010690,0
40395575010690,0
40395576010690,0.386267323874009
40395646010690,0.832793435349305
40395653010690,0.784851574501154
40395661010690,0.757389678672462
40395665010690,0
40395667010690,0.172830833078673
40395677010690,0
40395679010690,0.724561191155607
40395682010690,0
40395688010690,0
40395692010690,0.699797346096405
40395694010690,0
40395696010690,0
40395701010690,0.500886996936306
40395705010690,0.900188503494301
40395706010690,0.551610070770808
40395707010690,0.903279613564593
40395711010690,0.859436871688935
40395713010690,0.603177901285531
40395715010690,0.912016719668843
40395720010690,0.669458724607621
40395724010690,0.719029557765575
40395725010690,0
40395727010690,0.690448091578987
40395730010690,0.630241796361193
40395731010690,0
40395739010690,0.72318093219291
40395741010690,0.799290979188402
40395752010690,0.626411135268101
40395757010690,0.772636782230052
40395759010690,0.345701820778695
40395760010690,0.725506978011797
40395764010690,0
40395765010690,0.261275281909139
40395771010690,0.173940018628424
40395772010690,0
40395775010690,0.486476597920047
40395780010690,0
40395781010690,0.774403447098975
40395783010690,0.791124941946635
40395784010690,0.0923513923659918
40395788010690,0.640856099102349
40395789010690,0.540636966101817
40395792010690,0.746073065351528
40395794010690,0.671577457429752
40395798010690,0.417226566095179
40395801010690,0
40395802010690,0.255701266041856
40395803010690,0.639836177700183
40395804010690,0.402605272472322
40395807010690,0.222159505164533
40395809010690,0
40395812010690,0
40395816010690,0
40395817010690,0.383786744620988
40395829010690,0.275548281003391
40395832010690,0
40395834010690,0.900544708964055
40395836010690,0.709885035924292
40395837010690,0.619815692609999
40395840010690,0.644713171236101
40395886010690,0.472596480290988
40395890010690,0.691395337873208
40395891010690,0.868381707655751
40395911010690,0.932730931280478
40395916010690,0.598448412233095
40395917010690,0
40395919010690,0.71193228273296
40395920010690,0.82070292280723
40395921010690,0
40395924010690,0
40395925010690,0.2139144404315
40395927010690,0
40395928010690,0.876571007433458
40395929010690,0
40395932010690,0.170515140542543
40395933010690,0
40395939010690,0
40395940010690,0.884351207916683
40395941010690,0
40396046010690,0.660724786460252
40396095010690,0.682849378318881
40396100010690,0
40396101010690,0.791976936963976
40396105010690,0
40396199010690,0.512330815873685
40396200010690,0.826256771146735
40396202010690,0.614658797277158
40396203010690,0
40396204010690,0.61169778153618
40396206010690,0.791699630391558
40396207010690,0.430695948056746
40396210010690,0.134880164397284
40396211010690,0.158183451911508
40396218010690,0.832801528849262
40396219010690,0.720446009576171
40396229010690,0.774379723965521
40396234010690,0.777713503339875
40396236010690,0.804446291326025
40396237010690,0.134485658321088
40396239010690,0.365586459305307
40396242010690,0.701674350371867
40396245010690,0.778955588930808
40396248010690,0
40396249010690,0
40396253010690,0.173940018628424
40396296010690,0.573653084507512
40396300010690,0
40396301010690,0.597660773319014
40396303010690,0.798843909855348
40396304010690,0.625219587196194
40396312010690,0.844744995391313
40396314010690,0
40396318010690,0.0588179467032276
40396319010690,0.250326820893252
40396322010690,0.682347865462879
40396325010690,0.815277964776283
40396327010690,0
40396336010690,0.652209993653742
40396337010690,0.89512004666227
40396345010690,0
40396349010690,0.646613475429851
40396557010690,0
40396562010690,0.169516921331681
40396568010690,0
40396570010690,0.809742228690571
40396571010690,0.839759512899793
40396573010690,0
40396574010690,0.648238359098434
40396575010690,0.725540275161094
40396576010690,0.701116094413143
40396577010690,0.719707670540213
40396578010690,0.684723510169173
40396580010690,0.518535257851128
40396582010690,0
40396584010690,0
40396586010690,0
40396591010690,0.718282894154001
40396593010690,0.842315578773505
40396596010690,0.618363567864024
40396612010690,0.511356068459145
40396659010690,0.114382632852018
40396667010690,0.618150312780884
40396669010690,0.720966088360727
40396670010690,0.631458992386132
40396704010690,0.618091293346194
40396717010690,0
40396743010690,0.867685762009126
40396744010690,0.231049787902397
40396745010690,0.153522237401562
40396751010690,0.487827438541669
40396795010690,0
40396973010690,0.433531604476375
40397100010690,0.727693563094355
40397259010690,0
40397526010690,0.109710062882081
40397527010690,0.0523844508841517
40397560010690,0.146414382837986
40397603010690,0.470401016365572
40397660010690,0
40397719010690,0.821874821821881
40397821010690,0.0756191728029617
40397868010690,0.171652548807486
40397898010690,0.198561206709845
40397938010690,0.846805343914997
40397962010690,0.554835914196954
40397997010690,0
40398260010690,0.384181464831167
40398406010690,0.299898034108815
40402450010690,0
40402542010690,0
40402574010690,0
40403544010690,0
40403548010690,0
40403765010690,0
40403775010690,0
40403821010690,0
40403859010690,0
40403863010690,0
40403870010690,0
40403874010690,0
40403949010690,0
40404151010690,0
40404228010690,0
40404246010690,0
40404517010690,0
40404525010690,0
40404532010690,0
40404539010690,0
40404542010690,0
40404548010690,0
40404730010690,0.187685000115325
40404738010690,0
40404821010690,0
40404822010690,0
40404827010690,0.785866885235329
40404837010690,0.629044787400175
40404838010690,0.751924229999472
40404844010690,0.738636339279436
40404845010690,0.506217251071128
40404864010690,0.880772785949036
40404866010690,0.675956569505559
40404876010690,0.861487024964329
40404879010690,0
40404893010690,0
40404894010690,0
40404925010690,0.736712440281665
40404930010690,0.616268772335603
40404940010690,0
40405148010690,0.802816013830417
40405171010690,0.863690630662659
40405267010690,0.818555735573537
40405275010690,0.483126278420395
40405277010690,0.865516937591954
40405278010690,0.909415579447961
40405283010690,0.265096252682297
40405284010690,0.35021969464751
40405289010690,0.537426230027877
40405290010690,0.64444530098122
40405307010690,0.550925068106989
40405309010690,0.804308963394493
40405310010690,0.768102744226668
40405314010690,0
40405320010690,0.919210820920101
40405323010690,0.688545664753073
40405328010690,0.944679855238074
40405330010690,0.872158334505071
40405338010690,0
40405339010690,0.645418289251598
40405343010690,0
40405345010690,0.824857526985696
40405346010690,0
40405347010690,0.748925454093043
40405376010690,0.775880311685887
40405378010690,0.671129544643749
40405486010690,0.696338701574419
40405490010690,0.730135308813588
40405495010690,0.62566947368282
40405617010690,0
40405621010690,0
40405622010690,0
40405623010690,0
40405625010690,0
40405626010690,0.753538247735264
40405629010690,0.830907897119035
40405630010690,0
40405633010690,0.877631749940116
40405634010690,0.64499700984377
40405644010690,0.845925269220581
40405650010690,0.745352438422746
40405670010690,0
40405708010690,0
40405729010690,0
40405737010690,0.556159646711444
40405739010690,0.266705667692933
40405749010690,0.784818262078541
40405767010690,0.60450777453381
40405768010690,0.204663869958837
40405792010690,0.841723748707452
40405797010690,0
40405798010690,0
40405806010690,0.694966140342088
40405807010690,0.671925500268118
40405815010690,0.837966394293293
40405821010690,0.555674544518622
40405822010690,0.767537274782813
40405828010690,0.882927936078502
40405835010690,0.669722769417099
40405871010690,0.620855983845296
40405877010690,0.862769087417739
40405903010690,0.615387158969979
40405993010690,0
40406005010690,0
40406042010690,0.834997895875317
40406044010690,0.647710523258281
40406045010690,0.452214546261368
40406048010690,0.711725996392131
40406049010690,0.68437403786979
40406059010690,0.826140789637808
40406070010690,0.493784854604415
40406090010690,0.700634344424508
40406100010690,0.514694958703349
40406101010690,0.454787918842993
40406265010690,0.826503673592371
40406266010690,0.673540837031352
40406270010690,0.558029081451028
40406272010690,0.715482379182006
40406274010690,0.53327715563797
40406277010690,0.866654090083357
40406280010690,0
40406284010690,0.562331709041293
40406287010690,0
40406293010690,0.598354199789566
40406297010690,0
40406298010690,0
40406299010690,0
40406300010690,0
40406301010690,0
40406302010690,0.864378658260143
40406304010690,0
40406305010690,0.806408922105879
40406306010690,0
40406308010690,0.708547175930917
40406319010690,0
40406323010690,0
40406382010690,0.585926024743736
40406383010690,0.600639103970442
40406385010690,0.772551045819662
40406509010690,0
40406654010690,0.59592395352681
40406656010690,0
40406657010690,0.737087860200956
40406662010690,0.145180297742268
40406663010690,0
40406664010690,0.0588179467032276
40406669010690,0.858970599740391
40406672010690,0
40406673010690,0.087697556127466
40406675010690,0.609571088794945
40406676010690,0.827884972419773
40406677010690,0.0914769120718279
40406679010690,0.572358104578777
40406680010690,0.917506293122592
40406681010690,0.240975477092374
40406687010690,0.226969753537121
40406691010690,0.854685246781832
40406695010690,0.867321933884438
40406696010690,0.753578737279331
40406697010690,0.542843068524421
40406705010690,0.596968766329232
40406707010690,0.615517704478338
40406708010690,0.75108821319268
40406709010690,0
40406711010690,0.693807992586989
40406719010690,0.477460040297531
40406722010690,0.585735737282242
40406723010690,0
40406727010690,0.527737607535341
40406733010690,0.690560851686656
40406740010690,0.105316867094063
40406750010690,0
40406752010690,0.638843672369761
40406758010690,0.693365139725457
40406765010690,0.0936957648954997
40406769010690,0.741316694552668
40406771010690,0
40406780010690,0
40406789010690,0.814661615584637
40406794010690,0
40406795010690,0
40406799010690,0
40406812010690,0
40406817010690,0.617122092712752
40406818010690,0.606647413229571
40406826010690,0
40406833010690,0
40406835010690,0
40406839010690,0
40406842010690,0.723395180572436
40406848010690,0.754337712828346
40406850010690,0.715568920836171
40406851010690,0.781599821178347
40406852010690,0
40406853010690,0.669067287979752
40406855010690,0.949074227174548
40406861010690,0.463688762463767
40406866010690,0
40406873010690,0.323385041898107
40406952010690,0.181391572351346
40406976010690,0.883105394914638
40406978010690,0.813173520514996
40406986010690,0.513098942237575
40406999010690,0.642625000364385
40407005010690,0.840932441116128
40407006010690,0.555540268560857
40407012010690,0.62487622031586
40407022010690,0.783701100730577
40407024010690,0.690858058861652
40407027010690,0.48511184001069
40407032010690,0.828990665464242
40407033010690,0.843237398308669
40407035010690,0.725318290742202
40407036010690,0
40407044010690,0.583967628661575
40407046010690,0.513851033302305
40407051010690,0.87260741153764
40407057010690,0.87275721288696
40407060010690,0.479522471374721
40407064010690,0.515992715131348
40407065010690,0.757613197620874
40407071010690,0.49949058537083
40407077010690,0.82125624000282
40407079010690,0
40407080010690,0
40407096010690,0
40407101010690,0.875491453271609
40407109010690,0
40407115010690,0.74367370725859
40407123010690,0.654620978694981
40407124010690,0
40407125010690,0.812311303201845
40407131010690,0.851394470055889
40407172010690,0.829238964892089
40407180010690,0.724459148530912
40407183010690,0.830089860288542
40407529010690,0.16936197652365
40407530010690,0.108208030469663
40407532010690,0.607003630000274
40407533010690,0.550689034690566
40407534010690,0.602689463636953
40407535010690,0.60084649570421
40407537010690,0.656672173768761
40407538010690,0.7986097147243
40407540010690,0.283334715580891
40407542010690,0.595739155517078
40407544010690,0.745451933440997
40407545010690,0.77861330592369
40407547010690,0.0770243829961789
40407548010690,0.662600103960357
40407550010690,0.785943772363313
40407551010690,0.647415598905259
40407554010690,0.161460340428468
40407557010690,0.066229355295953
40407560010690,0
40407561010690,0.654450135717654
40407563010690,0.559018546852828
40407566010690,0.745014936031223
40407567010690,0.579723557894791
40407569010690,0.562742010001859
40407570010690,0.702807998687324
40407571010690,0.549436777866958
40407572010690,0.46504789855903
40407574010690,0.187568683452232
40407575010690,0.668726698051941
40407576010690,0.864327660741563
40407577010690,0.698616701203596
40407578010690,0.401338192955203
40407581010690,0.796975523273676
40407582010690,0
40407583010690,0
40407586010690,0.373470590977137
40407587010690,0
40407588010690,0.551205885318826
40407589010690,0.749701182633533
40407591010690,0.805052315773556
40407596010690,0.851256917148773
40407597010690,0
40407600010690,0.859984009300979
40407602010690,0.677316391566759
40407603010690,0
40407605010690,0.680747537892678
40407608010690,0
40407609010690,0.661172755351215
40407611010690,0.546097363041405
40407612010690,0.584099045543746
40407614010690,0
40407617010690,0
40407618010690,0
40407622010690,0.771769718476833
40407623010690,0.306983125211894
40407626010690,0
40407627010690,0.79477654396821
40407629010690,0.815312728355013
40407634010690,0.880987482074881
40407637010690,0.574872129722683
40407638010690,0
40407641010690,0.494529555111793
40407643010690,0
40407644010690,0
40407651010690,0.664591193064973
40407652010690,0.715156622825738
40407653010690,0.659538810221894
40407654010690,0.231557639145255
40407655010690,0
40407657010690,0
40407659010690,0
40407660010690,0
40407709010690,0.731108327080697
40407737010690,0
40416064010690,0.708401739960216
40416071010690,0.488040913109389
40416219010690,0
40416220010690,0.615075191742655
40416232010690,0.601704037341652
40416244010690,0
40416245010690,0.854768409891193
40416254010690,0.69922886686103
40416258010690,0.678235598784834
40416264010690,0.599309353178172
40416267010690,0.847589021758315
40416279010690,0
40416281010690,0.715876677440407
40416282010690,0.803243028713417
40416283010690,0.795892244118313
40416293010690,0.747449145756066
40416294010690,0.329204943987853
40416304010690,0
40416305010690,0.692216177631229
40416306010690,0.597652603599189
40416377010690,0.521667239275941
40416392010690,0.165877840684172
40416425010690,0
40416435010690,0
40416461010690,0.922124011480137
40416473010690,0.661369027897454
40416485010690,0
40416501010690,0.878886492890063
40416545010690,0.586572671005962
40416546010690,0.70468970979107
40416593010690,0.649613191177599
40417303010690,0
40417305010690,0.795163713850682
40417306010690,0.848771502277682
40417325010690,0.762467944340503
40417326010690,0.829494075074597
40417327010690,0
40417328010690,0.675555013299415
40417347010690,0.74991600388977
40417349010690,0
40417350010690,0
40417351010690,0
40417367010690,0.799501125661146
40417368010690,0
40417386010690,0.697422808286264
40417387010690,0.870220729655619
40417388010690,0
40417397010690,0.861458867840616
40417398010690,0.0760363658842959
40417405010690,0.650898168958214
40417412010690,0.927758659049472
40417413010690,0
40417414010690,0.800549455569008
40417421010690,0.735987696634005
40417428010690,0
40417431010690,0
40417437010690,0.816615470451349
40417445010690,0.849140761660176
40417448010690,0
40417449010690,0
40417450010690,0
40417454010690,0.274795800612069
40417463010690,0
40417466010690,0
40417468010690,0.366060356473728
40417469010690,0.868548892681798
40417470010690,0
40417474010690,0.867248541230962
40417483010690,0.400378155759062
40417484010690,0.470530656238293
40417486010690,0.876194522399024
40417492010690,0.345882673808042
40417493010690,0.528575385945843
40417540010690,0.69839164818399
40417544010690,0.825971371545229
40417551010690,0.298501641188657
40417553010690,0.134880164397284
40417558010690,0
40417562010690,0.4586224328019
40417563010690,0.556778087918952
40417567010690,0.513564453713158
40417822010690,0.823693389075593
40417851010690,0.719356610995798
40418116010690,0.726088604948461
40418120010690,0
40418131010690,0.731415020679609
40418135010690,0.285452438780841
40418136010690,0.548736342980051
40418138010690,0.727945118681694
40418139010690,0.644224921344343
40418140010690,0.71200142025551
40418142010690,0.805404744205094
40418143010690,0
40418146010690,0.475518173988037
40418147010690,0.585527508739313
40418148010690,0.861544064549863
40418150010690,0
40418155010690,0.616389010284605
40418157010690,0
40418161010690,0.48558686170097
40418168010690,0
40418174010690,0.712130639034059
40418175010690,0.752474551058553
40418183010690,0.721981665417508
40418186010690,0.562878811924465
40418200010690,0.868312068059966
40418201010690,0.773243254598835
40418296010690,0.679712981384181
40418366010690,0.713483331265864
40418389010690,0.655558230639077
40418390010690,0
40418412010690,0
40418428010690,0.8229129148513
40418448010690,0.81044627115234
40418449010690,0.891965644579804
40418472010690,0.778149796994934
40418510010690,0.721519647779379
40418550010690,0
40418551010690,0.802480473970914
40418568010690,0.677155963073808
40418581010690,0
40418583010690,0.734397681730049
40418600010690,0.879824813835453
40418617010690,0.837630164299239
40418619010690,0.571680419585865
40418632010690,0.723254111935411
40418734010690,0
40418771010690,0
40418776010690,0
40418801010690,0.51522849638462
40418802010690,0.503764631613854
40418803010690,0.534715252198101
40418804010690,0.675815106330106
40419028010690,0
40419073010690,0
40419143010690,0.646779012774004
40419144010690,0.577016554907088
40419145010690,0.65706212810333
40419146010690,0.732465220939879
40419150010690,0.757496207371228
40419151010690,0.770838982541839
40419179010690,0.638713179498097
40419180010690,0.906145796709807
40419181010690,0.597933668558273
40419203010690,0
40419216010690,0.086357349941899
40419217010690,0.444034849862598
40419225010690,0.468099766907336
40419226010690,0.525862869043977
40419236010690,0.585467435005149
40419237010690,0.606126389752472
40419247010690,0.407700003980694
40419258010690,0
40419259010690,0.746822820287917
40419269010690,0.373982244244152
40419271010690,0.505185866236179
40419425010690,0.760791691313758
40419427010690,0.91597131120163
40419429010690,0.509554205109803
40419441010690,0.615180054458406
40419442010690,0
40419665010690,0
40419667010690,0.306983125211894
40419668010690,0
40419669010690,0
40419670010690,0
40419671010690,0.870678927163699
40419674010690,0
40419679010690,0.2868703663601
40419684010690,0.315521694092934
40419685010690,0
40419689010690,0.63820832250123
40419696010690,0
40419697010690,0
40419698010690,0
40419700010690,0
40419701010690,0
40419702010690,0.682894385537425
40419704010690,0
40419706010690,0
40419710010690,0
40419719010690,0
40419724010690,0
40419727010690,0
40419730010690,0
40419731010690,0
40419734010690,0
40419735010690,0
40419737010690,0
40419738010690,0
40419746010690,0
40419750010690,0.365689582663488
40419752010690,0
40419753010690,0.350184821516459
40419756010690,0.194800621254969
40419759010690,0
40419760010690,0.330743103316738
40419762010690,0
40419769010690,0.609221408182042
40419770010690,0.682033247360288
40419771010690,0
40419773010690,0.763872082211317
40419794010690,0.797457881271514
40419924010690,0.518313840444738
40419929010690,0
40419930010690,0.49537810532841
40419931010690,0.876722831592114
40420263010690,0
40420560010690,0.611365071614111
40420561010690,0.108308585520564
40420568010690,0.738540405366844
40420571010690,0.564119021767608
40420584010690,0
40420586010690,0.104741117395193
40420591010690,0
40420592010690,0.768626053349546
40420595010690,0
40420596010690,0.496249850922909
40420598010690,0
40420610010690,0.105782427676331
40420611010690,0.066229355295953
40420612010690,0.108792527303921
40420614010690,0.594717412242151
40420617010690,0
40420620010690,0
40420633010690,0.558639420887851
40420634010690,0.841491993909451
40420639010690,0
40420645010690,0.617317833769753
40420647010690,0.074095377074705
40420660010690,0.0741897221458316
40420661010690,0.222222377459732
40420662010690,0.168271665327102
40420664010690,0.339831827045235
40420689010690,0.161335532688801
40420690010690,0.598593671775012
40420691010690,0.531811955715994
40420693010690,0.867331654787498
40420697010690,0
40420713010690,0.472577032578596
40420714010690,0.114599270169929
40420715010690,0.730312114622088
40420716010690,0.865670505211321
40420717010690,0.338296515449625
40420720010690,0
40420734010690,0.884513070126275
40420735010690,0.0858858773788378
40420738010690,0.107535080668035
40420746010690,0
40420758010690,0.748303136067121
40420765010690,0
40420778010690,0.642450801507595
40420780010690,0
40420794010690,0.580130529924034
40420796010690,0.635378631041885
40420797010690,0
40420812010690,0.566700338650404
40420813010690,0.755669823917116
40420833010690,0
40420834010690,0
40420835010690,0
40420836010690,0
40420837010690,0.331688927370394
40420845010690,0
40420846010690,0
40420861010690,0
40420863010690,0
40420880010690,0
40420896010690,0.395056243639414
40420901010690,0
40420910010690,0
40420911010690,0
40420914010690,0
40420924010690,0.782955509419439
40420926010690,0.886549929028242
40420928010690,0
40420944010690,0
40420947010690,0
40420948010690,0
40420961010690,0.898463353355288
40420964010690,0
40420989010690,0
40420995010690,0.605163826529894
40421000010690,0.82124719833679
40421010010690,0.310422905882732
40421011010690,0
40421014010690,0.62708786464683
40421015010690,0.703007222626843
40421022010690,0.467134136185223
40421023010690,0
40421024010690,0
40421030010690,0.0800478031188697
40421036010690,0.0858858773788378
40421038010690,0.066229355295953
40421040010690,0.175450600783617
40421041010690,0.615023435467181
40421043010690,0.219395129991073
40421044010690,0.536620509087161
40421045010690,0.487254751565986
40421049010690,0
40421062010690,0.707366047220996
40421063010690,0.658232897971856
40421068010690,0.550771729726469
40421071010690,0.0769326344250753
40421075010690,0.3696774922556
40421077010690,0.78058374788069
40421079010690,0
40421283010690,0
40421284010690,0.861374220381513
40421286010690,0
40421302010690,0
40421303010690,0.734008002139163
40421305010690,0
40421322010690,0.474639449340304
40421338010690,0.700385270927055
40421339010690,0.67954562354482
40421340010690,0.652170686724829
40421354010690,0
40421355010690,0.545379734023217
40421356010690,0.764654239888852
40421370010690,0.846915855176894
40421371010690,0.481173665242253
40421372010690,0.484360978672213
40421384010690,0.760109012396822
40421385010690,0.61655496300225
40421416010690,0.573480436178032
40421421010690,0.59173367737701
40421422010690,0.657822946472009
40421430010690,0.751317325859603
40421431010690,0.0441193632036097
40421434010690,0
40421439010690,0.724570573017778
40421441010690,0
40421444010690,0
40421445010690,0
40421451010690,0.454232393397143
40421454010690,0
40421455010690,0
40421457010690,0.83214725261916
40421463010690,0.877674240598746
40421465010690,0.626546491046704
40421466010690,0.66520382306322
40421469010690,0
40421470010690,0
40421472010690,0.564089885868343
40421473010690,0.692434346282639
40421474010690,0.812203665529607
40421476010690,0.867323180864745
40421481010690,0
40421484010690,0.524274699601432
40421486010690,0.417270555438768
40421488010690,0
40421492010690,0.883200548838847
40421495010690,0.785328183385669
40421496010690,0
40421497010690,0
40421498010690,0
40421500010690,0.489148065203019
40421510010690,0
40421513010690,0.457464595980779
40421514010690,0.765649688637766
40421525010690,0
40421529010690,0
40421536010690,0.636636227108787
40421538010690,0
40421563010690,0.922749847391375
40421566010690,0.588735546591275
40421579010690,0.801686079400889
40421581010690,0
40421596010690,0
40421607010690,0.88064057608963
40421609010690,0.650479533849845
40421624010690,0.826533463776206
40421629010690,0.651599230460099
40421640010690,0.749521654162701
40421641010690,0.524426343247755
40421656010690,0.641274569459302
40421676010690,0.509031187735807
40421696010690,0.697920527661181
40421697010690,0.240932881499313
40421723010690,0.221692113476196
40421765010690,0
40421766010690,0.67495079962188
40421775010690,0.673858178178484
40421789010690,0.5929062012269
40421791010690,0.594135303923783
40422617010690,0.0757396165370254
40422618010690,0.688590870926236
40422619010690,0.16936197652365
40422622010690,0.335638130356458
40422624010690,0.623433875912389
40422625010690,0.604679829037543
40422626010690,0.121518992765606
40422627010690,0.550597996617375
40422630010690,0.599202183018997
40422633010690,0.0603369340449998
40422634010690,0.0603369340449998
40422640010690,0.074095377074705
40422641010690,0.575693887861236
40422642010690,0.758215660301632
40422644010690,0.670054969609335
40422645010690,0.662538354530474
40422646010690,0.716704572475279
40422648010690,0.714925291079545
40422649010690,0.695784610316612
40422650010690,0.747741825771114
40422656010690,0.512940264908751
40422657010690,0.525327971014003
40422659010690,0.154037275606225
40422664010690,0.663909119971893
40422665010690,0.708299648690989
40422667010690,0.88348275749803
40422668010690,0.704675984696394
40422669010690,0.590291156961847
40422671010690,0.845257849903362
40422672010690,0.644343597777596
40422674010690,0.734094140369461
40422675010690,0.340949681390516
40422676010690,0
40422678010690,0.596688841407387
40422679010690,0.304817007000461
40422680010690,0.36680920488336
40422682010690,0.239535049848124
40422683010690,0.159231469284855
40422684010690,0.332835475167382
40422687010690,0.737769831779216
40422688010690,0.0914769120718279
40422690010690,0
40422692010690,0.71281208331486
40422694010690,0.776979510349126
40422695010690,0.113365050088879
40422697010690,0
40422699010690,0.107590527281358
40422701010690,0.62889400039179
40422702010690,0.507923757833214
40422703010690,0.544216360556963
40422705010690,0.101807647218881
40422706010690,0.180381111285706
40422707010690,0.119131326958719
40422709010690,0.847573068385079
40422710010690,0
40422712010690,0.822888575318553
40422713010690,0.87877810402088
40422714010690,0.723961985687237
40422717010690,0.277979214209496
40422718010690,0.744604329814107
40422720010690,0.355680954203682
40422721010690,0.693318487733354
40422723010690,0.469676949620859
40422725010690,0.838076312034019
40422726010690,0.766196245820009
40422727010690,0.607045622903253
40422730010690,0.825277781936443
40422733010690,0
40422734010690,0
40422740010690,0
40422741010690,0
40422743010690,0.861159564631174
40422749010690,0.845913189953753
40422752010690,0
40422754010690,0.458698390881944
40422755010690,0.588371148328016
40422756010690,0
40422757010690,0
40422759010690,0
40422765010690,0.716767063191463
40422767010690,0.744911707712903
40422768010690,0.698619491692695
40422769010690,0.568887092952996
40422770010690,0.163424981533033
40422771010690,0
40422775010690,0.765373348670326
40422779010690,0.862142815913953
40422781010690,0
40422783010690,0
40422785010690,0
40422789010690,0.878348955208841
40422790010690,0
40422791010690,0
40422800010690,0
40422806010690,0.0769326344250753
40422807010690,0
40422808010690,0.401542373043986
40422811010690,0
40422813010690,0.831618846393583
40422817010690,0
40422819010690,0.473692476268769
40422820010690,0
40422821010690,0
40422822010690,0.168219192753747
40422823010690,0
40422824010690,0
40422831010690,0.863469344068568
40422841010690,0
40422842010690,0
40422849010690,0
40422850010690,0.167702144472381
40422852010690,0.654383083358465
40422853010690,0
40422857010690,0
40422859010690,0
40422861010690,0.857768529768592
40422863010690,0.78076622566596
40422869010690,0
40422872010690,0
40422874010690,0.592488855691121
40422876010690,0.690556012659242
40422881010690,0
40422882010690,0
40422883010690,0.859789758904147
40422885010690,0
40422887010690,0
40422889010690,0
40422891010690,0.6574057153535
40422896010690,0
40422897010690,0.514884648242126
40422898010690,0.845474951941446
40422900010690,0.26169026824199
40422901010690,0.542692789429712
40422902010690,0.344045492059379
40422903010690,0.615392687217537
40422904010690,0.565914330093602
40422905010690,0.582014627834849
40422906010690,0.801669481841368
40422907010690,0.250841419406046
40422910010690,0.704560614705552
40422912010690,0
40422915010690,0.0603369340449998
40422921010690,0
40422922010690,0.655166585165903
40422927010690,0
40422928010690,0.679709169934589
40422932010690,0
40422934010690,0
40422935010690,0
40422936010690,0.570998249833922
40422939010690,0
40422940010690,0.468040489018002
40423063010690,0
40423069010690,0.472957875795367
40423070010690,0.357665836116705
40423237010690,0.760922349832438
40423240010690,0
40423241010690,0.790654323356753
40423552010690,0
40423675010690,0
40423796010690,0
40424742010690,0
40425104010690,0
40425162010690,0
40425165010690,0
46193074020004,0
48337544020004,0
50561701020004,0
50561706020004,0
50561721020004,0
50561752020004,0
50561758020004,0
50561799020004,0
50561826020004,0
50561894020004,0
50561929020004,0
50562367020004,0
50562444020004,0
50562497020004,0
50562531020004,0
50562532020004,0
50562533020004,0
50562559020004,0
50562648020004,0
51090170020004,0
54824782020004,0.731236407630014
55859937020004,0
188756821020004,0
188756916020004,0
188757142020004,0
188757143020004,0
188757149020004,0
188757172020004,0
188757231020004,0.687893530142073
188757344020004,0
188757553020004,0
188757590020004,0
188757595020004,0.659510807377878
188758039020004,0
188758292020004,0
188758297020004,0
188758310020004,0
188758318020004,0
188758409020004,0
188758412020004,0.718106288105355
188758414020004,0.795305854062338
188758429020004,0
188758437020004,0.545829458979082
188759172020004,0
188759239020004,0
188759444020004,0
188759502020004,0.874308218277573
188759581020004,0
188759871020004,0
188760061020004,0
188760090020004,0
188760119020004,0.137941418482739
188760176020004,0
188760599020004,0
188760616020004,0
188760658020004,0
188760739020004,0
188761410020004,0
188761599020004,0.241600558801397
188761691020004,0
188761694020004,0
188761713020004,0
188761863020004,0.74363411722216
188762051020004,0
188762281020004,0.184737490497746
188762409020004,0
188762539020004,0.175878425356193
188762565020004,0.598671352279321
188762600020004,0.731471392163773
188762630020004,0.190178029799844
188762640020004,0.252664586401081
188762716020004,0.10197042500066
188762766020004,0.473450517932842
188762780020004,0.203889765404733
188762908020004,0
188763072020004,0.644280471240531
188763073020004,0
188763129020004,0.0764079357198033
188763221020004,0.422090330238616
188764124020004,0.2868703663601
188764255020004,0.507160493367847
188764262020004,0.287037442297737
188764268020004,0
188764286020004,0
188764287020004,0.184068626272792
188764315020004,0
188764326020004,0.159780673382246
188764349020004,0.615748481705192
188764351020004,0
188764358020004,0.164564042399939
188764382020004,0.215359050467614
188764401020004,0.823118085178678
188764433020004,0
188764559020004,0.125958859587246
188764566020004,0.135394974169859
188764908020004,0.161430763530964
188765604020004,0.164167782845019
188765750020004,0.158088685514952
188765791020004,0
188765792020004,0.097022148366523
188765839020004,0.188817756535685
188765864020004,0.150677747512225
188765907020004,0.0769444259248243
188766095020004,0.546253409051489
188766150020004,0.256268912498559
188766298020004,0.324848734137776
188766331020004,0.0857806054683594
188766527020004,0.913656192872157
188767075020004,0.119567393955379
188767254020004,0.074095377074705
188767413020004,0
188767437020004,0.168938412802964
188767542020004,0.608666213573731
188767549020004,0.127690946166579
188767623020004,0
188767671020004,0.0923513923659918
188767943020004,0
188767956020004,0.793567777108167
188768103020004,0
188768132020004,0.127101643357149
188768983020004,0.172669128925291
188768998020004,0.296935776488549
188769096020004,0
188769109020004,0.066229355295953
188769178020004,0
188769188020004,0.202991992076913
188769475020004,0.917620095848576
188769478020004,0.0741897221458316
188769479020004,0.639239022443201
188769480020004,0.490357614000768
188769481020004,0.0523844508841517
188769534020004,0
188770240020004,0
188770271020004,0.0735575572712412
188770281020004,0.254862427633024
188770370020004,0
188770471020004,0.156051582968851
188770507020004,0
188770510020004,0
188770529020004,0.066229355295953
188770538020004,0.17972351822934
188770609020004,0.0451193632036097
188770614020004,0.633447953909589
188770702020004,0.713563293994066
188770734020004,0
188770735020004,0
188770888020004,0.0603369340449998
188771047020004,0
188771116020004,0
188771121020004,0.140014026648985
188771243020004,0.590671988089622
188771257020004,0.622888075674397
188771330020004,0
188771457020004,0.210435966363109
188771503020004,0.530640188885032
188771527020004,0.0986776897675448
188771550020004,0
188771565020004,0.201680707719627
188771578020004,0.762010287399944
188771580020004,0
188771582020004,0.21804029268065
188771614020004,0
188771666020004,0
188771701020004,0
188771859020004,0.208086782710983
188772019020004,0
188772097020004,0.158541410273648
188772123020004,0.0963197369838163
188772344020004,0.0769326344250753
188772367020004,0
188772372020004,0.636739263295246
188772380020004,0
188772450020004,0.233241810229554
188772485020004,0.0764079357198033
188772501020004,0
188772505020004,0
188772512020004,0.202799893935354
188772661020004,0
188772889020004,0.125091201505034
188772897020004,0.481911045831113
188772906020004,0.198362585168855
188773098020004,0.689176639119407
188773255020004,0
188773326020004,0.701481135247561
188773332020004,0
188773399020004,0
188773444020004,0.246664190936323
188773663020004,0
188773758020004,0
188773872020004,0
188774219020004,0.108541363802996
188774384020004,0
188774549020004,0
188774675020004,0
188774705020004,0.16856015888694
188781443020004,0
188782467020004,0
188782500020004,0
188782555020004,0
188786565020004,0
276307951489998,0
282479222489998,0
354844818489998,0
354844865489998,0
354844900489998,0.168278511602928
354844905489998,0.772473685469964
354844962489998,0
354845059489998,0.138458618479729
354845092489998,0.0684369793378962
354845121489998,0.149180125223715
354845130489998,0.177689315927965
354845132489998,0.498443956083717
354845147489998,0.377281670011269
354845158489998,0
354845298489998,0.074095377074705
354845316489998,0.105930562322439
354845317489998,0
354845376489998,0.654932739582291
354845603489998,0
354845607489998,0.179149100914066
355904501489998,0.101807647218881
356002801489998,0.577944267390353
356003028489998,0.550849972483051
356003121489998,0.737117758217545
356003219489998,0.0523844508841517
356003222489998,0.108792527303921
356003288489998,0.218529001479808
356003301489998,0.503640662681185
356003466489998,0.76882199978816
356003467489998,0.529652827221306
356003949489998,0.509701913629193
356003969489998,0
356004462489998,0.674808589281195
431915296489998,0
431917201489998,0
431917247489998,0
431917504489998,0
431917634489998,0
431917683489998,0
704354785126144,0.609846979374156
