"PLT_CN","predagentMPB"
14547091020004,0
14547279020004,0
14547841020004,0
14548644020004,0
14549194020004,0
14549277020004,0
14550197020004,0
37259363010690,0
37261819010690,0
37261822010690,0
37262457010690,0
37262521010690,0
37262723010690,0
37262966010690,0
37263627010690,0
37263658010690,0
37264348010690,0
37264364010690,0
37264380010690,0
37264427010690,0
37264440010690,0
37271545010690,0
37271546010690,0
37271688010690,0
37271850010690,0
37272720010690,0
37272728010690,0
37272776010690,0.919436334598056
37272778010690,0
37272790010690,0
37272793010690,0.559364414664441
37272817010690,0.304903504976373
37272820010690,0.175647526695323
37272845010690,0
37272846010690,0
37272865010690,0
37272877010690,0
37272880010690,0
37272883010690,0
37272896010690,0.639776843783502
37272901010690,0.846094968485087
37272905010690,0.940524222762025
37272906010690,0
37272907010690,0.385511908192898
37272909010690,0
37272910010690,0
37272911010690,0
37272912010690,0.456540520982666
37272958010690,0
37272974010690,0
37272975010690,0
37272982010690,0
37273002010690,0.673084402331164
37273003010690,0.825985291170543
37273004010690,0
37273008010690,0.884847414780202
37273009010690,0.797494435000484
37273010010690,0.723771315167486
37273015010690,0.308736922259483
37273016010690,0.744018430349998
37273019010690,0.92078737297553
37273020010690,0.470219913782879
37273022010690,0.112495228779832
37273031010690,0.545418895519573
37273032010690,0.0224719273553979
37273035010690,0
37273038010690,0.675575263076437
37273039010690,0
37273043010690,0.754073900666301
37273049010690,0.828099041739628
37273052010690,0
37273054010690,0
37273057010690,0
37273061010690,0
37273063010690,0
37273068010690,0
37273069010690,0
37273072010690,0
37273073010690,0
37273074010690,0
37273092010690,0.853935036169081
37273093010690,0.819986930737787
37273094010690,0
37273097010690,0.0466537301529164
37273101010690,0.855351691555596
37273105010690,0
37273106010690,0.733886805252363
37273107010690,0.912113690395049
37273108010690,0.832255609021115
37273162010690,0.70175105469192
37273169010690,0
37273171010690,0
37273184010690,0
37273185010690,0
37273188010690,0.812365871104144
37273189010690,0.848434536487021
37273195010690,0
37273198010690,0.260587757491652
37273202010690,0
37273203010690,0.820976223146762
37273206010690,0.931360461276798
37273207010690,0.786519118471157
37273214010690,0.792193091563215
37273244010690,0
37273337010690,0
37273355010690,0
37273360010690,0
37273363010690,0
37273364010690,0
37273365010690,0
37273420010690,0
37273456010690,0
37273462010690,0
37273494010690,0
37273498010690,0.723483862230855
37273502010690,0.886982623089486
37273506010690,0
37273508010690,0
37273527010690,0
37273528010690,0
37273530010690,0
37273531010690,0
37273532010690,0
37273533010690,0.326873049592612
37273586010690,0
37273587010690,0
37273588010690,0
37273598010690,0
37273620010690,0
37273621010690,0
37273624010690,0
37273625010690,0
37273627010690,0.239503111183299
37273628010690,0
37273632010690,0
37273641010690,0.802490136518955
37273642010690,0
37273648010690,0
37273652010690,0.756298728967375
37273655010690,0.797479682963174
37273656010690,0.833468729968716
37273658010690,0
37273659010690,0
37273662010690,0.615490283788483
37273663010690,0
37273670010690,0
37273671010690,0
37273682010690,0
37273683010690,0
37273685010690,0
37273688010690,0
37273698010690,0
37273699010690,0
37273702010690,0
37273713010690,0.923592511308635
37273721010690,0
37273818010690,0.27976848385119
37273820010690,0.698340139497457
37273822010690,0.511996523558748
37273824010690,0.205279882691692
37273826010690,0.715629196187384
37273828010690,0.894025314098628
37273829010690,0.753392000052921
37273830010690,0.735911685812707
37273833010690,0.756647552607872
37273834010690,0.902064227496947
37273835010690,0.879186830286912
37273838010690,0.889521988296585
37273842010690,0.586389920573736
37273867010690,0
37273868010690,0.812428079154951
37273870010690,0.854961846317924
37273875010690,0.563788751947991
37273923010690,0.714404706391465
37274005010690,0.855609795919923
37274205010690,0.187185185472199
37274206010690,0.643549655963538
37274251010690,0.786703162023139
37274277010690,0.611100628909108
37274280010690,0.182609791540462
37274281010690,0.565991934915838
37274283010690,0
37274284010690,0
37274288010690,0.188148910851651
37274290010690,0.340245454848628
37274291010690,0.0578298459716365
37274292010690,0.765492821183363
37274293010690,0.710157235341317
37274294010690,0.741767296388865
37274295010690,0.474473450501743
37274296010690,0
37274298010690,0.594368345406197
37274305010690,0.740496269487397
37274306010690,0.169788112091163
37274308010690,0
37274309010690,0
37274310010690,0.754579823946909
37274311010690,0.137922408287721
37274313010690,0.734418726438008
37274314010690,0.564905666680572
37274315010690,0
37274317010690,0
37274318010690,0
37274319010690,0.184509859229937
37274320010690,0
37274321010690,0
37274322010690,0
37274323010690,0
37274324010690,0.452787465617444
37274325010690,0
37274326010690,0.76843751017208
37274327010690,0
37274328010690,0
37274329010690,0.250250411055913
37274331010690,0
37274333010690,0
37274340010690,0.802623951545946
37274349010690,0.781157534697647
37274352010690,0.909990792930494
37274353010690,0.704975057086824
37274354010690,0
37274355010690,0.83000909484305
37274356010690,0.868444275918451
37274357010690,0
37274358010690,0
37274359010690,0.0271884099450369
37274363010690,0.0267446546051486
37274417010690,0.843020081315379
37274447010690,0
37274461010690,0.6550303610477
37274462010690,0.778523786201191
37274463010690,0.804516130632218
37274465010690,0.64973058819724
37274467010690,0.372971814908049
37274468010690,0.782002737008076
37274470010690,0
37274472010690,0.196376273180829
37274473010690,0.063988661578098
37274475010690,0.65924845451846
37274477010690,0.869514606300687
37274505010690,0.830798126452957
37274509010690,0.797947858424554
37274512010690,0.759622949334165
37274517010690,0.789771946369955
37274521010690,0.668026143695068
37274530010690,0.74311854476334
37274533010690,0.388599487447799
37274535010690,0.878469642326301
37274538010690,0.835997041450236
37274546010690,0
37274550010690,0
37274554010690,0.253474990607718
37274559010690,0.458991047220995
37274567010690,0.658528468510737
37274576010690,0.865318024916781
37274578010690,0
37274580010690,0.650244575047781
37274585010690,0.777544630593611
37274587010690,0.33036992705746
37274590010690,0.805489706412527
37274596010690,0.46829702566662
37274597010690,0.788820648361936
37274616010690,0.748141523234727
37274618010690,0
37274619010690,0
37274620010690,0.262240144510821
37274622010690,0
37274623010690,0.0398132364350635
37274625010690,0
37274626010690,0
37274627010690,0.850868496380931
37274628010690,0.0518885702685261
37274629010690,0
37274632010690,0
37274633010690,0
37274634010690,0.17575044474154
37274635010690,0.514286450449982
37274637010690,0.359872515370896
37274639010690,0.200000482341517
37274640010690,0.353989181336256
37274642010690,0.449991047220995
37274643010690,0.567722411056841
37274645010690,0.518418605843254
37274646010690,0
37274648010690,0
37274649010690,0.302347300384772
37274650010690,0.712066305673283
37274651010690,0.30307652756636
37274652010690,0.29009196755494
37274653010690,0
37274655010690,0
37274657010690,0.142680900608208
37274697010690,0.881601734583539
37274699010690,0.934451595692522
37274702010690,0
37274708010690,0.951694573532458
37274718010690,0.821198704579915
37274728010690,0.707738402662062
37274733010690,0.872020713971052
37274734010690,0.737866563897432
37274739010690,0.718613397134218
37274746010690,0
37274751010690,0
37274752010690,0.454506307240478
37274753010690,0
37274755010690,0
37274756010690,0.564076985218474
37274757010690,0.499848134350452
37274759010690,0.666741415698258
37274762010690,0
37274765010690,0.292721058237389
37274769010690,0
37274770010690,0
37274771010690,0.472480951319333
37274772010690,0.165272056599621
37274779010690,0.233807090905637
37274783010690,0.056303413899005
37274787010690,0.630376303530473
37274818010690,0.8184485271527
37274821010690,0.694760029113155
37274824010690,0.773388669317086
37274825010690,0
37274828010690,0
37274833010690,0.0269338362239125
37274838010690,0.351479709672129
37274919010690,0
37274970010690,0.830748120092233
37274971010690,0
37274973010690,0
37274974010690,0.536392690577174
37274975010690,0.908169625849965
37274977010690,0.0859984854477073
37274985010690,0.172951236283276
37274988010690,0.441147070503702
37274990010690,0.851329251533723
37274992010690,0
37274994010690,0.572697663527801
37275015010690,0
37275017010690,0
37275018010690,0.886367561302627
37275021010690,0.724654323212279
37275024010690,0
37275026010690,0.572613399352518
37275029010690,0
37275030010690,0.766442988342213
37275031010690,0.666789775434428
37275033010690,0.875931707505746
37275141010690,0
37275143010690,0
37275145010690,0.207621968142473
37275147010690,0.799388064180374
37275149010690,0.736054246159673
37275150010690,0
37275151010690,0.465238413195549
37275156010690,0.54629027198129
37275158010690,0.265855008284498
37275159010690,0.837670807946751
37275160010690,0.269038806447254
37275163010690,0.711894135485243
37275165010690,0.540343102077333
37275166010690,0
37275167010690,0.112495228779832
37275169010690,0.106483954121868
37275194010690,0.632769658120934
37275197010690,0.30852063168772
37275217010690,0.112283518103124
37275237010690,0
37275240010690,0.477461626823797
37275243010690,0.860796635804126
37275255010690,0
37275416010690,0.729888258435784
37275418010690,0
37275421010690,0.484630370323019
37275426010690,0.297194382073474
37275439010690,0.165555612776932
37275441010690,0
37275447010690,0
37275451010690,0
37275460010690,0
37275471010690,0
37275487010690,0
37275493010690,0.182330399987301
37275519010690,0.662313927929952
37275521010690,0
37275525010690,0.172951236283276
37275537010690,0.849903664863256
37275539010690,0
37275541010690,0
37275543010690,0
37275548010690,0.181492964488662
37275556010690,0.249674603165161
37275574010690,0.282291175455084
37275577010690,0.817133732092114
37275581010690,0
37275582010690,0.870894114614268
37275583010690,0
37275585010690,0
37275586010690,0
37275588010690,0.75050244506584
37275590010690,0
37275591010690,0.76843926852073
37275592010690,0
37275617010690,0
37275638010690,0
37275640010690,0.761723136985715
37275647010690,0.702396684485348
37275665010690,0.761572604735592
37275667010690,0
37275680010690,0.576553148139147
37275701010690,0.414165333298841
37275703010690,0.480846316995406
37275706010690,0
37275707010690,0.775959729172971
37275710010690,0.586691248814147
37275711010690,0.795892399168081
37275712010690,0.848224741918032
37275717010690,0
37275720010690,0
37275722010690,0.384617341673865
37275724010690,0.851876773025957
37275727010690,0
37275733010690,0.179293066972295
37275735010690,0.771030464072617
37275738010690,0.882511929859381
37275739010690,0.482152626311153
37275744010690,0.0999701791036305
37275751010690,0
37275757010690,0
37275764010690,0.727187280092553
37275774010690,0.519852812175412
37275783010690,0
37275786010690,0
37275787010690,0
37275826010690,0
37275827010690,0.876788819502518
37275828010690,0.736156732212897
37275829010690,0.724140956376453
37275830010690,0.719069270240961
37275831010690,0.689365712551399
37275832010690,0.26337090656779
37275833010690,0.69550825077398
37275835010690,0.509965694891941
37275858010690,0
37275860010690,0.405464311741598
37275861010690,0
37275862010690,0
37275863010690,0.502658953925092
37275865010690,0
37275866010690,0
37275868010690,0
37275869010690,0.928048022554834
37275872010690,0.663730779638501
37275873010690,0.606567427815892
37275876010690,0.382157339023819
37275882010690,0.753300341791999
37275887010690,0.575318947636746
37275890010690,0
37275896010690,0
37275897010690,0.435071215453426
37275899010690,0.629486497873734
37275900010690,0.760101224370324
37275901010690,0
37275903010690,0.733617363475053
37275905010690,0.808452722742234
37275909010690,0.171507812878022
37275910010690,0.725181173812835
37275911010690,0.664927642987523
37275914010690,0.717651639451872
37275915010690,0
37275916010690,0.616043535706723
37275917010690,0.671333540684402
37275919010690,0.844703355687899
37275920010690,0.777633590513532
37275929010690,0.220218312149732
37275932010690,0
37275933010690,0.82250945709917
37275937010690,0
37275938010690,0.821635860555328
37275939010690,0.320771896930779
37275940010690,0
37275943010690,0.512102052542225
37275944010690,0
37275946010690,0.823470520190234
37275971010690,0.0339410042912681
37275973010690,0.405166627274488
37275994010690,0.875821488117235
37275995010690,0.838841370728105
37275996010690,0.536961549801107
37275998010690,0.865694233828926
37275999010690,0.708011216241994
37276000010690,0.598425284438616
37276001010690,0.677460329041672
37276005010690,0.853027960721576
37276009010690,0.195764329600169
37276015010690,0.785864698842616
37276026010690,0.76336389560101
37276040010690,0.835266361709287
37276084010690,0.231083419137747
37276109010690,0
37276200010690,0
37276205010690,0.192024021815432
37276207010690,0.896645859919692
37276208010690,0.268570565914972
37276212010690,0
37276213010690,0.639538742019736
37276214010690,0.295194372462362
37276216010690,0
37276217010690,0.588519293515573
37276220010690,0.430626850519456
37276222010690,0.333435823253401
37276224010690,0
37276225010690,0.820830299138672
37276226010690,0.705737336454915
37276227010690,0
37276228010690,0.179417568758682
37276230010690,0.296327170375735
37276237010690,0.757453741989604
37276258010690,0.857124840169106
37276259010690,0.387723217821446
37276260010690,0.732502277830954
37276263010690,0.606676819467691
37276265010690,0.299271772232014
37276266010690,0
37276268010690,0.767624971977543
37276271010690,0.778119986237828
37276274010690,0
37276279010690,0.578904901510721
37276280010690,0.732162451448498
37276281010690,0.589780651530923
37276283010690,0.537238451252998
37276284010690,0.302693661525158
37276285010690,0.167503360914832
37276288010690,0.783554515809383
37276289010690,0.861665262071254
37276291010690,0.723018783110982
37276295010690,0.852346258148584
37276297010690,0.687562170165212
37277767010690,0
37278373010690,0
39635097010690,0
39635225010690,0
39636209010690,0
39636445010690,0
39636541010690,0
39636552010690,0
39636568010690,0
39636825010690,0
39637217010690,0
39637224010690,0
39637233010690,0
39637253010690,0
40373716010690,0.615135594509334
40373723010690,0
40374253010690,0.882465210300621
40374416010690,0
40383822010690,0
40383826010690,0
40383877010690,0.247591538233887
40383878010690,0.378857305468763
40383907010690,0.650132064383385
40384093010690,0
40384928010690,0
40385149010690,0.213464678776025
40385473010690,0
40387890010690,0
40387891010690,0
40387901010690,0
40387903010690,0
40387953010690,0
40387960010690,0.331041326515846
40387961010690,0
40387968010690,0.915698990263052
40387988010690,0.86111249129358
40387991010690,0.76498666522475
40387993010690,0
40387999010690,0
40388002010690,0
40388009010690,0
40388015010690,0
40388037010690,0
40388044010690,0
40388054010690,0
40388056010690,0
40388057010690,0
40388078010690,0
40388082010690,0
40388105010690,0.742415548430753
40388141010690,0
40388151010690,0
40388152010690,0
40388157010690,0
40388176010690,0
40388177010690,0
40388180010690,0
40388185010690,0
40388186010690,0
40388187010690,0.174934879611947
40388192010690,0.925783522920349
40388193010690,0.791891414316322
40388195010690,0
40388197010690,0.739021573725987
40388201010690,0.897210129438417
40388202010690,0.901175858959822
40388204010690,0.852144929256297
40388205010690,0.699282002658506
40388206010690,0
40388207010690,0
40388208010690,0
40388213010690,0
40388214010690,0.538940009688695
40388216010690,0.696200280249453
40388217010690,0.692240663867297
40388218010690,0.807975188275904
40388219010690,0
40388221010690,0
40388223010690,0
40388224010690,0
40388234010690,0
40388239010690,0.671235821443649
40388242010690,0
40388243010690,0
40388246010690,0
40388247010690,0
40388249010690,0
40388252010690,0
40388253010690,0
40388255010690,0
40388271010690,0
40388272010690,0.808866043321612
40388279010690,0.419670172496155
40388283010690,0
40388285010690,0.852833422439243
40388286010690,0.834044867966588
40388289010690,0.823266502931067
40388341010690,0.667389433027564
40388342010690,0.678338551319359
40388343010690,0.783610203631395
40388345010690,0
40388346010690,0
40388356010690,0
40388359010690,0.504298156799188
40388367010690,0.0644432070326434
40388369010690,0.737764136433849
40388373010690,0.849600798376092
40388374010690,0.869901333005841
40388379010690,0.74046194848752
40388380010690,0.93759729603066
40388383010690,0.177173793069227
40388385010690,0.869251884526851
40388387010690,0.717895994771392
40388388010690,0.784350133694556
40388428010690,0
40388438010690,0
40388502010690,0
40388526010690,0
40388527010690,0
40388530010690,0
40388533010690,0
40388534010690,0.735648021907473
40388583010690,0
40388610010690,0
40388613010690,0
40388627010690,0
40388660010690,0
40388664010690,0.672682340476263
40388665010690,0.834143531412076
40388668010690,0
40388670010690,0.594533095201473
40388671010690,0.739581798644177
40388678010690,0
40388686010690,0.788703220873975
40388702010690,0
40388743010690,0
40388756010690,0
40388774010690,0
40388788010690,0
40388789010690,0
40388794010690,0.835214939073014
40388795010690,0
40388797010690,0
40388803010690,0
40388807010690,0
40388808010690,0
40388811010690,0.183748992450373
40388814010690,0
40388823010690,0.72849549231239
40388824010690,0.672429817319587
40388833010690,0
40388835010690,0
40388836010690,0
40388838010690,0
40388845010690,0
40388851010690,0.756849473644276
40388860010690,0
40388885010690,0.155357979568016
40388890010690,0
40389019010690,0
40389021010690,0
40389022010690,0.493630370323019
40389026010690,0
40389035010690,0
40389041010690,0
40389045010690,0
40389046010690,0.719337469168837
40389049010690,0.276656719563604
40389052010690,0
40389084010690,0.558783787835646
40389085010690,0
40389099010690,0.924738069416295
40389113010690,0
40389117010690,0.786701259175786
40389129010690,0
40389132010690,0
40389139010690,0.335810550318988
40389140010690,0.437107878817544
40389149010690,0.630403431500763
40389150010690,0.188443473859248
40389152010690,0
40389221010690,0.772737167539091
40389225010690,0
40389227010690,0.866116712821353
40389229010690,0
40389230010690,0
40389233010690,0
40389238010690,0
40389240010690,0
40389241010690,0
40389294010690,0.179843704422327
40389303010690,0
40389307010690,0
40389308010690,0
40389309010690,0
40389316010690,0.340245454848628
40389323010690,0.322637848594515
40389328010690,0
40389330010690,0
40389331010690,0.501257950511326
40389362010690,0
40389363010690,0.199540934805158
40389365010690,0
40389367010690,0
40389368010690,0.608584700023413
40389370010690,0
40389371010690,0.453105779461578
40389373010690,0.394713707434631
40389379010690,0
40389383010690,0
40389386010690,0
40389392010690,0.196005379992551
40389393010690,0
40389395010690,0.512909739024509
40389400010690,0.233969163248128
40389408010690,0
40389413010690,0.155346777817716
40389418010690,0.168041302362129
40389419010690,0.27321465656779
40389421010690,0.819043970668578
40389422010690,0
40389423010690,0.170518898318515
40389424010690,0.764932771127513
40389465010690,0
40389468010690,0
40389471010690,0.634038378056337
40389472010690,0
40389476010690,0.533807676765743
40389477010690,0.787953718057218
40389479010690,0.417017719214414
40389482010690,0.536456782544302
40389483010690,0.208512800429378
40389484010690,0
40389496010690,0.869880367600664
40389497010690,0.4758040776953
40389498010690,0
40389499010690,0.521582383281134
40389500010690,0.597343111652684
40389503010690,0
40389504010690,0
40389505010690,0
40389506010690,0.826705972441611
40389507010690,0.197572209382788
40389508010690,0
40389510010690,0
40389511010690,0
40389512010690,0
40389514010690,0.707262456671895
40389515010690,0
40389516010690,0.21926927695883
40389519010690,0
40389520010690,0.227685621434774
40389521010690,0
40389524010690,0.89840302576489
40389526010690,0.66160982445577
40389529010690,0.47435394527012
40389533010690,0.491241002944352
40389534010690,0
40389536010690,0.873558945490413
40389579010690,0
40389613010690,0.221121081475982
40389616010690,0.615359218196176
40389620010690,0.532739528790856
40389623010690,0.762251336305451
40389668010690,0
40389672010690,0
40389677010690,0
40389678010690,0.693715470837926
40389691010690,0
40389696010690,0
40389697010690,0
40389710010690,0.674615655934077
40389714010690,0.820829934344598
40389715010690,0
40389721010690,0.172751614681337
40389766010690,0
40389770010690,0
40389806010690,0.500390506089532
40389815010690,0
40389862010690,0.8167602933382
40389868010690,0
40389869010690,0
40389877010690,0
40389879010690,0
40389887010690,0
40389889010690,0.716777409767662
40389893010690,0
40389895010690,0.626570686692987
40389896010690,0.251017492663044
40389897010690,0
40389898010690,0.912002457247799
40389899010690,0.753641476132908
40389904010690,0
40389905010690,0
40389906010690,0.777887572563397
40389907010690,0.891802657002964
40389911010690,0.923409347076145
40389914010690,0
40389915010690,0.222790874149721
40389935010690,0
40389939010690,0
40389940010690,0
40389946010690,0
40389947010690,0.155183571036395
40389953010690,0
40389957010690,0
40389958010690,0
40389959010690,0.835882783848827
40389960010690,0.0529807459771835
40389961010690,0.299277136245043
40389962010690,0.832883705762453
40389970010690,0.801503259992969
40389974010690,0.895466876583439
40389976010690,0.758858762917576
40389977010690,0
40389978010690,0.729790830642121
40389983010690,0.479904486176691
40389985010690,0
40389987010690,0.612435808003127
40389991010690,0
40389992010690,0.805801116850836
40389993010690,0.216684340224927
40389996010690,0.109305154696989
40390004010690,0.784004343745529
40390005010690,0.869257217362111
40390016010690,0
40390017010690,0.711088276031697
40390021010690,0
40390023010690,0.583679119154511
40390027010690,0
40390030010690,0.687519329668694
40390040010690,0.462248926644845
40390049010690,0.863564593986106
40390051010690,0
40390052010690,0
40390058010690,0
40390077010690,0.0880068034435776
40390090010690,0.622158836201036
40390091010690,0
40390096010690,0.348245490789359
40390097010690,0
40390103010690,0.517591138894297
40390104010690,0.302286468652058
40390105010690,0
40390106010690,0
40390107010690,0
40390108010690,0
40390192010690,0
40390212010690,0
40390213010690,0.739237291882877
40390214010690,0
40390215010690,0.253547074104458
40390217010690,0.860300297996287
40390218010690,0.835148395116281
40390220010690,0.692039229499975
40390221010690,0.731406201695218
40390222010690,0.0312766047351481
40390223010690,0.7812926486647
40390224010690,0.54841150218149
40390226010690,0.56920978275398
40390227010690,0.795149210239067
40390230010690,0.154037475374621
40390233010690,0.46169902620774
40390234010690,0.568108108386621
40390235010690,0.707945754941537
40390237010690,0.510769006758211
40390248010690,0.743762635554855
40390249010690,0.670594939380382
40390253010690,0.713545387338959
40390262010690,0.662963262827273
40390265010690,0.0412711758111312
40390266010690,0.792609221227689
40390308010690,0
40390309010690,0.627724649370262
40390310010690,0
40390311010690,0.88470076874917
40390312010690,0
40390313010690,0
40390314010690,0.692337952780468
40390316010690,0.767048210307544
40390319010690,0
40390321010690,0.803303554320456
40390322010690,0
40390324010690,0.475841135274944
40390325010690,0
40390326010690,0
40390328010690,0
40390330010690,0.882371090653634
40390332010690,0.696367752659994
40390333010690,0
40390334010690,0
40390335010690,0
40390337010690,0.815701909547678
40390339010690,0
40390341010690,0
40390342010690,0.306869842168977
40390343010690,0.241797436896058
40390346010690,0
40390349010690,0
40390357010690,0
40390360010690,0.279406820368893
40390361010690,0
40390371010690,0
40390374010690,0
40390382010690,0.640224718078388
40390393010690,0
40390394010690,0
40390402010690,0
40390403010690,0.496321892625462
40390411010690,0.91843239152686
40390415010690,0.244343430275674
40390417010690,0.249409614421299
40390418010690,0
40390419010690,0.350920949749265
40390420010690,0.700173289753787
40390421010690,0.735231699572757
40390422010690,0.653173305185481
40390426010690,0
40390435010690,0
40390436010690,0
40390437010690,0
40390440010690,0.823873695298082
40390441010690,0.378173364496114
40390442010690,0
40390443010690,0.825904562536748
40390446010690,0
40390447010690,0.406627645102932
40390448010690,0.843280175907409
40390449010690,0.683741303918908
40390450010690,0
40390452010690,0.405767699212414
40390455010690,0
40390456010690,0.411800041192037
40390457010690,0.759709394653166
40390458010690,0
40390459010690,0.847808241454983
40390460010690,0.887787718346117
40390461010690,0
40390462010690,0.401296533635331
40390464010690,0.151249463739851
40390468010690,0.908057542562953
40390469010690,0.74981857494251
40390470010690,0.690234855982904
40390472010690,0.756595190915512
40390473010690,0
40390474010690,0
40390475010690,0.812943731921083
40390480010690,0.948330798150599
40390481010690,0.666014506350591
40390482010690,0
40390483010690,0.567732123696259
40390484010690,0.489727439371851
40390488010690,0
40390489010690,0.391283853606676
40390491010690,0.728388074298303
40390494010690,0.153152576706863
40390495010690,0.816294226786893
40390497010690,0.196636217201657
40390508010690,0.67057943368463
40390515010690,0.787868841091087
40390518010690,0.246115326560584
40390519010690,0.820078078040339
40390520010690,0.769992524118451
40390524010690,0.506671803023041
40390525010690,0.696384806212483
40390529010690,0.595235675821202
40390530010690,0.832886587176644
40390531010690,0.114183540468144
40390534010690,0.572971986582232
40390535010690,0.220870323621272
40390538010690,0.705799109028003
40390539010690,0
40390541010690,0.882098787168745
40390544010690,0
40390545010690,0.511377886910084
40390546010690,0
40390547010690,0.219906941167868
40390548010690,0.141840760470982
40390550010690,0
40390551010690,0
40390553010690,0.83227705356662
40390555010690,0
40390560010690,0.848639836065437
40390563010690,0.908320372291848
40390566010690,0.790390402612079
40390568010690,0
40390569010690,0.877630455673501
40390572010690,0.479562615424012
40390573010690,0
40390577010690,0.827037563001172
40390578010690,0
40390630010690,0.752288727569126
40390636010690,0.735541270654202
40390640010690,0.499069322405282
40390643010690,0.448770298305918
40390644010690,0.425686475410933
40390668010690,0
40390669010690,0
40390680010690,0.821693698288537
40390692010690,0.221121081475982
40390710010690,0.656937436229675
40390714010690,0.759983731733697
40390715010690,0.828423912296741
40390716010690,0
40390717010690,0.568204775725382
40390723010690,0.221129707844625
40390726010690,0.838496228741934
40390727010690,0.290337372692011
40390729010690,0.824573407276395
40390732010690,0.910342922433666
40390734010690,0.260723139688485
40390736010690,0.13450123926962
40390737010690,0.542764813583321
40390741010690,0.821973773200885
40390745010690,0.856511534018898
40390747010690,0.62879035348269
40390749010690,0.828595973973893
40390756010690,0.820813405842847
40390757010690,0.890071466934074
40390759010690,0.656586935079619
40390770010690,0.321645653641498
40390771010690,0.851018379525917
40390773010690,0.802111454695017
40390776010690,0
40390778010690,0.803735211248522
40390781010690,0.839220470648253
40390789010690,0.327401656624359
40390790010690,0
40390791010690,0
40390796010690,0.153127149673463
40390802010690,0.4856162454998
40390805010690,0
40390806010690,0
40390810010690,0
40390816010690,0.399416547241843
40390823010690,0
40390830010690,0
40390833010690,0.852119840941349
40390834010690,0.753674618733484
40390835010690,0.574816228187879
40390839010690,0.0936593850619316
40390845010690,0.0565667218699424
40390846010690,0.759776878134283
40390848010690,0.337941568825955
40390849010690,0.695635826252021
40390852010690,0
40390856010690,0
40390925010690,0.514259778006118
40390926010690,0.877475249739138
40390969010690,0
40391309010690,0
40391329010690,0
40391330010690,0.734529039761085
40391331010690,0
40391335010690,0.849031214275618
40391346010690,0.727527869983033
40391348010690,0.346484999689849
40391349010690,0.268542896531637
40391355010690,0.873953158395841
40391356010690,0.188549172641972
40391358010690,0.403180546778619
40391360010690,0.56461581756124
40391363010690,0
40391365010690,0
40391370010690,0.168944777102882
40391371010690,0
40391373010690,0.427209426325689
40391374010690,0.531395456056082
40391375010690,0
40391378010690,0
40391380010690,0.0572708758719688
40391382010690,0
40391383010690,0
40391384010690,0
40391385010690,0.658563804508965
40391387010690,0
40391388010690,0.638786586539166
40391389010690,0.807078035759346
40391390010690,0
40391391010690,0
40391393010690,0
40391394010690,0
40391395010690,0
40391396010690,0.38041314194473
40391397010690,0
40391398010690,0.47845381480841
40391401010690,0
40391402010690,0.412373259388097
40391405010690,0
40391406010690,0.789924371697712
40391409010690,0.468929210207691
40391421010690,0.820160582516866
40391423010690,0.220644441727569
40391425010690,0
40391484010690,0.619262005085097
40391486010690,0.688390041174794
40391491010690,0
40391493010690,0
40391497010690,0
40391503010690,0
40391504010690,0
40391505010690,0.333710629574902
40391510010690,0
40391511010690,0.533647321918979
40391512010690,0.684773858887996
40391513010690,0
40391514010690,0.316896934959273
40391516010690,0.805379308678211
40391517010690,0.405035113866732
40391519010690,0.735169778121409
40391520010690,0.788073516865119
40391521010690,0
40391522010690,0.201576840626162
40391523010690,0.476783339326921
40391525010690,0
40391528010690,0.734361000999206
40391529010690,0.57600691488996
40391531010690,0
40391538010690,0
40391541010690,0.375008881437384
40391543010690,0.816075834128044
40391544010690,0.32289914337165
40391545010690,0.472139946282497
40391547010690,0.180669159323754
40391548010690,0.81587528231997
40391553010690,0.738804776063095
40391555010690,0.179408209417403
40391556010690,0
40391559010690,0.50558671755605
40391561010690,0.19130164061185
40391563010690,0.446285832810568
40391564010690,0
40391568010690,0.776710786895994
40391570010690,0.836722477219646
40391571010690,0.503595971779677
40391572010690,0.538484752664345
40391574010690,0.685057807791275
40391575010690,0.253982522615604
40391576010690,0.660697337357379
40391577010690,0.466442678529857
40391579010690,0.735004808565147
40391580010690,0
40391581010690,0.592558789668169
40391582010690,0.745244437219139
40391583010690,0.735980151451463
40391584010690,0
40391586010690,0
40391587010690,0
40391588010690,0.73323755616332
40391589010690,0.737162710156556
40391591010690,0.279670160016722
40391594010690,0.85764278245314
40391596010690,0.172602413913368
40391597010690,0.490912671806086
40391600010690,0.173879547394389
40391604010690,0.816079142562727
40391605010690,0.40909047728564
40391606010690,0.727554306661398
40391611010690,0
40391738010690,0
40391858010690,0.662667892050775
40391907010690,0.46191143823172
40391964010690,0
40392054010690,0
40392081010690,0.491865177827905
40392092010690,0.870917648212365
40392288010690,0
40392304010690,0
40392325010690,0
40392326010690,0
40392370010690,0.729007559530041
40392416010690,0
40392468010690,0
40392477010690,0
40392639010690,0.805818275620438
40392663010690,0.232112295906811
40392961010690,0
40392969010690,0
40393291010690,0
40393452010690,0
40393573010690,0
40393576010690,0
40393602010690,0.044120941702915
40393651010690,0
40393864010690,0
40393865010690,0.884362592381447
40393868010690,0.653402755664281
40393870010690,0.757603181048059
40393872010690,0.919101295288135
40393874010690,0.813294134206776
40393876010690,0.768433708222721
40393879010690,0.170257263189073
40393881010690,0.608437454771912
40393882010690,0.684050667841501
40393883010690,0
40393885010690,0.907172213401543
40393888010690,0.79735144583924
40393890010690,0.710740903628393
40393891010690,0.187656862091869
40393894010690,0.865848111350715
40393902010690,0.712581179199873
40393908010690,0.746952949226141
40393912010690,0.819020262326389
40393916010690,0.775439898873059
40393919010690,0.834614554471177
40393933010690,0.639590285495868
40393937010690,0.656416105971842
40393947010690,0
40393952010690,0
40393974010690,0.755213915322618
40393977010690,0.766928130629589
40393978010690,0.746944408592047
40393986010690,0
40394192010690,0.868838143605495
40394201010690,0.763170044800932
40394204010690,0.733231144690302
40394238010690,0.638659855407207
40394245010690,0.538422861288227
40394250010690,0.822880446779961
40394255010690,0.717859796162471
40394264010690,0.565047987218183
40394265010690,0
40394391010690,0.508250386485756
40394392010690,0.821569636123927
40394394010690,0.65682025190009
40394474010690,0.811148604103302
40394659010690,0.885837636741748
40394660010690,0.44134048877991
40394664010690,0.372495795126212
40394666010690,0.429660684911075
40394667010690,0.591785685412621
40394668010690,0.773723089941068
40394669010690,0.600632913779642
40394670010690,0.270430584166625
40394804010690,0.188974946949139
40394805010690,0.633138447139914
40394806010690,0
40394810010690,0.724337834221821
40394811010690,0.792327275669209
40394812010690,0.189238315359423
40394813010690,0
40394814010690,0
40394816010690,0
40394818010690,0
40394821010690,0.161382856285662
40394822010690,0
40394824010690,0.75994126059213
40394827010690,0.837319159054404
40394828010690,0.258771365597928
40394829010690,0.567850876729293
40394830010690,0
40394832010690,0
40394833010690,0.811806658337741
40394834010690,0.792206601146592
40394835010690,0
40394838010690,0
40394839010690,0.588470409696014
40394841010690,0
40394842010690,0
40394846010690,0
40394847010690,0.166911221039941
40394850010690,0.868360124683388
40394851010690,0
40394853010690,0
40394854010690,0
40394857010690,0.42010209353183
40394858010690,0.276160383234859
40394861010690,0
40394862010690,0.564653855973024
40394863010690,0.216567800265079
40394866010690,0.777809261963834
40394867010690,0.155346777817716
40394870010690,0
40394872010690,0.525131543773075
40394873010690,0.159519630269767
40394876010690,0
40394878010690,0.761238293305257
40394879010690,0.0744215590141905
40394880010690,0.549032710711369
40394881010690,0.897128274728711
40394884010690,0.798435304442953
40394887010690,0.383783055433204
40394888010690,0.530010859285747
40394889010690,0.620891789146416
40394890010690,0
40394892010690,0
40394893010690,0
40394894010690,0
40394896010690,0
40394897010690,0
40394898010690,0.340108304875474
40394899010690,0.842851248949359
40394901010690,0.387968064132991
40394903010690,0
40394904010690,0.153843760563523
40394905010690,0
40394907010690,0.359148971519174
40394908010690,0.440783508307032
40394909010690,0
40394910010690,0
40394912010690,0.883344031051381
40394913010690,0.75545799952509
40394914010690,0.780486330869073
40394915010690,0
40394952010690,0.839866540076912
40394954010690,0
40394955010690,0.832384088724125
40394956010690,0
40394957010690,0.00337087609176754
40394958010690,0.769682839073681
40394959010690,0.91325656282965
40394961010690,0.473658794179884
40394962010690,0.828125395995004
40394967010690,0.759174838473847
40394968010690,0.624563220486891
40394969010690,0.888135484659302
40394971010690,0
40394972010690,0.62123586161057
40394973010690,0.815069420465893
40394974010690,0.774922656941048
40394978010690,0
40394979010690,0.445708912491258
40394980010690,0.649529657117822
40395095010690,0
40395117010690,0.200611372610724
40395133010690,0
40395137010690,0.293454104776778
40395143010690,0.730973369893712
40395146010690,0.618160749995455
40395153010690,0
40395179010690,0.00337087609176754
40395188010690,0
40395190010690,0.903458471773629
40395192010690,0.725966349028205
40395198010690,0.720913005427802
40395201010690,0
40395203010690,0
40395205010690,0.455612559511002
40395207010690,0.806069799589879
40395208010690,0.35080676029592
40395209010690,0.731541775153254
40395210010690,0
40395214010690,0.78024138011018
40395278010690,0.760875466997973
40395281010690,0.887001647021822
40395284010690,0.768870921280816
40395289010690,0.935177636202727
40395292010690,0.826886115978452
40395293010690,0.750966735003344
40395307010690,0.83801666455148
40395308010690,0.759550956370747
40395311010690,0.759009393459926
40395325010690,0.00592778468447763
40395328010690,0
40395333010690,0.82298812978148
40395338010690,0.895479361026375
40395340010690,0
40395342010690,0
40395345010690,0
40395346010690,0
40395358010690,0
40395363010690,0.486982245709549
40395366010690,0.477921900474918
40395370010690,0.340037131588992
40395371010690,0.902510600695357
40395376010690,0
40395382010690,0.577334068580901
40395385010690,0
40395388010690,0
40395390010690,0.517630825355853
40395391010690,0.783352646559221
40395393010690,0.417059280479013
40395394010690,0.898248374947304
40395396010690,0.536609091413451
40395400010690,0.795798360932992
40395403010690,0.444919437008566
40395415010690,0.8274115056603
40395417010690,0.729180512813265
40395419010690,0
40395420010690,0.700327996521467
40395424010690,0.917632702289933
40395425010690,0.798137433583928
40395429010690,0.206576278885558
40395431010690,0.622471812325626
40395438010690,0.654479589658272
40395440010690,0.867480482823793
40395442010690,0
40395446010690,0.766937391995431
40395448010690,0.164288034033477
40395457010690,0.855868926590887
40395461010690,0.901051296975956
40395498010690,0
40395499010690,0
40395501010690,0
40395504010690,0
40395507010690,0
40395508010690,0.537571329926922
40395509010690,0
40395511010690,0
40395512010690,0
40395513010690,0.756502603658159
40395515010690,0
40395516010690,0.712861863744267
40395517010690,0.228382122655004
40395519010690,0
40395522010690,0.476616409214862
40395523010690,0.648075745388043
40395524010690,0.625027574687692
40395525010690,0
40395526010690,0.876143990235014
40395527010690,0.0282541847469925
40395528010690,0
40395529010690,0
40395530010690,0.635344437784041
40395531010690,0.722476290572518
40395532010690,0.176995902305437
40395534010690,0.567496270740097
40395535010690,0
40395538010690,0
40395540010690,0.783251417472622
40395543010690,0.195729074943657
40395544010690,0
40395546010690,0
40395550010690,0.611930774426301
40395552010690,0.222390459742242
40395555010690,0.15258112217756
40395558010690,0
40395560010690,0.906340553040743
40395561010690,0
40395563010690,0
40395565010690,0.6923594664822
40395566010690,0
40395567010690,0.554700012531536
40395568010690,0.579342579979572
40395573010690,0
40395574010690,0
40395575010690,0
40395576010690,0.211116675140659
40395646010690,0.700951988860931
40395653010690,0.693982434874465
40395661010690,0.651500028155843
40395665010690,0
40395667010690,0.123462517670791
40395677010690,0
40395679010690,0.785111768836881
40395682010690,0
40395688010690,0
40395692010690,0.479391297664833
40395694010690,0
40395696010690,0
40395701010690,0.825825299617537
40395705010690,0.854033299220172
40395706010690,0.494659181174696
40395707010690,0.756920159148281
40395711010690,0.854390525651266
40395713010690,0.732480939691246
40395715010690,0.960434655676632
40395720010690,0.792421309640542
40395724010690,0.77813771592066
40395725010690,0
40395727010690,0.840408642845167
40395730010690,0.603570313486064
40395731010690,0
40395739010690,0.753807029913396
40395741010690,0.761976778598775
40395752010690,0.784729990423523
40395757010690,0.926425891854431
40395759010690,0.37975721686455
40395760010690,0.900806498251835
40395764010690,0
40395765010690,0.222790874149721
40395771010690,0.11424698218107
40395772010690,0
40395775010690,0.380887165509202
40395780010690,0
40395781010690,0.785736496409029
40395783010690,0.82741598600235
40395784010690,0.0949351954004566
40395788010690,0.426931789858832
40395789010690,0.505257972534473
40395792010690,0.855162812898956
40395794010690,0.660436046626554
40395798010690,0.783640742558399
40395801010690,0
40395802010690,0.206871372399739
40395803010690,0.695656605915785
40395804010690,0.222086047727542
40395807010690,0.20220668475954
40395809010690,0
40395812010690,0
40395816010690,0
40395817010690,0.253119048229204
40395829010690,0.215246794858481
40395832010690,0
40395834010690,0.886949277288911
40395836010690,0.798852797004073
40395837010690,0.739876074550249
40395840010690,0.575061685882623
40395886010690,0.770501187750874
40395890010690,0.651466343260275
40395891010690,0.778297845706692
40395911010690,0.831899159476651
40395916010690,0.578988606356248
40395917010690,0
40395919010690,0.726843982306564
40395920010690,0.756774691437978
40395921010690,0
40395924010690,0
40395925010690,0.168041302362129
40395927010690,0
40395928010690,0.898822828640959
40395929010690,0
40395932010690,0.193591647813458
40395933010690,0
40395939010690,0
40395940010690,0.850258132084071
40395941010690,0
40396046010690,0.749384662353086
40396095010690,0.800816474594189
40396100010690,0
40396101010690,0.829637988616208
40396105010690,0
40396199010690,0.674633575604167
40396200010690,0.804237242987557
40396202010690,0.846285960260872
40396203010690,0
40396204010690,0.767119304454435
40396206010690,0.599877486939484
40396207010690,0.449925437368989
40396210010690,0.0630130518220004
40396211010690,0.307547260552512
40396218010690,0.830468194002759
40396219010690,0.835772905675136
40396229010690,0.825558587848609
40396234010690,0.84168055607569
40396236010690,0.9120809236458
40396237010690,0.155099648508291
40396239010690,0.184553020369967
40396242010690,0.767246492974244
40396245010690,0.850740131677312
40396248010690,0
40396249010690,0
40396253010690,0.11424698218107
40396296010690,0.361945152025824
40396300010690,0
40396301010690,0.559299434807373
40396303010690,0.596807287238942
40396304010690,0.509194072176959
40396312010690,0.800456115592849
40396314010690,0
40396318010690,0.025283648040275
40396319010690,0.269807278055077
40396322010690,0.732201809715593
40396325010690,0.857057755048664
40396327010690,0
40396336010690,0.855304795126327
40396337010690,0.851746365096123
40396345010690,0
40396349010690,0.547401493551535
40396557010690,0
40396562010690,0.125916215524592
40396568010690,0
40396570010690,0.856419038946557
40396571010690,0.708643671078752
40396573010690,0
40396574010690,0.492899246318617
40396575010690,0.62281521992777
40396576010690,0.919666625492916
40396577010690,0.707006243623769
40396578010690,0.681754688743329
40396580010690,0.867054486683207
40396582010690,0
40396584010690,0
40396586010690,0
40396591010690,0.500562476794586
40396593010690,0.81913603234497
40396596010690,0.738661500080606
40396612010690,0.324763904794062
40396659010690,0.0804241098230019
40396667010690,0.89347437940682
40396669010690,0.431155796219881
40396670010690,0.771396128488902
40396704010690,0.861611330148319
40396717010690,0
40396743010690,0.736078032287644
40396744010690,0.426969320298464
40396745010690,0.14101985104636
40396751010690,0.736531941407906
40396795010690,0
40396973010690,0.464133592267104
40397100010690,0.682700475399513
40397259010690,0
40397526010690,0.108248639108896
40397527010690,0.0261089630252719
40397560010690,0.0602077434392751
40397603010690,0.627204276366723
40397660010690,0
40397719010690,0.918860346877663
40397821010690,0.0269338362239125
40397868010690,0.0721021055543505
40397898010690,0.114508878861036
40397938010690,0.775444533775706
40397962010690,0.368854182886427
40397997010690,0
40398260010690,0.201806715380185
40398406010690,0.653811262744761
40402450010690,0
40402542010690,0
40402574010690,0
40403544010690,0
40403548010690,0
40403765010690,0
40403775010690,0
40403821010690,0
40403859010690,0
40403863010690,0
40403870010690,0
40403874010690,0
40403949010690,0
40404151010690,0
40404228010690,0
40404246010690,0
40404517010690,0
40404525010690,0
40404532010690,0
40404539010690,0
40404542010690,0
40404548010690,0
40404730010690,0.153152576706863
40404738010690,0
40404821010690,0
40404822010690,0
40404827010690,0.734886235845583
40404837010690,0.849710873021715
40404838010690,0.73644621420918
40404844010690,0.794332299552499
40404845010690,0.720232986023732
40404864010690,0.865882544953992
40404866010690,0.736803357223787
40404876010690,0.748448034416299
40404879010690,0
40404893010690,0
40404894010690,0
40404925010690,0.92671856677794
40404930010690,0.822594216212419
40404940010690,0
40405148010690,0.710801721883691
40405171010690,0.867478169609998
40405267010690,0.863492446441488
40405275010690,0.546561941736474
40405277010690,0.740025306842776
40405278010690,0.862315654728803
40405283010690,0.221875462210777
40405284010690,0.316012236413001
40405289010690,0.482038935649867
40405290010690,0.625115182872131
40405307010690,0.726005365381988
40405309010690,0.868710628577432
40405310010690,0.736167830410196
40405314010690,0
40405320010690,0.910171462705375
40405323010690,0.763210282819847
40405328010690,0.923413568833596
40405330010690,0.843426000641617
40405338010690,0
40405339010690,0.714414685469096
40405343010690,0
40405345010690,0.786492182982356
40405346010690,0
40405347010690,0.819659790063622
40405376010690,0.696449100588033
40405378010690,0.59712733617797
40405486010690,0.675130772580662
40405490010690,0.618848444198714
40405495010690,0.706274541215605
40405617010690,0
40405621010690,0
40405622010690,0
40405623010690,0
40405625010690,0
40405626010690,0.766735488091384
40405629010690,0.840651109618553
40405630010690,0
40405633010690,0.793041376439381
40405634010690,0.471498382646884
40405644010690,0.797082962164795
40405650010690,0.84619810908769
40405670010690,0
40405708010690,0
40405729010690,0
40405737010690,0.710864372985311
40405739010690,0.264720991289138
40405749010690,0.892869394630719
40405767010690,0.725726536200162
40405768010690,0.161382856285662
40405792010690,0.927639675276335
40405797010690,0
40405798010690,0
40405806010690,0.757180354745885
40405807010690,0.761976669179207
40405815010690,0.80680706374226
40405821010690,0.466728305550972
40405822010690,0.656626543577325
40405828010690,0.857683317065539
40405835010690,0.805710225366253
40405871010690,0.680508761504667
40405877010690,0.768464021189378
40405903010690,0.661944104436544
40405993010690,0
40406005010690,0
40406042010690,0.87981567974558
40406044010690,0.462368043522405
40406045010690,0.638279364395375
40406048010690,0.795115970490335
40406049010690,0.722953642016862
40406059010690,0.86527028610122
40406070010690,0.684898317423199
40406090010690,0.833630627033797
40406100010690,0.668337806273942
40406101010690,0.657192958535295
40406265010690,0.826895792365562
40406266010690,0.646355975417162
40406270010690,0.593280794632692
40406272010690,0.790320626688421
40406274010690,0.489454855849139
40406277010690,0.831358972412967
40406280010690,0
40406284010690,0.314221581976026
40406287010690,0
40406293010690,0.48851952761575
40406297010690,0
40406298010690,0
40406299010690,0
40406300010690,0
40406301010690,0
40406302010690,0.857789757252779
40406304010690,0
40406305010690,0.781992570564731
40406306010690,0
40406308010690,0.732495020728928
40406319010690,0
40406323010690,0
40406382010690,0.596405684168721
40406383010690,0.57204346206114
40406385010690,0.792273651250277
40406509010690,0
40406654010690,0.634179548315323
40406656010690,0
40406657010690,0.782142850751535
40406662010690,0.0949325263214466
40406663010690,0
40406664010690,0.025283648040275
40406669010690,0.866460828047379
40406672010690,0
40406673010690,0.0302001023633351
40406675010690,0.782358886790964
40406676010690,0.890589564179093
40406677010690,0.0261089630252719
40406679010690,0.396992868612717
40406680010690,0.88168374826594
40406681010690,0.206412012456731
40406687010690,0.161017459293846
40406691010690,0.719933788517328
40406695010690,0.798879019254093
40406696010690,0.739769153370756
40406697010690,0.783015255053341
40406705010690,0.890424447432369
40406707010690,0.76536341817278
40406708010690,0.835631869431925
40406709010690,0
40406711010690,0.799200857972324
40406719010690,0.750164217316244
40406722010690,0.812556524603497
40406723010690,0
40406727010690,0.786253806046944
40406733010690,0.789767212479614
40406740010690,0.0518290754780257
40406750010690,0
40406752010690,0.722616544305645
40406758010690,0.730062017152501
40406765010690,0.00337087609176754
40406769010690,0.829952647335699
40406771010690,0
40406780010690,0
40406789010690,0.889126250772773
40406794010690,0
40406795010690,0
40406799010690,0
40406812010690,0
40406817010690,0.631171475760084
40406818010690,0.387527980854966
40406826010690,0
40406833010690,0
40406835010690,0
40406839010690,0
40406842010690,0.815092511838068
40406848010690,0.788933809597044
40406850010690,0.700707631500118
40406851010690,0.817669654190637
40406852010690,0
40406853010690,0.723686789460476
40406855010690,0.958000553744456
40406861010690,0.654692513106396
40406866010690,0
40406873010690,0.157593811165542
40406952010690,0.150274323941349
40406976010690,0.862121444964029
40406978010690,0.702714143840725
40406986010690,0.654510882811733
40406999010690,0.783857057397573
40407005010690,0.824424736327915
40407006010690,0.540286938390844
40407012010690,0.709245402945032
40407022010690,0.77604048428527
40407024010690,0.775232086526367
40407027010690,0.652781123643214
40407032010690,0.860424630284169
40407033010690,0.855391176455535
40407035010690,0.580272353659289
40407036010690,0
40407044010690,0.596530109492232
40407046010690,0.382893653069312
40407051010690,0.915386354156987
40407057010690,0.867813722497566
40407060010690,0.551851124915919
40407064010690,0.720200447376461
40407065010690,0.652177891610236
40407071010690,0.557627644148372
40407077010690,0.83297617715253
40407079010690,0
40407080010690,0
40407096010690,0
40407101010690,0.869543366929306
40407109010690,0
40407115010690,0.601120106981462
40407123010690,0.879552979426385
40407124010690,0
40407125010690,0.758947241385042
40407131010690,0.834722271468856
40407172010690,0.756499331221059
40407180010690,0.797899321628467
40407183010690,0.865182628849105
40407529010690,0.120375409304227
40407530010690,0.0355021665633839
40407532010690,0.784632121966049
40407533010690,0.759910950321714
40407534010690,0.811216809637113
40407535010690,0.758911182775914
40407537010690,0.794951627336504
40407538010690,0.908865120497441
40407540010690,0.198088095041092
40407542010690,0.71022361023687
40407544010690,0.767799977153228
40407545010690,0.735334585278138
40407547010690,0.0385616687175639
40407548010690,0.728789227510547
40407550010690,0.802426184121264
40407551010690,0.552244751346181
40407554010690,0.0606869888287794
40407557010690,0.0261089630252719
40407560010690,0
40407561010690,0.694271514708892
40407563010690,0.707684067054202
40407566010690,0.733045572727963
40407567010690,0.604693042697435
40407569010690,0.718780463876637
40407570010690,0.676542611040627
40407571010690,0.700051433181053
40407572010690,0.458513529944745
40407574010690,0.15664116328869
40407575010690,0.818162587082144
40407576010690,0.900172781443713
40407577010690,0.736649228573924
40407578010690,0.190835855339461
40407581010690,0.879413779417779
40407582010690,0
40407583010690,0
40407586010690,0.641987285440245
40407587010690,0
40407588010690,0.640666707224252
40407589010690,0.789453789185167
40407591010690,0.684500709830471
40407596010690,0.880897119862808
40407597010690,0
40407600010690,0.923607967089605
40407602010690,0.706311170409387
40407603010690,0
40407605010690,0.757222971745129
40407608010690,0
40407609010690,0.548064720735607
40407611010690,0.528829535126117
40407612010690,0.648711794859945
40407614010690,0
40407617010690,0
40407618010690,0
40407622010690,0.737500019276341
40407623010690,0.29419521363053
40407626010690,0
40407627010690,0.681970374962746
40407629010690,0.774324292101645
40407634010690,0.879211755633146
40407637010690,0.444146632020213
40407638010690,0
40407641010690,0.468204856329
40407643010690,0
40407644010690,0
40407651010690,0.672626033919313
40407652010690,0.760737055539974
40407653010690,0.635058782149426
40407654010690,0.11167077470674
40407655010690,0
40407657010690,0
40407659010690,0
40407660010690,0
40407709010690,0.825214581975613
40407737010690,0
40416064010690,0.587031426084626
40416071010690,0.310065528927189
40416219010690,0
40416220010690,0.763014758717206
40416232010690,0.761497695967486
40416244010690,0
40416245010690,0.851286052861751
40416254010690,0.852400543051503
40416258010690,0.747003950623048
40416264010690,0.56326549685615
40416267010690,0.897317395769164
40416279010690,0
40416281010690,0.789228659216689
40416282010690,0.861266328390286
40416283010690,0.841788784952053
40416293010690,0.864881346181885
40416294010690,0.521705912049964
40416304010690,0
40416305010690,0.846657142098383
40416306010690,0.495826291121466
40416377010690,0.45374708441903
40416392010690,0.112495228779832
40416425010690,0
40416435010690,0
40416461010690,0.907100947923463
40416473010690,0.713838899209241
40416485010690,0
40416501010690,0.729114348376318
40416545010690,0.629945499091864
40416546010690,0.748449374390274
40416593010690,0.709065856528097
40417303010690,0
40417305010690,0.815453399157027
40417306010690,0.786603800264945
40417325010690,0.6805103642659
40417326010690,0.84664822399331
40417327010690,0
40417328010690,0.778642246902409
40417347010690,0.822096299598858
40417349010690,0
40417350010690,0
40417351010690,0
40417367010690,0.811096436545798
40417368010690,0
40417386010690,0.750956718559453
40417387010690,0.862671516933008
40417388010690,0
40417397010690,0.892331179220106
40417398010690,0.0412711758111312
40417405010690,0.865627540139579
40417412010690,0.958459472291539
40417413010690,0
40417414010690,0.732273643845923
40417421010690,0.743099045963496
40417428010690,0
40417431010690,0
40417437010690,0.815130096042347
40417445010690,0.912897586455902
40417448010690,0
40417449010690,0
40417450010690,0
40417454010690,0.47750312147698
40417463010690,0
40417466010690,0
40417468010690,0.668139629275716
40417469010690,0.910448793882191
40417470010690,0
40417474010690,0.924065148160586
40417483010690,0.172963104383515
40417484010690,0.428291761006342
40417486010690,0.784651662244594
40417492010690,0.500816785555631
40417493010690,0.544415586362457
40417540010690,0.580654842162675
40417544010690,0.852229655554944
40417551010690,0.256805393358446
40417553010690,0.0630130518220004
40417558010690,0
40417562010690,0.664183339388255
40417563010690,0.362485896421877
40417567010690,0.505983717552202
40417822010690,0.845598727423719
40417851010690,0.689455510729506
40418116010690,0.70916304390561
40418120010690,0
40418131010690,0.849758006004118
40418135010690,0.262240144510821
40418136010690,0.40942803876359
40418138010690,0.759542637338581
40418139010690,0.828154770973299
40418140010690,0.779868470356371
40418142010690,0.850482012007004
40418143010690,0
40418146010690,0.244040495484001
40418147010690,0.265969873189457
40418148010690,0.890370003783496
40418150010690,0
40418155010690,0.461392054489919
40418157010690,0
40418161010690,0.368331522831122
40418168010690,0
40418174010690,0.533606170831694
40418175010690,0.71404227930096
40418183010690,0.668310157279726
40418186010690,0.816285242216095
40418200010690,0.825673904131816
40418201010690,0.933661743389506
40418296010690,0.499770309801003
40418366010690,0.797675716204717
40418389010690,0.689037191268973
40418390010690,0
40418412010690,0
40418428010690,0.808991059994149
40418448010690,0.846970675660737
40418449010690,0.879367657259908
40418472010690,0.833110312883159
40418510010690,0.736677034817943
40418550010690,0
40418551010690,0.824593199040036
40418568010690,0.865911958071045
40418581010690,0
40418583010690,0.889777493407359
40418600010690,0.774415138086737
40418617010690,0.899388986878024
40418619010690,0.520242679768581
40418632010690,0.788008589642119
40418734010690,0
40418771010690,0
40418776010690,0
40418801010690,0.552682457078712
40418802010690,0.57113237925242
40418803010690,0.344839563565828
40418804010690,0.508433431978481
40419028010690,0
40419073010690,0
40419143010690,0.805327867611444
40419144010690,0.877662409425279
40419145010690,0.792075341399559
40419146010690,0.814530161975355
40419150010690,0.825546494998344
40419151010690,0.757673617298038
40419179010690,0.497440313276827
40419180010690,0.933626884985383
40419181010690,0.742065128956072
40419203010690,0
40419216010690,0.0258518298584568
40419217010690,0.660145920194788
40419225010690,0.659277115676578
40419226010690,0.777836132607656
40419236010690,0.747796028144358
40419237010690,0.441250018879533
40419247010690,0.189064670937942
40419258010690,0
40419259010690,0.680245522071253
40419269010690,0.329942592246482
40419271010690,0.68798779409077
40419425010690,0.66749318517232
40419427010690,0.955060129676017
40419429010690,0.72189853454569
40419441010690,0.485393820661665
40419442010690,0
40419665010690,0
40419667010690,0.29419521363053
40419668010690,0
40419669010690,0
40419670010690,0
40419671010690,0.856786677165742
40419674010690,0
40419679010690,0.213350476128681
40419684010690,0.294917574824225
40419685010690,0
40419689010690,0.815001244924458
40419696010690,0
40419697010690,0
40419698010690,0
40419700010690,0
40419701010690,0
40419702010690,0.637671479881658
40419704010690,0
40419706010690,0
40419710010690,0
40419719010690,0
40419724010690,0
40419727010690,0
40419730010690,0
40419731010690,0
40419734010690,0
40419735010690,0
40419737010690,0
40419738010690,0
40419746010690,0
40419750010690,0.395783276669689
40419752010690,0
40419753010690,0.210587118764197
40419756010690,0.267031759486164
40419759010690,0
40419760010690,0.276689652913488
40419762010690,0
40419769010690,0.761451137471026
40419770010690,0.772030856854876
40419771010690,0
40419773010690,0.855826522676699
40419794010690,0.839767095708201
40419924010690,0.491804771266828
40419929010690,0
40419930010690,0.390647811858251
40419931010690,0.864107643504286
40420263010690,0
40420560010690,0.506088222195735
40420561010690,0.0487509036498539
40420568010690,0.808817720506116
40420571010690,0.545589370807516
40420584010690,0
40420586010690,0.0591564483515565
40420591010690,0
40420592010690,0.552323861190603
40420595010690,0
40420596010690,0.374674057394735
40420598010690,0
40420610010690,0.0282541847469925
40420611010690,0.0261089630252719
40420612010690,0.0400108561156887
40420614010690,0.411506464874282
40420617010690,0
40420620010690,0
40420633010690,0.727647680535409
40420634010690,0.750965256465321
40420639010690,0
40420645010690,0.836822190498165
40420647010690,0.0297455569087896
40420660010690,0.0380321703828926
40420661010690,0.141867001443601
40420662010690,0.232359509359231
40420664010690,0.23361170363233
40420689010690,0.109044225211283
40420690010690,0.754807757273094
40420691010690,0.659397498341853
40420693010690,0.851212186130101
40420697010690,0
40420713010690,0.685712046582465
40420714010690,0.0577771955542188
40420715010690,0.857074202680824
40420716010690,0.851401154103186
40420717010690,0.148155347989069
40420720010690,0
40420734010690,0.89820147771116
40420735010690,0.0305708718937865
40420738010690,0.0828093244519809
40420746010690,0
40420758010690,0.760573271658591
40420765010690,0
40420778010690,0.796242580651743
40420780010690,0
40420794010690,0.549502998366798
40420796010690,0.569311779602419
40420797010690,0
40420812010690,0.355005328707785
40420813010690,0.726633139134121
40420833010690,0
40420834010690,0
40420835010690,0
40420836010690,0
40420837010690,0.32045988092936
40420845010690,0
40420846010690,0
40420861010690,0
40420863010690,0
40420880010690,0
40420896010690,0.207101531700513
40420901010690,0
40420910010690,0
40420911010690,0
40420914010690,0
40420924010690,0.686567442415972
40420926010690,0.831337634885506
40420928010690,0
40420944010690,0
40420947010690,0
40420948010690,0
40420961010690,0.938621889861015
40420964010690,0
40420989010690,0
40420995010690,0.695345645057564
40421000010690,0.828511863196357
40421010010690,0.187674325516487
40421011010690,0
40421014010690,0.721061821816682
40421015010690,0.694124202176614
40421022010690,0.495184344531325
40421023010690,0
40421024010690,0
40421030010690,0.0473380535118744
40421036010690,0.0305708718937865
40421038010690,0.0261089630252719
40421040010690,0.238657270024496
40421041010690,0.904415823735214
40421043010690,0.236684217233401
40421044010690,0.805274591415809
40421045010690,0.633955726831806
40421049010690,0
40421062010690,0.745231797469459
40421063010690,0.724883963559281
40421068010690,0.728585944310007
40421071010690,0.0269338362239125
40421075010690,0.204747381918044
40421077010690,0.735486836299076
40421079010690,0
40421283010690,0
40421284010690,0.769621497705042
40421286010690,0
40421302010690,0
40421303010690,0.686897364698805
40421305010690,0
40421322010690,0.659660221286703
40421338010690,0.753227137149938
40421339010690,0.780662928139726
40421340010690,0.847208907816398
40421354010690,0
40421355010690,0.800485473961017
40421356010690,0.790325981250292
40421370010690,0.764907114834404
40421371010690,0.609286766167682
40421372010690,0.638292967391535
40421384010690,0.782107908341513
40421385010690,0.637010666717679
40421416010690,0.526376725001296
40421421010690,0.643594669123692
40421422010690,0.878738462305761
40421430010690,0.683785233303864
40421431010690,0
40421434010690,0
40421439010690,0.772896096840486
40421441010690,0
40421444010690,0
40421445010690,0
40421451010690,0.47747360085088
40421454010690,0
40421455010690,0
40421457010690,0.906930986565497
40421463010690,0.837511776448609
40421465010690,0.572093051169144
40421466010690,0.733123616679232
40421469010690,0
40421470010690,0
40421472010690,0.414624292627609
40421473010690,0.515993748586628
40421474010690,0.877517007716763
40421476010690,0.904921993058011
40421481010690,0
40421484010690,0.460019917473623
40421486010690,0.217071729341665
40421488010690,0
40421492010690,0.885152323035943
40421495010690,0.81910337894382
40421496010690,0
40421497010690,0
40421498010690,0
40421500010690,0.557861990475957
40421510010690,0
40421513010690,0.384876382083571
40421514010690,0.587134874058342
40421525010690,0
40421529010690,0
40421536010690,0.52125772706331
40421538010690,0
40421563010690,0.87014569483442
40421566010690,0.616447325162863
40421579010690,0.808812730687931
40421581010690,0
40421596010690,0
40421607010690,0.762940622625063
40421609010690,0.665970554813451
40421624010690,0.791593592398811
40421629010690,0.697875699231597
40421640010690,0.897706234995218
40421641010690,0.677536556669657
40421656010690,0.882659048529861
40421676010690,0.440405585565221
40421696010690,0.708339689840507
40421697010690,0.284846020479216
40421723010690,0.161382856285662
40421765010690,0
40421766010690,0.619730005438841
40421775010690,0.882601193975272
40421789010690,0.812556524603497
40421791010690,0.653377972707958
40422617010690,0.0269338362239125
40422618010690,0.786950754004761
40422619010690,0.119591282229686
40422622010690,0.154037475374621
40422624010690,0.757182070955786
40422625010690,0.742863344305719
40422626010690,0.0487665239253264
40422627010690,0.720686628770736
40422630010690,0.77372736374063
40422633010690,0.025283648040275
40422634010690,0.0271884099450369
40422640010690,0.0297455569087896
40422641010690,0.680190782952998
40422642010690,0.757034896941201
40422644010690,0.789329737782645
40422645010690,0.834825282331398
40422646010690,0.721796409169567
40422648010690,0.756539981056917
40422649010690,0.724625317343364
40422650010690,0.903321958989284
40422656010690,0.514752199984971
40422657010690,0.464183400391306
40422659010690,0.119587509492136
40422664010690,0.718402968642677
40422665010690,0.82615310752128
40422667010690,0.755802213279358
40422668010690,0.813411557355789
40422669010690,0.598479769555682
40422671010690,0.847757658438597
40422672010690,0.671685404938126
40422674010690,0.640844776975958
40422675010690,0.306144055608829
40422676010690,0
40422678010690,0.825161198061249
40422679010690,0.406544371536378
40422680010690,0.199402752301589
40422682010690,0.154594495344049
40422683010690,0.115120174578372
40422684010690,0.333604526338835
40422687010690,0.937078866972581
40422688010690,0.0261089630252719
40422690010690,0
40422692010690,0.448311666720582
40422694010690,0.84286305151578
40422695010690,0.0327160936155071
40422697010690,0
40422699010690,0.0828291731141411
40422701010690,0.701385941715725
40422702010690,0.572699453207836
40422703010690,0.813283106833017
40422705010690,0.0748075302104169
40422706010690,0.177238217083808
40422707010690,0.136532720722841
40422709010690,0.860981165530583
40422710010690,0
40422712010690,0.8001092596178
40422713010690,0.875780699991173
40422714010690,0.805527296801668
40422717010690,0.413135115968265
40422718010690,0.847516268355015
40422720010690,0.170203370757969
40422721010690,0.812063402059166
40422723010690,0.378350763785814
40422725010690,0.797807778527384
40422726010690,0.688028372125267
40422727010690,0.519716845304319
40422730010690,0.743476626447147
40422733010690,0
40422734010690,0
40422740010690,0
40422741010690,0
40422743010690,0.82396126359686
40422749010690,0.786695131580545
40422752010690,0
40422754010690,0.45392131813222
40422755010690,0.558459678881
40422756010690,0
40422757010690,0
40422759010690,0
40422765010690,0.861959113229745
40422767010690,0.801048324230654
40422768010690,0.650554785148008
40422769010690,0.6583160540602
40422770010690,0.0999701791036305
40422771010690,0
40422775010690,0.854096215765605
40422779010690,0.867813722497566
40422781010690,0
40422783010690,0
40422785010690,0
40422789010690,0.862120248546303
40422790010690,0
40422791010690,0
40422800010690,0
40422806010690,0.0269338362239125
40422807010690,0
40422808010690,0.355216482518142
40422811010690,0
40422813010690,0.782710840062512
40422817010690,0
40422819010690,0.454466813829361
40422820010690,0
40422821010690,0
40422822010690,0.119591282229686
40422823010690,0
40422824010690,0
40422831010690,0.904945734841716
40422841010690,0
40422842010690,0
40422849010690,0
40422850010690,0.292609089311942
40422852010690,0.797426919317848
40422853010690,0
40422857010690,0
40422859010690,0
40422861010690,0.823000638402551
40422863010690,0.740358165834265
40422869010690,0
40422872010690,0
40422874010690,0.684542995334433
40422876010690,0.675515707279943
40422881010690,0
40422882010690,0
40422883010690,0.915108819341817
40422885010690,0
40422887010690,0
40422889010690,0
40422891010690,0.684737119893148
40422896010690,0
40422897010690,0.625935899062266
40422898010690,0.731302083668393
40422900010690,0.166902760212675
40422901010690,0.717457849683042
40422902010690,0.247335509306952
40422903010690,0.641975961927519
40422904010690,0.463401078767691
40422905010690,0.557177264682083
40422906010690,0.815252764603391
40422907010690,0.35413198294024
40422910010690,0.915967896338338
40422912010690,0
40422915010690,0.025283648040275
40422921010690,0
40422922010690,0.560221997231462
40422927010690,0
40422928010690,0.651109581763118
40422932010690,0
40422934010690,0
40422935010690,0
40422936010690,0.576145536081517
40422939010690,0
40422940010690,0.386256559882404
40423063010690,0
40423069010690,0.741750970093536
40423070010690,0.228989743128854
40423237010690,0.908452704940017
40423240010690,0
40423241010690,0.748281990934211
40423552010690,0
40423675010690,0
40423796010690,0
40424742010690,0
40425104010690,0
40425162010690,0
40425165010690,0
46193074020004,0
48337544020004,0
50561701020004,0
50561706020004,0
50561721020004,0
50561752020004,0
50561758020004,0
50561799020004,0
50561826020004,0
50561894020004,0
50561929020004,0
50562367020004,0
50562444020004,0
50562497020004,0
50562531020004,0
50562532020004,0
50562533020004,0
50562559020004,0
50562648020004,0
51090170020004,0
54824782020004,0.857572046607613
55859937020004,0
188756821020004,0
188756916020004,0
188757142020004,0
188757143020004,0
188757149020004,0
188757172020004,0
188757231020004,0.709024160552811
188757344020004,0
188757553020004,0
188757590020004,0
188757595020004,0.656152966279874
188758039020004,0
188758292020004,0
188758297020004,0
188758310020004,0
188758318020004,0
188758409020004,0
188758412020004,0.916876174085662
188758414020004,0.7420650322669
188758429020004,0
188758437020004,0.580861949625076
188759172020004,0
188759239020004,0
188759444020004,0
188759502020004,0.92637752642553
188759581020004,0
188759871020004,0
188760061020004,0
188760090020004,0
188760119020004,0.0737515176923816
188760176020004,0
188760599020004,0
188760616020004,0
188760658020004,0
188760739020004,0
188761410020004,0
188761599020004,0.199962255640461
188761691020004,0
188761694020004,0
188761713020004,0
188761863020004,0.734922638972789
188762051020004,0
188762281020004,0.146260341299445
188762409020004,0
188762539020004,0.12802888364943
188762565020004,0.77452999263963
188762600020004,0.769171984003956
188762630020004,0.0942870741950142
188762640020004,0.115163772168642
188762716020004,0.108248639108896
188762766020004,0.317164560982031
188762780020004,0.258689401196074
188762908020004,0
188763072020004,0.74489210182203
188763073020004,0
188763129020004,0.068212519744958
188763221020004,0.525967803588618
188764124020004,0.213350476128681
188764255020004,0.514931704371452
188764262020004,0.207789821740414
188764268020004,0
188764286020004,0
188764287020004,0.0845050077885644
188764315020004,0
188764326020004,0.116593979225799
188764349020004,0.683401921351037
188764351020004,0
188764358020004,0.235608244095842
188764382020004,0.0599838959547425
188764401020004,0.868448754007139
188764433020004,0
188764559020004,0.0577771955542188
188764566020004,0.0637145781701004
188764908020004,0.0779993361661537
188765604020004,0.119591282229686
188765750020004,0.119587509492136
188765791020004,0
188765792020004,0.0387474616331079
188765839020004,0.140740388472794
188765864020004,0.0721021055543505
188765907020004,0.0595441316859222
188766095020004,0.645142210697465
188766150020004,0.143029065889528
188766298020004,0.293539888942162
188766331020004,0.0807430812656662
188766527020004,0.831679460395601
188767075020004,0.0637983345488013
188767254020004,0.0297455569087896
188767413020004,0
188767437020004,0.0640376081489378
188767542020004,0.681209701274144
188767549020004,0.0905031861719352
188767623020004,0
188767671020004,0.0949351954004566
188767943020004,0
188767956020004,0.799255699348663
188768103020004,0
188768132020004,0.049742133681424
188768983020004,0.149250130625159
188768998020004,0.661981735192081
188769096020004,0
188769109020004,0.0261089630252719
188769178020004,0
188769188020004,0.129007862701088
188769475020004,0.935228175601935
188769478020004,0.0390294620982694
188769479020004,0.63015914634943
188769480020004,0.56194419265504
188769481020004,0.0261089630252719
188769534020004,0
188770240020004,0
188770271020004,0.00592778468447763
188770281020004,0.263536306935034
188770370020004,0
188770471020004,0.157361202206225
188770507020004,0
188770510020004,0
188770529020004,0.0261089630252719
188770538020004,0.0622917548401511
188770609020004,0
188770614020004,0.625421131654256
188770702020004,0.75484866131162
188770734020004,0
188770735020004,0
188770888020004,0.025283648040275
188771047020004,0
188771116020004,0
188771121020004,0.0614418508973731
188771243020004,0.681560634816727
188771257020004,0.506755111019122
188771330020004,0
188771457020004,0.168610822814759
188771503020004,0.478146756906936
188771527020004,0.0557458345707605
188771550020004,0
188771565020004,0.201448955941765
188771578020004,0.738817282709822
188771580020004,0
188771582020004,0.172391269300176
188771614020004,0
188771666020004,0
188771701020004,0
188771859020004,0.192982522245055
188772019020004,0
188772097020004,0.0978178250568815
188772123020004,0.0635159365788751
188772344020004,0.0269338362239125
188772367020004,0
188772372020004,0.486976223319039
188772380020004,0
188772450020004,0.19667615536326
188772485020004,0.0760459359082462
188772501020004,0
188772505020004,0
188772512020004,0.208061065232962
188772661020004,0
188772889020004,0.0603421612425725
188772897020004,0.500168851795658
188772906020004,0.209361482137277
188773098020004,0.742402884485413
188773255020004,0
188773326020004,0.799475124295184
188773332020004,0
188773399020004,0
188773444020004,0.221309039577379
188773663020004,0
188773758020004,0
188773872020004,0
188774219020004,0.0513720988797448
188774384020004,0
188774549020004,0
188774675020004,0
188774705020004,0.150337588154694
188781443020004,0
188782467020004,0
188782500020004,0
188782555020004,0
188786565020004,0
276307951489998,0
282479222489998,0
354844818489998,0
354844865489998,0
354844900489998,0.0912164468693399
354844905489998,0.804870536800505
354844962489998,0
354845059489998,0.0625777400832234
354845092489998,0.036842699728346
354845121489998,0.0534067890245783
354845130489998,0.0845050077885644
354845132489998,0.215939424539388
354845147489998,0.172137465531951
354845158489998,0
354845298489998,0.0297455569087896
354845316489998,0.121730947326234
354845317489998,0
354845376489998,0.787767441280835
354845603489998,0
354845607489998,0.245687301503915
355904501489998,0.0748075302104169
356002801489998,0.718091525629279
356003028489998,0.502973930118697
356003121489998,0.892209277463237
356003219489998,0.0261089630252719
356003222489998,0.0400108561156887
356003288489998,0.188255860249569
356003301489998,0.440865610239536
356003466489998,0.802329536007185
356003467489998,0.493800762076509
356003949489998,0.200517082906061
356003969489998,0
356004462489998,0.681790052701961
431915296489998,0
431917201489998,0
431917247489998,0
431917504489998,0
431917634489998,0
431917683489998,0
704354785126144,0.363177952771377
