"PLT_CN","predagentSBo"
14547091020004,0
14547279020004,0
14547841020004,0.0952215941463609
14548644020004,0.0809932931998584
14549194020004,0.0210977563575051
14549277020004,0
14550197020004,0
37259363010690,0.332555515442069
37261819010690,0.0806747790752811
37261822010690,0.869664112795934
37262457010690,0.176069657271121
37262521010690,0.918192592676464
37262723010690,0.503449986827639
37262966010690,0.019982488802631
37263627010690,0.543114271766038
37263658010690,0.797798570201469
37264348010690,0.599049338560639
37264364010690,0.58413032207505
37264380010690,0.0234239989021423
37264427010690,0.537259393136119
37264440010690,0.829926246731572
37271545010690,0.566286170232444
37271546010690,0.559195288908788
37271688010690,0.666691418312723
37271850010690,0
37272720010690,0.702931538023447
37272728010690,0.687610623117995
37272776010690,0.896108448942368
37272778010690,0.604076015679348
37272790010690,0.816151908789965
37272793010690,0.449064281236865
37272817010690,0.708274890628164
37272820010690,0
37272845010690,0.490950219076043
37272846010690,0.76740586653129
37272865010690,0.669247573661747
37272877010690,0.895224731955918
37272880010690,0.599165674987248
37272883010690,0
37272896010690,0.121771837210241
37272901010690,0.809839770933698
37272905010690,0.66821097676618
37272906010690,0.79078790209012
37272907010690,0.625390555480354
37272909010690,0.716846228449348
37272910010690,0.571755267574847
37272911010690,0.716804638615672
37272912010690,0.373983674369821
37272958010690,0
37272974010690,0.403096665138627
37272975010690,0.689484347711752
37272982010690,0.198914126756253
37273002010690,0
37273003010690,0
37273004010690,0.0816051945595224
37273008010690,0.798312955234798
37273009010690,0
37273010010690,0
37273015010690,0.544455018675954
37273016010690,0
37273019010690,0
37273020010690,0.717632624284012
37273022010690,0.656115885749775
37273031010690,0.562454475213407
37273032010690,0
37273035010690,0.0193164259262807
37273038010690,0.583103765189665
37273039010690,0.524308197728551
37273043010690,0
37273049010690,0
37273052010690,0
37273054010690,0.366560004736584
37273057010690,0.459890065483046
37273061010690,0.802540984921905
37273063010690,0.5904050892314
37273068010690,0.681313119202136
37273069010690,0.83401358615472
37273072010690,0.603670510048594
37273073010690,0.851462387031204
37273074010690,0.348682603866922
37273092010690,0.598200462340697
37273093010690,0.900549987452522
37273094010690,0
37273097010690,0.166032545520959
37273101010690,0
37273105010690,0
37273106010690,0.608593204202679
37273107010690,0
37273108010690,0
37273162010690,0.642273753489081
37273169010690,0.392944287400089
37273171010690,0.513411444226372
37273184010690,0.58056920173618
37273185010690,0.590554659738366
37273188010690,0.865645634785601
37273189010690,0
37273195010690,0.760795999152414
37273198010690,0
37273202010690,0.83652580112855
37273203010690,0
37273206010690,0.864137543717345
37273207010690,0
37273214010690,0
37273244010690,0.680500703124981
37273337010690,0
37273355010690,0
37273360010690,0.84451069468717
37273363010690,0.366992618683538
37273364010690,0.971780351829809
37273365010690,0.745179212597017
37273420010690,0.532155722917106
37273456010690,0.769494762911364
37273462010690,0.131266981042933
37273494010690,0.771782782367634
37273498010690,0
37273502010690,0.261175367193462
37273506010690,0.775398982698041
37273508010690,0.57617168926102
37273527010690,0
37273528010690,0.645232766151042
37273530010690,0.679823725776544
37273531010690,0.691053555714812
37273532010690,0.470601636190045
37273533010690,0.733212095242361
37273586010690,0
37273587010690,0
37273588010690,0.716058620998361
37273598010690,0.503297581942548
37273620010690,0.629471292544507
37273621010690,0.717232548293158
37273624010690,0.545508320150217
37273625010690,0.502861746976308
37273627010690,0
37273628010690,0.339763213862126
37273632010690,0
37273641010690,0
37273642010690,0
37273648010690,0.64368702674769
37273652010690,0.04836696806072
37273655010690,0.858277259986182
37273656010690,0.62149384890678
37273658010690,0.800408605998346
37273659010690,0.0390207171314853
37273662010690,0.257334802254844
37273663010690,0.614124617701536
37273670010690,0.769384120981685
37273671010690,0.642169095082151
37273682010690,0.823355709889199
37273683010690,0.59220696175617
37273685010690,0.582910130122286
37273688010690,0.491119390437373
37273698010690,0.705750210961879
37273699010690,0.88637400372431
37273702010690,0.72678784035423
37273713010690,0.42533936359145
37273721010690,0.644247136742624
37273818010690,0.458151197218513
37273820010690,0
37273822010690,0.708959815671115
37273824010690,0
37273826010690,0
37273828010690,0.571328791183635
37273829010690,0.369522012116285
37273830010690,0
37273833010690,0
37273834010690,0
37273835010690,0
37273838010690,0.535337783948558
37273842010690,0
37273867010690,0.596119320225203
37273868010690,0.274822450372455
37273870010690,0
37273875010690,0.48354807968056
37273923010690,0
37274005010690,0.566886034495062
37274205010690,0
37274206010690,0
37274251010690,0
37274277010690,0.177433307700508
37274280010690,0.0338881166253214
37274281010690,0.178727292183952
37274283010690,0
37274284010690,0.636062347579777
37274288010690,0
37274290010690,0.713560505503224
37274291010690,0
37274292010690,0
37274293010690,0
37274294010690,0.108420964925965
37274295010690,0
37274296010690,0
37274298010690,0
37274305010690,0.635989460607272
37274306010690,0.191917269956252
37274308010690,0.617598296709831
37274309010690,0
37274310010690,0.259085310244301
37274311010690,0
37274313010690,0
37274314010690,0.156908215654043
37274315010690,0
37274317010690,0.638592612697505
37274318010690,0.577523343062089
37274319010690,0
37274320010690,0.386149182152262
37274321010690,0.263707055416231
37274322010690,0
37274323010690,0.572663044779859
37274324010690,0
37274325010690,0.583189306503814
37274326010690,0.0951505037689338
37274327010690,0.170300264822355
37274328010690,0
37274329010690,0
37274331010690,0.607509084425054
37274333010690,0.692253908694775
37274340010690,0.081793078581743
37274349010690,0
37274352010690,0.472839683973229
37274353010690,0
37274354010690,0
37274355010690,0
37274356010690,0.650103598295549
37274357010690,0.146496733361475
37274358010690,0.0762643325723871
37274359010690,0
37274363010690,0
37274417010690,0.0193164259262807
37274447010690,0.467266042571387
37274461010690,0
37274462010690,0
37274463010690,0
37274465010690,0
37274467010690,0.412827786290546
37274468010690,0
37274470010690,0.799691328297306
37274472010690,0
37274473010690,0
37274475010690,0
37274477010690,0.0809932931998584
37274505010690,0
37274509010690,0.184905444325378
37274512010690,0
37274517010690,0
37274521010690,0
37274530010690,0.418316280722253
37274533010690,0.74732649584834
37274535010690,0.609770258134153
37274538010690,0.805291430669212
37274546010690,0.32640457918272
37274550010690,0.475938555179668
37274554010690,0.3769174777059
37274559010690,0
37274567010690,0.768453534193337
37274576010690,0
37274578010690,0.406336907686437
37274580010690,0
37274585010690,0
37274587010690,0
37274590010690,0
37274596010690,0.572302597039337
37274597010690,0
37274616010690,0
37274618010690,0.349733821555368
37274619010690,0.497373983297775
37274620010690,0.643857494835322
37274622010690,0.804834120115753
37274623010690,0
37274625010690,0
37274626010690,0.305442301167789
37274627010690,0
37274628010690,0
37274629010690,0.450569985796783
37274632010690,0.467218632259262
37274633010690,0
37274634010690,0
37274635010690,0
37274637010690,0
37274639010690,0.364635328762892
37274640010690,0
37274642010690,0
37274643010690,0.603492836115071
37274645010690,0
37274646010690,0.530540520054185
37274648010690,0.220846348779849
37274649010690,0.436384248079816
37274650010690,0
37274651010690,0
37274652010690,0.527323397151321
37274653010690,0.51875896759519
37274655010690,0.0214907797586754
37274657010690,0
37274697010690,0
37274699010690,0
37274702010690,0.570806455777774
37274708010690,0
37274718010690,0
37274728010690,0.400581513326029
37274733010690,0.70110294920463
37274734010690,0
37274739010690,0
37274746010690,0.646192136649137
37274751010690,0.0348506854085314
37274752010690,0.329136618609407
37274753010690,0.0234239989021423
37274755010690,0.497821158197731
37274756010690,0
37274757010690,0
37274759010690,0
37274762010690,0.738870685131133
37274765010690,0.420941052748356
37274769010690,0.617534031629573
37274770010690,0.498922715268063
37274771010690,0
37274772010690,0
37274779010690,0
37274783010690,0
37274787010690,0
37274818010690,0.602556879655481
37274821010690,0.555375039005547
37274824010690,0
37274825010690,0.162529224067841
37274828010690,0.624204836565839
37274833010690,0
37274838010690,0
37274919010690,0
37274970010690,0.586078802393184
37274971010690,0.751842323679976
37274973010690,0
37274974010690,0
37274975010690,0
37274977010690,0
37274985010690,0.175406749590704
37274988010690,0.692852981832394
37274990010690,0
37274992010690,0.583800259788422
37274994010690,0.57744073131334
37275015010690,0.545065453558377
37275017010690,0
37275018010690,0
37275021010690,0.437544554442229
37275024010690,0.17092962157495
37275026010690,0
37275029010690,0.22245327243543
37275030010690,0
37275031010690,0
37275033010690,0
37275141010690,0.400285489660054
37275143010690,0
37275145010690,0
37275147010690,0
37275149010690,0
37275150010690,0
37275151010690,0
37275156010690,0
37275158010690,0
37275159010690,0
37275160010690,0
37275163010690,0
37275165010690,0
37275166010690,0.419318871998701
37275167010690,0
37275169010690,0
37275194010690,0.0287375194521421
37275197010690,0
37275217010690,0
37275237010690,0
37275240010690,0.199928454168818
37275243010690,0
37275255010690,0.0211129078726566
37275416010690,0.0842712232629083
37275418010690,0.278915562468823
37275421010690,0.102894386299335
37275426010690,0.593163077135829
37275439010690,0
37275441010690,0.237321067718991
37275447010690,0
37275451010690,0
37275460010690,0.697955126911531
37275471010690,0
37275487010690,0
37275493010690,0
37275519010690,0
37275521010690,0
37275525010690,0
37275537010690,0.204418311469939
37275539010690,0.535801435606914
37275541010690,0.341430818273852
37275543010690,0
37275548010690,0
37275556010690,0
37275574010690,0
37275577010690,0.652909813984384
37275581010690,0.827006763512642
37275582010690,0.73226088763471
37275583010690,0.288454299402745
37275585010690,0.378561713318464
37275586010690,0.437651275416221
37275588010690,0
37275590010690,0.687532073640643
37275591010690,0
37275592010690,0.827841590728814
37275617010690,0
37275638010690,0
37275640010690,0
37275647010690,0
37275665010690,0
37275667010690,0
37275680010690,0
37275701010690,0.619125024938764
37275703010690,0.161264056494604
37275706010690,0
37275707010690,0
37275710010690,0.0486184401037618
37275711010690,0
37275712010690,0
37275717010690,0.689023978143837
37275720010690,0.633770243498593
37275722010690,0
37275724010690,0
37275727010690,0
37275733010690,0
37275735010690,0
37275738010690,0
37275739010690,0.496537735112129
37275744010690,0.048930561749647
37275751010690,0.784189126384403
37275757010690,0.598032732879867
37275764010690,0
37275774010690,0
37275783010690,0
37275786010690,0
37275787010690,0
37275826010690,0
37275827010690,0
37275828010690,0
37275829010690,0
37275830010690,0
37275831010690,0
37275832010690,0
37275833010690,0
37275835010690,0
37275858010690,0.948943197055546
37275860010690,0
37275861010690,0.34764576805502
37275862010690,0.777603643451576
37275863010690,0.153185446762311
37275865010690,0
37275866010690,0.17314045809318
37275868010690,0.730512613132157
37275869010690,0.352826773882982
37275872010690,0.699766788611002
37275873010690,0
37275876010690,0
37275882010690,0
37275887010690,0
37275890010690,0.365914640246713
37275896010690,0.446954311556245
37275897010690,0.0223948821414269
37275899010690,0.810549223004112
37275900010690,0
37275901010690,0.28495050881607
37275903010690,0
37275905010690,0
37275909010690,0.321756269661249
37275910010690,0.466966541449856
37275911010690,0.176994859970864
37275914010690,0.0730741401066897
37275915010690,0
37275916010690,0.0801583860488841
37275917010690,0
37275919010690,0.178124276043582
37275920010690,0.452573130577655
37275929010690,0
37275932010690,0.430431613394682
37275933010690,0
37275937010690,0.0247365286972764
37275938010690,0
37275939010690,0.0341296077424481
37275940010690,0.607501979946462
37275943010690,0
37275944010690,0.598504398684624
37275946010690,0.359064229975163
37275971010690,0
37275973010690,0
37275994010690,0.0174202394296738
37275995010690,0
37275996010690,0
37275998010690,0
37275999010690,0
37276000010690,0.484625097221372
37276001010690,0.548350210078869
37276005010690,0.528049048536418
37276009010690,0
37276015010690,0
37276026010690,0
37276040010690,0
37276084010690,0
37276109010690,0
37276200010690,0
37276205010690,0.417094670851729
37276207010690,0
37276208010690,0.248837696359804
37276212010690,0.612104307482567
37276213010690,0
37276214010690,0
37276216010690,0.468302408752697
37276217010690,0
37276220010690,0
37276222010690,0
37276224010690,0
37276225010690,0.0741852512178008
37276226010690,0
37276227010690,0
37276228010690,0
37276230010690,0
37276237010690,0.652769518263475
37276258010690,0.347919194747962
37276259010690,0.628407993238248
37276260010690,0
37276263010690,0.276305268188845
37276265010690,0.209585367699208
37276266010690,0.708576524206696
37276268010690,0
37276271010690,0
37276274010690,0.142854986188066
37276279010690,0
37276280010690,0
37276281010690,0
37276283010690,0.595255388216044
37276284010690,0.212505519936733
37276285010690,0
37276288010690,0
37276289010690,0
37276291010690,0.0194675940856566
37276295010690,0
37276297010690,0
37277767010690,0
37278373010690,0
39635097010690,0.430295416594328
39635225010690,0.714129856303573
39636209010690,0.513146608705674
39636445010690,0.771913274802556
39636541010690,0.698576833579095
39636552010690,0.659043197455732
39636568010690,0.679280895525787
39636825010690,0.722444176851538
39637217010690,0.654733427540392
39637224010690,0.663468631712154
39637233010690,0.705065170015524
39637253010690,0.605099013534764
40373716010690,0.779084265856011
40373723010690,0
40374253010690,0.818174045458926
40374416010690,0
40383822010690,0
40383826010690,0
40383877010690,0
40383878010690,0
40383907010690,0.24991222343311
40384093010690,0.584711633650072
40384928010690,0.398173992638988
40385149010690,0.19303206725257
40385473010690,0.845170241246077
40387890010690,0.75611663632184
40387891010690,0.471503962161478
40387901010690,0.27558813668543
40387903010690,0.0202408338472533
40387953010690,0.715869420088174
40387960010690,0
40387961010690,0.780221136513761
40387968010690,0.668003484611777
40387988010690,0.14457160230157
40387991010690,0
40387993010690,0.688509373212124
40387999010690,0.0759821891479003
40388002010690,0.675401792381745
40388009010690,0.416974928993344
40388015010690,0.775573364813187
40388037010690,0.637681017939002
40388044010690,0.799555757584798
40388054010690,0.529425030540893
40388056010690,0.751111394719987
40388057010690,0.584575601181764
40388078010690,0.570040188460231
40388082010690,0.332429323237083
40388105010690,0.510161426293735
40388141010690,0.819516652639038
40388151010690,0.708071755898385
40388152010690,0.624932475815138
40388157010690,0.834021540053542
40388176010690,0.0267038545381428
40388177010690,0.490466399744278
40388180010690,0.737344241056879
40388185010690,0.888059354676713
40388186010690,0.807091541669115
40388187010690,0
40388192010690,0
40388193010690,0
40388195010690,0.696797799988574
40388197010690,0.359987467778845
40388201010690,0.41249708390474
40388202010690,0.579354590784784
40388204010690,0
40388205010690,0.424099439990376
40388206010690,0
40388207010690,0.110638992818327
40388208010690,0.394030772848561
40388213010690,0
40388214010690,0
40388216010690,0
40388217010690,0
40388218010690,0.581584785983806
40388219010690,0.534638094772478
40388221010690,0.532600330064334
40388223010690,0.769446591054408
40388224010690,0.722000243627298
40388234010690,0.687744285969774
40388239010690,0
40388242010690,0.463009422320299
40388243010690,0.610763703408073
40388246010690,0.26216772476992
40388247010690,0.779995155158486
40388249010690,0.913573327695685
40388252010690,0.887572358303887
40388253010690,0.540011477058129
40388255010690,0.620264565490764
40388271010690,0.929841870849194
40388272010690,0.173222580736503
40388279010690,0
40388283010690,0
40388285010690,0.58522717861693
40388286010690,0
40388289010690,0
40388341010690,0
40388342010690,0
40388343010690,0.538204772428913
40388345010690,0.622155075847695
40388346010690,0.519768341747609
40388356010690,0.828269600745156
40388359010690,0
40388367010690,0.11760281772143
40388369010690,0
40388373010690,0
40388374010690,0.686003945759823
40388379010690,0.15540953594956
40388380010690,0.0418479966009298
40388383010690,0
40388385010690,0
40388387010690,0
40388388010690,0.345927231952625
40388428010690,0.164064897364736
40388438010690,0.811912684805792
40388502010690,0.679383791456448
40388526010690,0.692479655893797
40388527010690,0.0254275512554313
40388530010690,0.754372817820145
40388533010690,0.748454317325293
40388534010690,0
40388583010690,0.740045170920568
40388610010690,0.749266906185564
40388613010690,0.859740612399762
40388627010690,0.793520615579508
40388660010690,0.781070373654919
40388664010690,0.533081431350058
40388665010690,0.27104775028304
40388668010690,0.73009649502421
40388670010690,0.680520819759321
40388671010690,0.622535338474553
40388678010690,0.590187402826326
40388686010690,0
40388702010690,0.638377887060106
40388743010690,0.33282964109478
40388756010690,0
40388774010690,0.593324863703606
40388788010690,0.884158137975472
40388789010690,0.488430111201691
40388794010690,0.0401501305828806
40388795010690,0
40388797010690,0
40388803010690,0
40388807010690,0.674103559522705
40388808010690,0
40388811010690,0
40388814010690,0
40388823010690,0
40388824010690,0
40388833010690,0.780239769186097
40388835010690,0.714330144224224
40388836010690,0.795640674976824
40388838010690,0.822409881919767
40388845010690,0.149940319779617
40388851010690,0.583706045074588
40388860010690,0.557564905431629
40388885010690,0
40388890010690,0
40389019010690,0
40389021010690,0
40389022010690,0.722877054358014
40389026010690,0.612935524707705
40389035010690,0
40389041010690,0
40389045010690,0
40389046010690,0.633021774280927
40389049010690,0.497650707677219
40389052010690,0.0246699379686483
40389084010690,0
40389085010690,0
40389099010690,0
40389113010690,0
40389117010690,0.395311733761611
40389129010690,0
40389132010690,0.140510762473072
40389139010690,0
40389140010690,0
40389149010690,0
40389150010690,0
40389152010690,0.0486184401037618
40389221010690,0.4725565530614
40389225010690,0.63774838900853
40389227010690,0
40389229010690,0
40389230010690,0
40389233010690,0
40389238010690,0
40389240010690,0.342332966761954
40389241010690,0
40389294010690,0
40389303010690,0.70922708500892
40389307010690,0
40389308010690,0
40389309010690,0
40389316010690,0
40389323010690,0.021283760238897
40389328010690,0.377574850741816
40389330010690,0
40389331010690,0
40389362010690,0
40389363010690,0
40389365010690,0
40389367010690,0.693057615396926
40389368010690,0
40389370010690,0.353325099713338
40389371010690,0
40389373010690,0
40389379010690,0
40389383010690,0.444165349251489
40389386010690,0.612483429603464
40389392010690,0
40389393010690,0.159651968260577
40389395010690,0
40389400010690,0
40389408010690,0.374283620705774
40389413010690,0
40389418010690,0
40389419010690,0
40389421010690,0
40389422010690,0.0711450644380244
40389423010690,0
40389424010690,0
40389465010690,0
40389468010690,0
40389471010690,0
40389472010690,0
40389476010690,0.0988028331220361
40389477010690,0
40389479010690,0.122035082839426
40389482010690,0.755524578268119
40389483010690,0
40389484010690,0.290111454282179
40389496010690,0
40389497010690,0
40389498010690,0.499787220216512
40389499010690,0.239251696693242
40389500010690,0
40389503010690,0.369086694825053
40389504010690,0
40389505010690,0.494066822099705
40389506010690,0.0401501305828806
40389507010690,0.0287375194521421
40389508010690,0
40389510010690,0.0925047439896046
40389511010690,0.587508859415467
40389512010690,0
40389514010690,0.78357844367961
40389515010690,0.790334287286024
40389516010690,0
40389519010690,0
40389520010690,0
40389521010690,0.667608851390157
40389524010690,0.630106790759095
40389526010690,0.276303915204407
40389529010690,0
40389533010690,0
40389534010690,0.468071332690093
40389536010690,0.55452713429271
40389579010690,0
40389613010690,0
40389616010690,0.01862840558784
40389620010690,0
40389623010690,0
40389668010690,0
40389672010690,0
40389677010690,0
40389678010690,0
40389691010690,0
40389696010690,0.270279057087537
40389697010690,0
40389710010690,0
40389714010690,0
40389715010690,0
40389721010690,0
40389766010690,0
40389770010690,0
40389806010690,0
40389815010690,0.524777370898094
40389862010690,0
40389868010690,0.217765438927684
40389869010690,0.26308530916238
40389877010690,0
40389879010690,0
40389887010690,0.0246699379686483
40389889010690,0.021283760238897
40389893010690,0.502732297135298
40389895010690,0
40389896010690,0
40389897010690,0.551373072031391
40389898010690,0.267811479696873
40389899010690,0
40389904010690,0.0200685204668283
40389905010690,0
40389906010690,0.625895387157311
40389907010690,0.387927594278479
40389911010690,0
40389914010690,0.081793078581743
40389915010690,0.0229418576097427
40389935010690,0.585567543521227
40389939010690,0.254774319959175
40389940010690,0
40389946010690,0
40389947010690,0
40389953010690,0.451622422981606
40389957010690,0
40389958010690,0.0193164259262807
40389959010690,0
40389960010690,0
40389961010690,0
40389962010690,0
40389970010690,0.43638752393709
40389974010690,0.405466621174795
40389976010690,0
40389977010690,0.402082391375486
40389978010690,0.472019428789444
40389983010690,0.291217451641463
40389985010690,0
40389987010690,0
40389991010690,0
40389992010690,0
40389993010690,0
40389996010690,0
40390004010690,0
40390005010690,0
40390016010690,0
40390017010690,0.120514030989064
40390021010690,0.659399691443843
40390023010690,0
40390027010690,0.535804384008614
40390030010690,0
40390040010690,0
40390049010690,0
40390051010690,0
40390052010690,0.442011594123131
40390058010690,0.285292234926966
40390077010690,0
40390090010690,0
40390091010690,0
40390096010690,0
40390097010690,0
40390103010690,0
40390104010690,0
40390105010690,0
40390106010690,0.700605227305885
40390107010690,0
40390108010690,0.175606130336646
40390192010690,0
40390212010690,0
40390213010690,0
40390214010690,0
40390215010690,0
40390217010690,0
40390218010690,0
40390220010690,0
40390221010690,0
40390222010690,0
40390223010690,0.0917164072880705
40390224010690,0
40390226010690,0
40390227010690,0
40390230010690,0
40390233010690,0
40390234010690,0
40390235010690,0
40390237010690,0
40390248010690,0
40390249010690,0
40390253010690,0
40390262010690,0
40390265010690,0
40390266010690,0
40390308010690,0.171437262613299
40390309010690,0.450938521245837
40390310010690,0
40390311010690,0.325772584584464
40390312010690,0.277273193818256
40390313010690,0.378878817930666
40390314010690,0.441143164008548
40390316010690,0.18702693023394
40390319010690,0
40390321010690,0.617569199260572
40390322010690,0.351373861751389
40390324010690,0.91265465085363
40390325010690,0.281301822749159
40390326010690,0.765391732110786
40390328010690,0.407476309646492
40390330010690,0.01862840558784
40390332010690,0
40390333010690,0.195408046533325
40390334010690,0.82971531109846
40390335010690,0.0209628809594938
40390337010690,0
40390339010690,0.730915061090304
40390341010690,0.437009105397687
40390342010690,0.702584850780236
40390343010690,0.681044384419764
40390346010690,0.18886830256923
40390349010690,0
40390357010690,0
40390360010690,0.172233778848868
40390361010690,0.242417725876452
40390371010690,0.66187136660821
40390374010690,0
40390382010690,0
40390393010690,0.562092794882439
40390394010690,0.657163590053341
40390402010690,0.672982920679648
40390403010690,0.0785117065999879
40390411010690,0
40390415010690,0.482591337856847
40390417010690,0
40390418010690,0.648129768637748
40390419010690,0.353978970608465
40390420010690,0
40390421010690,0
40390422010690,0
40390426010690,0.545155787146291
40390435010690,0.506909542328692
40390436010690,0
40390437010690,0.672469907239751
40390440010690,0
40390441010690,0
40390442010690,0.439785215238928
40390443010690,0.423572997781683
40390446010690,0.826297096903948
40390447010690,0
40390448010690,0
40390449010690,0
40390450010690,0.615444017924855
40390452010690,0
40390455010690,0.651328164286792
40390456010690,0.618597934749292
40390457010690,0
40390458010690,0.253033342609705
40390459010690,0
40390460010690,0
40390461010690,0.808551917960905
40390462010690,0.739065776957776
40390464010690,0
40390468010690,0.842746555272311
40390469010690,0
40390470010690,0.457180660792012
40390472010690,0
40390473010690,0
40390474010690,0.18967159873445
40390475010690,0.0202533299677553
40390480010690,0
40390481010690,0
40390482010690,0
40390483010690,0.223694937603902
40390484010690,0.591962158855613
40390488010690,0.20307546131305
40390489010690,0.269309323177109
40390491010690,0.341295758013168
40390494010690,0.306025184628443
40390495010690,0.545779227745785
40390497010690,0
40390508010690,0
40390515010690,0.357010994634387
40390518010690,0
40390519010690,0
40390520010690,0
40390524010690,0.0180033303650639
40390525010690,0.449818087287183
40390529010690,0
40390530010690,0
40390531010690,0
40390534010690,0.805727156588977
40390535010690,0
40390538010690,0
40390539010690,0
40390541010690,0
40390544010690,0
40390545010690,0.675868725532193
40390546010690,0.739797707121976
40390547010690,0.019982488802631
40390548010690,0
40390550010690,0.415030410461699
40390551010690,0.684283533598331
40390553010690,0.451574559010187
40390555010690,0.576498008561249
40390560010690,0
40390563010690,0
40390566010690,0
40390568010690,0.133367328236663
40390569010690,0.747472145366967
40390572010690,0.217975685466202
40390573010690,0.25439643230264
40390577010690,0.796097211403932
40390578010690,0
40390630010690,0
40390636010690,0
40390640010690,0.0842712232629083
40390643010690,0
40390644010690,0
40390668010690,0.019982488802631
40390669010690,0
40390680010690,0
40390692010690,0
40390710010690,0
40390714010690,0
40390715010690,0
40390716010690,0
40390717010690,0.594082632550816
40390723010690,0
40390726010690,0.396130403011145
40390727010690,0
40390729010690,0.0470035162590415
40390732010690,0.434305971773561
40390734010690,0.479462443274439
40390736010690,0
40390737010690,0
40390741010690,0
40390745010690,0.356175490741714
40390747010690,0
40390749010690,0
40390756010690,0
40390757010690,0
40390759010690,0
40390770010690,0
40390771010690,0
40390773010690,0
40390776010690,0
40390778010690,0
40390781010690,0.244247957874852
40390789010690,0
40390790010690,0
40390791010690,0
40390796010690,0
40390802010690,0
40390805010690,0
40390806010690,0
40390810010690,0
40390816010690,0
40390823010690,0.594949249869095
40390830010690,0.750727598143497
40390833010690,0
40390834010690,0
40390835010690,0
40390839010690,0
40390845010690,0.361758761226105
40390846010690,0.0254275512554313
40390848010690,0
40390849010690,0
40390852010690,0
40390856010690,0.829152704663008
40390925010690,0
40390926010690,0
40390969010690,0.555429641907254
40391309010690,0
40391329010690,0.597863356453151
40391330010690,0
40391331010690,0
40391335010690,0
40391346010690,0
40391348010690,0
40391349010690,0
40391355010690,0.586812771750561
40391356010690,0
40391358010690,0
40391360010690,0
40391363010690,0
40391365010690,0.592377888396218
40391370010690,0
40391371010690,0.337699235421266
40391373010690,0
40391374010690,0.241675166477192
40391375010690,0.0842712232629083
40391378010690,0.608287925462225
40391380010690,0
40391382010690,0.69923744366323
40391383010690,0.417581923772143
40391384010690,0.450010568966361
40391385010690,0
40391387010690,0.254570985216916
40391388010690,0.536723513789715
40391389010690,0.444434169278476
40391390010690,0.710200405550056
40391391010690,0.44191414181587
40391393010690,0
40391394010690,0.616110221795989
40391395010690,0.0338881166253214
40391396010690,0.0357197218478964
40391397010690,0.384887000071966
40391398010690,0
40391401010690,0
40391402010690,0.758523093659833
40391405010690,0.0347391000714162
40391406010690,0
40391409010690,0
40391421010690,0.0234239989021423
40391423010690,0
40391425010690,0.623808547423698
40391484010690,0.301180274123408
40391486010690,0.438048770593111
40391491010690,0.153399778139026
40391493010690,0
40391497010690,0
40391503010690,0
40391504010690,0.246966884161984
40391505010690,0
40391510010690,0
40391511010690,0
40391512010690,0
40391513010690,0
40391514010690,0
40391516010690,0.492451572579084
40391517010690,0.0174202394296738
40391519010690,0
40391520010690,0.685420105713475
40391521010690,0.713951542094618
40391522010690,0
40391523010690,0
40391525010690,0
40391528010690,0
40391529010690,0
40391531010690,0
40391538010690,0
40391541010690,0
40391543010690,0
40391544010690,0
40391545010690,0.62752810248429
40391547010690,0
40391548010690,0.430793272520108
40391553010690,0
40391555010690,0
40391556010690,0
40391559010690,0.219307537854788
40391561010690,0
40391563010690,0
40391564010690,0.241323388829168
40391568010690,0
40391570010690,0
40391571010690,0
40391572010690,0
40391574010690,0
40391575010690,0
40391576010690,0.504275988123292
40391577010690,0
40391579010690,0.431165631485766
40391580010690,0.158392446626037
40391581010690,0.425462810620128
40391582010690,0
40391583010690,0
40391584010690,0.491355421207833
40391586010690,0.549230350025063
40391587010690,0.14575996081254
40391588010690,0
40391589010690,0
40391591010690,0
40391594010690,0
40391596010690,0
40391597010690,0.632527117433016
40391600010690,0
40391604010690,0
40391605010690,0.469726641566629
40391606010690,0.021283760238897
40391611010690,0
40391738010690,0.525520695848834
40391858010690,0
40391907010690,0.460264287071847
40391964010690,0.664977980318878
40392054010690,0.551568697888354
40392081010690,0
40392092010690,0.471028842870894
40392288010690,0.541171547207707
40392304010690,0.818955955474182
40392325010690,0.725280384708684
40392326010690,0.418061840646239
40392370010690,0
40392416010690,0.79834143302347
40392468010690,0.861573348300778
40392477010690,0.872240566293877
40392639010690,0
40392663010690,0
40392961010690,0.877872097861018
40392969010690,0.434454116315415
40393291010690,0.0200624261268473
40393452010690,0.596457217114445
40393573010690,0.691702781196637
40393576010690,0.395272117099577
40393602010690,0.163242356197656
40393651010690,0.615563770646423
40393864010690,0.797863869298693
40393865010690,0
40393868010690,0
40393870010690,0.638529543729656
40393872010690,0.744317697328862
40393874010690,0
40393876010690,0
40393879010690,0
40393881010690,0
40393882010690,0
40393883010690,0.209166454744681
40393885010690,0
40393888010690,0.0446293388526062
40393890010690,0
40393891010690,0
40393894010690,0
40393902010690,0
40393908010690,0
40393912010690,0
40393916010690,0.566372608700797
40393919010690,0
40393933010690,0
40393937010690,0.847691947709747
40393947010690,0.755027224451841
40393952010690,0
40393974010690,0
40393977010690,0
40393978010690,0
40393986010690,0
40394192010690,0
40394201010690,0
40394204010690,0
40394238010690,0
40394245010690,0
40394250010690,0
40394255010690,0
40394264010690,0.835024299777184
40394265010690,0.394499650281178
40394391010690,0
40394392010690,0
40394394010690,0
40394474010690,0
40394659010690,0.397942192424067
40394660010690,0
40394664010690,0
40394666010690,0
40394667010690,0
40394668010690,0
40394669010690,0
40394670010690,0.584989287193971
40394804010690,0.244246663667918
40394805010690,0.458018468035586
40394806010690,0.281181657308188
40394810010690,0
40394811010690,0
40394812010690,0
40394813010690,0.665670677540127
40394814010690,0.592199832281853
40394816010690,0
40394818010690,0.284281054453992
40394821010690,0.0287375194521421
40394822010690,0
40394824010690,0
40394827010690,0.364170161953216
40394828010690,0.176528154215422
40394829010690,0.410472430934363
40394830010690,0.450837842469343
40394832010690,0.211387415242468
40394833010690,0
40394834010690,0
40394835010690,0.621047579423223
40394838010690,0
40394839010690,0.444266122366443
40394841010690,0
40394842010690,0
40394846010690,0.252621646880939
40394847010690,0
40394850010690,0
40394851010690,0.615581819055727
40394853010690,0.595641944193275
40394854010690,0.2868339502746
40394857010690,0.671415266957596
40394858010690,0
40394861010690,0.297716363702234
40394862010690,0.58407264654012
40394863010690,0.397850241519638
40394866010690,0.360039581669676
40394867010690,0.528429070892288
40394870010690,0.514983492040354
40394872010690,0.347228743232357
40394873010690,0.205054012043331
40394876010690,0.454190093806346
40394878010690,0
40394879010690,0
40394880010690,0
40394881010690,0.371256695290064
40394884010690,0.0438278394742264
40394887010690,0.572895505117838
40394888010690,0.220417815374774
40394889010690,0.722013037819737
40394890010690,0
40394892010690,0.21732628852847
40394893010690,0.563044304654147
40394894010690,0
40394896010690,0.666786120045384
40394897010690,0.757638023281301
40394898010690,0
40394899010690,0.669274675283515
40394901010690,0.767367408449507
40394903010690,0.0925047439896046
40394904010690,0
40394905010690,0.168502283530055
40394907010690,0
40394908010690,0.70354201516182
40394909010690,0.652666056419732
40394910010690,0
40394912010690,0.0300037797798566
40394913010690,0.47291233441406
40394914010690,0
40394915010690,0.507928756585351
40394952010690,0.594192192654067
40394954010690,0.518133108223996
40394955010690,0.334313929326687
40394956010690,0
40394957010690,0
40394958010690,0.408738149043779
40394959010690,0
40394961010690,0.397081083026075
40394962010690,0.367246076201386
40394967010690,0.588137528121543
40394968010690,0.36096802114565
40394969010690,0.268690733742307
40394971010690,0.677052021623246
40394972010690,0
40394973010690,0
40394974010690,0
40394978010690,0.327655516913938
40394979010690,0.843848481687912
40394980010690,0
40395095010690,0.741337880919388
40395117010690,0.527255610126477
40395133010690,0.572781407632922
40395137010690,0.667767076945286
40395143010690,0.338295351468921
40395146010690,0
40395153010690,0.697857549908141
40395179010690,0
40395188010690,0
40395190010690,0.270044157512233
40395192010690,0
40395198010690,0
40395201010690,0
40395203010690,0
40395205010690,0
40395207010690,0
40395208010690,0.387948070616151
40395209010690,0.498211354646461
40395210010690,0.254858226028639
40395214010690,0
40395278010690,0
40395281010690,0.734437843631709
40395284010690,0.554632114902017
40395289010690,0.0224758726834492
40395292010690,0
40395293010690,0.160463583440797
40395307010690,0
40395308010690,0
40395311010690,0
40395325010690,0
40395328010690,0.356474855432992
40395333010690,0
40395338010690,0
40395340010690,0.319189259858891
40395342010690,0.175004386963783
40395345010690,0.403517617652716
40395346010690,0.188164471851098
40395358010690,0.419479422811954
40395363010690,0.323632371078635
40395366010690,0.631235746198585
40395370010690,0.437882783917958
40395371010690,0
40395376010690,0.390579723086994
40395382010690,0
40395385010690,0.669829112703555
40395388010690,0.642889807452243
40395390010690,0.783033239201202
40395391010690,0
40395393010690,0.599005646578036
40395394010690,0
40395396010690,0.248408442416045
40395400010690,0.60641275940518
40395403010690,0
40395415010690,0
40395417010690,0
40395419010690,0.281683570026636
40395420010690,0
40395424010690,0
40395425010690,0
40395429010690,0
40395431010690,0
40395438010690,0
40395440010690,0
40395442010690,0
40395446010690,0
40395448010690,0.425446925790456
40395457010690,0.5587340134762
40395461010690,0
40395498010690,0.661352395206652
40395499010690,0
40395501010690,0.211123968403391
40395504010690,0.328070347867815
40395507010690,0.613519328663342
40395508010690,0.317801492917083
40395509010690,0.1021226723992
40395511010690,0.429394089551162
40395512010690,0.514489228845105
40395513010690,0.395928914756603
40395515010690,0.840825182642011
40395516010690,0.0247365286972764
40395517010690,0
40395519010690,0.32459112380944
40395522010690,0
40395523010690,0.0287375194521421
40395524010690,0.774909661432728
40395525010690,0.64570006257439
40395526010690,0.0366443642583939
40395527010690,0
40395528010690,0
40395529010690,0.641683058267838
40395530010690,0.312873037877035
40395531010690,0
40395532010690,0
40395534010690,0.268644426130221
40395535010690,0.41493432195792
40395538010690,0.669000666447626
40395540010690,0
40395543010690,0
40395544010690,0.225050624564465
40395546010690,0.166246611632072
40395550010690,0
40395552010690,0
40395555010690,0
40395558010690,0.71918220844618
40395560010690,0
40395561010690,0.722369343521746
40395563010690,0
40395565010690,0
40395566010690,0.347658486951702
40395567010690,0
40395568010690,0
40395573010690,0
40395574010690,0.237713904882115
40395575010690,0.54161698573997
40395576010690,0
40395646010690,0
40395653010690,0
40395661010690,0
40395665010690,0.303652015919796
40395667010690,0
40395677010690,0.452021206276932
40395679010690,0.441242611228872
40395682010690,0.0194227181863285
40395688010690,0.58945350345667
40395692010690,0
40395694010690,0
40395696010690,0.573781855334856
40395701010690,0
40395705010690,0.123862882472197
40395706010690,0
40395707010690,0
40395711010690,0
40395713010690,0
40395715010690,0
40395720010690,0.0965771454104263
40395724010690,0
40395725010690,0.435182895478441
40395727010690,0
40395730010690,0
40395731010690,0.193160182426841
40395739010690,0
40395741010690,0
40395752010690,0
40395757010690,0
40395759010690,0
40395760010690,0
40395764010690,0.340443784370199
40395765010690,0.4280335625283
40395771010690,0.550963338844634
40395772010690,0
40395775010690,0.794677941400421
40395780010690,0.690567040344037
40395781010690,0.13846195405291
40395783010690,0
40395784010690,0
40395788010690,0
40395789010690,0
40395792010690,0
40395794010690,0.437012534582961
40395798010690,0
40395801010690,0
40395802010690,0.556667049558412
40395803010690,0.51897941185207
40395804010690,0
40395807010690,0
40395809010690,0
40395812010690,0.574589720615532
40395816010690,0.748838584193448
40395817010690,0
40395829010690,0
40395832010690,0.13593114241601
40395834010690,0
40395836010690,0.828530211183281
40395837010690,0.502012349651979
40395840010690,0
40395886010690,0
40395890010690,0.366330504426511
40395891010690,0
40395911010690,0.597011819871101
40395916010690,0.705302517123577
40395917010690,0.466470952171464
40395919010690,0.393923521959344
40395920010690,0
40395921010690,0.871637898351009
40395924010690,0
40395925010690,0.209650545575408
40395927010690,0.209803202069279
40395928010690,0.0206553383365031
40395929010690,0
40395932010690,0.170115398383184
40395933010690,0
40395939010690,0.741488642662731
40395940010690,0
40395941010690,0.685277306437484
40396046010690,0
40396095010690,0.568027872890184
40396100010690,0.699335021037179
40396101010690,0.744044492305817
40396105010690,0.673495796883465
40396199010690,0.328555159892716
40396200010690,0
40396202010690,0
40396203010690,0.309369777977096
40396204010690,0
40396206010690,0
40396207010690,0.338820844833333
40396210010690,0
40396211010690,0
40396218010690,0.13624928211843
40396219010690,0
40396229010690,0
40396234010690,0
40396236010690,0
40396237010690,0
40396239010690,0
40396242010690,0.512429957483197
40396245010690,0
40396248010690,0
40396249010690,0.022076238802631
40396253010690,0
40396296010690,0.411195063360239
40396300010690,0.579401797417805
40396301010690,0
40396303010690,0
40396304010690,0
40396312010690,0
40396314010690,0.12744154191744
40396318010690,0
40396319010690,0
40396322010690,0
40396325010690,0.01862840558784
40396327010690,0.294199151187624
40396336010690,0
40396337010690,0.0390207171314853
40396345010690,0
40396349010690,0
40396557010690,0.529249741897079
40396562010690,0
40396568010690,0.204764912793298
40396570010690,0
40396571010690,0
40396573010690,0
40396574010690,0.410077935530453
40396575010690,0
40396576010690,0
40396577010690,0
40396578010690,0.081990091065748
40396580010690,0
40396582010690,0.594216589752966
40396584010690,0
40396586010690,0.19592616052143
40396591010690,0
40396593010690,0
40396596010690,0
40396612010690,0
40396659010690,0
40396667010690,0.0198277673104076
40396669010690,0
40396670010690,0.637194785061204
40396704010690,0.478602117438833
40396717010690,0.640236951338326
40396743010690,0
40396744010690,0
40396745010690,0.822303527496967
40396751010690,0
40396795010690,0.627506341144952
40396973010690,0.460897564076296
40397100010690,0.429953524576113
40397259010690,0
40397526010690,0
40397527010690,0
40397560010690,0
40397603010690,0
40397660010690,0
40397719010690,0.0422642843613932
40397821010690,0
40397868010690,0
40397898010690,0
40397938010690,0
40397962010690,0.735638412976505
40397997010690,0.599978729968513
40398260010690,0
40398406010690,0.234059474968299
40402450010690,0.311491271895898
40402542010690,0.821922154962936
40402574010690,0.715303339359289
40403544010690,0.568734008845679
40403548010690,0.92274659821592
40403765010690,0.605635260733865
40403775010690,0.860802168178598
40403821010690,0.537233848290631
40403859010690,0.437977008858516
40403863010690,0.862911674294966
40403870010690,0.0225078045701585
40403874010690,0.679651148488568
40403949010690,0.0218486301635537
40404151010690,0.784854758230655
40404228010690,0.590415162971364
40404246010690,0.690419067133719
40404517010690,0.706011679270188
40404525010690,0.632066311300639
40404532010690,0.119196265181152
40404539010690,0.380452752742893
40404542010690,0.505195069988924
40404548010690,0.488841496897371
40404730010690,0
40404738010690,0
40404821010690,0.88004812077861
40404822010690,0.901234734117183
40404827010690,0.817216148387504
40404837010690,0
40404838010690,0
40404844010690,0.675356506915256
40404845010690,0
40404864010690,0.76843401432442
40404866010690,0.0219357335709512
40404876010690,0.274681563417565
40404879010690,0.692434617562911
40404893010690,0.857209790976478
40404894010690,0.853333045759054
40404925010690,0.352091060708089
40404930010690,0
40404940010690,0.889624855188104
40405148010690,0
40405171010690,0
40405267010690,0
40405275010690,0.348773329072466
40405277010690,0.578091041708966
40405278010690,0.654471555137646
40405283010690,0.746240265124914
40405284010690,0.843996718048648
40405289010690,0.880786828980614
40405290010690,0.890276688616699
40405307010690,0
40405309010690,0.52315579632225
40405310010690,0
40405314010690,0
40405320010690,0
40405323010690,0
40405328010690,0
40405330010690,0.918867559221447
40405338010690,0.510920936694841
40405339010690,0
40405343010690,0
40405345010690,0.436652740949433
40405346010690,0.519595748474365
40405347010690,0.647873542074224
40405376010690,0.797026810233796
40405378010690,0.18967159873445
40405486010690,0
40405490010690,0
40405495010690,0
40405617010690,0.972709164806821
40405621010690,0.857199547243707
40405622010690,0.847697653864586
40405623010690,0.6289959713407
40405625010690,0.785461471581286
40405626010690,0.561747014843783
40405629010690,0.682168227347346
40405630010690,0.755376537818363
40405633010690,0.725559464041408
40405634010690,0.749710127788965
40405644010690,0.633398426159053
40405650010690,0
40405670010690,0.820597712590766
40405708010690,0.656460621960222
40405729010690,0.549749805365357
40405737010690,0
40405739010690,0.170214764007784
40405749010690,0.672192992287507
40405767010690,0
40405768010690,0
40405792010690,0.0264267561504665
40405797010690,0.75470472766021
40405798010690,0.311231254181575
40405806010690,0
40405807010690,0
40405815010690,0.565073757477974
40405821010690,0
40405822010690,0
40405828010690,0
40405835010690,0
40405871010690,0
40405877010690,0.758660527886019
40405903010690,0
40405993010690,0.457239830183113
40406005010690,0.25869340940985
40406042010690,0.345305141993129
40406044010690,0.377232908176381
40406045010690,0
40406048010690,0.764482565736641
40406049010690,0.373148812687593
40406059010690,0
40406070010690,0
40406090010690,0.592641444584112
40406100010690,0
40406101010690,0
40406265010690,0
40406266010690,0.532555022785412
40406270010690,0.692886452621072
40406272010690,0.0418479966009298
40406274010690,0
40406277010690,0.558237438658137
40406280010690,0.246226552011613
40406284010690,0.625128268618259
40406287010690,0.425850579393957
40406293010690,0.650632108290768
40406297010690,0
40406298010690,0
40406299010690,0.676175016671028
40406300010690,0
40406301010690,0.795493338619521
40406302010690,0.714493843950801
40406304010690,0
40406305010690,0.468037894499405
40406306010690,0
40406308010690,0
40406319010690,0
40406323010690,0
40406382010690,0.409400005267722
40406383010690,0
40406385010690,0.532349358262452
40406509010690,0
40406654010690,0.648140192660564
40406656010690,0.315102275672262
40406657010690,0.53125766904608
40406662010690,0
40406663010690,0.583933580399573
40406664010690,0
40406669010690,0
40406672010690,0.736835295520668
40406673010690,0
40406675010690,0.0470035162590415
40406676010690,0.0793723198499804
40406677010690,0
40406679010690,0
40406680010690,0.762828076921874
40406681010690,0.164334463162021
40406687010690,0
40406691010690,0
40406695010690,0
40406696010690,0
40406697010690,0
40406705010690,0
40406707010690,0
40406708010690,0
40406709010690,0.212539587361518
40406711010690,0.690680026335403
40406719010690,0
40406722010690,0
40406723010690,0.421694464123583
40406727010690,0
40406733010690,0
40406740010690,0
40406750010690,0
40406752010690,0.199783945859363
40406758010690,0.8377164158748
40406765010690,0.571240416104201
40406769010690,0.589801441082489
40406771010690,0.65965057969535
40406780010690,0.853306895384984
40406789010690,0.0294939902721948
40406794010690,0.540276303333495
40406795010690,0.883128637963176
40406799010690,0
40406812010690,0.81947677828966
40406817010690,0.356762243575512
40406818010690,0.762610003780975
40406826010690,0.570493988310617
40406833010690,0.539947373689704
40406835010690,0.174684679358333
40406839010690,0.448497886270334
40406842010690,0.214703752691378
40406848010690,0.658379912557652
40406850010690,0.772231321589494
40406851010690,0.0224758726834492
40406852010690,0.662087433082351
40406853010690,0.34238129895848
40406855010690,0
40406861010690,0
40406866010690,0
40406873010690,0
40406952010690,0
40406976010690,0.0180033303650639
40406978010690,0.323219680283014
40406986010690,0
40406999010690,0.0842712232629083
40407005010690,0.660723232643423
40407006010690,0
40407012010690,0
40407022010690,0.252352301299056
40407024010690,0.466732913107573
40407027010690,0
40407032010690,0
40407033010690,0.64790112080562
40407035010690,0.575844579953454
40407036010690,0.719358089986128
40407044010690,0.757497153288243
40407046010690,0.627243118397614
40407051010690,0.146781376846779
40407057010690,0
40407060010690,0.271160749294375
40407064010690,0
40407065010690,0
40407071010690,0
40407077010690,0.339648135448845
40407079010690,0.498793915860976
40407080010690,0.346075333446188
40407096010690,0.414387268202883
40407101010690,0.857569756302751
40407109010690,0.614843911217563
40407115010690,0
40407123010690,0
40407124010690,0.717850187863618
40407125010690,0.081990091065748
40407131010690,0
40407172010690,0
40407180010690,0.463769485727629
40407183010690,0.0254275512554313
40407529010690,0
40407530010690,0
40407532010690,0
40407533010690,0
40407534010690,0
40407535010690,0
40407537010690,0
40407538010690,0
40407540010690,0
40407542010690,0
40407544010690,0
40407545010690,0
40407547010690,0
40407548010690,0.489702300439575
40407550010690,0
40407551010690,0.173275707584412
40407554010690,0
40407557010690,0
40407560010690,0.679024730267263
40407561010690,0.381902068812432
40407563010690,0
40407566010690,0
40407567010690,0
40407569010690,0
40407570010690,0.402261249983005
40407571010690,0
40407572010690,0.423127564192209
40407574010690,0.795514793450122
40407575010690,0.40325408468837
40407576010690,0
40407577010690,0.80260060640199
40407578010690,0.120449038758769
40407581010690,0.0294939902721948
40407582010690,0.460999192592678
40407583010690,0
40407586010690,0.402408527269958
40407587010690,0.600921944564417
40407588010690,0.445741627808827
40407589010690,0
40407591010690,0
40407596010690,0.181349614034808
40407597010690,0.900917170947078
40407600010690,0
40407602010690,0
40407603010690,0.400028685474087
40407605010690,0.86644539548223
40407608010690,0.569613640050168
40407609010690,0.641699692881171
40407611010690,0.96392797707782
40407612010690,0.13139446560213
40407614010690,0.584265473250464
40407617010690,0.646551169697601
40407618010690,0.409890143069297
40407622010690,0.0184528020556541
40407623010690,0.861317523319269
40407626010690,0.576829529430579
40407627010690,0.679783178818449
40407629010690,0.327214869987013
40407634010690,0
40407637010690,0.244608891316663
40407638010690,0.26862019470889
40407641010690,0.799908643470867
40407643010690,0.181301214215094
40407644010690,0.726798162895755
40407651010690,0
40407652010690,0.547709856744178
40407653010690,0.772837170196396
40407654010690,0
40407655010690,0.465005121876397
40407657010690,0.88764287214125
40407659010690,0.248816997427851
40407660010690,0
40407709010690,0
40407737010690,0.709075000331794
40416064010690,0
40416071010690,0
40416219010690,0.445242304163582
40416220010690,0.749902073487067
40416232010690,0.481765742031213
40416244010690,0.779936627267477
40416245010690,0.740585909337902
40416254010690,0.271765511032326
40416258010690,0
40416264010690,0
40416267010690,0.857679038454833
40416279010690,0.590471209131941
40416281010690,0
40416282010690,0
40416283010690,0.532008373596984
40416293010690,0
40416294010690,0
40416304010690,0.574971290974693
40416305010690,0
40416306010690,0
40416377010690,0.749750536653483
40416392010690,0.663798223377733
40416425010690,0.62858132920773
40416435010690,0.39932324914925
40416461010690,0.617775156177503
40416473010690,0.195846797240979
40416485010690,0.81407482309819
40416501010690,0.678630525749422
40416545010690,0.571006289059214
40416546010690,0
40416593010690,0
40417303010690,0
40417305010690,0.125557802705412
40417306010690,0.048930561749647
40417325010690,0.019982488802631
40417326010690,0.337926813768545
40417327010690,0.776791296504032
40417328010690,0
40417347010690,0.620919305094394
40417349010690,0.593454936147485
40417350010690,0.856248718061272
40417351010690,0.894243686889888
40417367010690,0
40417368010690,0.937503490586554
40417386010690,0
40417387010690,0.708392874850421
40417388010690,0.808820374650973
40417397010690,0.868740576968993
40417398010690,0
40417405010690,0.233035325709662
40417412010690,0.0300037797798566
40417413010690,0.876998622769928
40417414010690,0.352008499799044
40417421010690,0
40417428010690,0
40417431010690,0.673822681239859
40417437010690,0
40417445010690,0
40417448010690,0.867578848482631
40417449010690,0.409528359099796
40417450010690,0.567229214998557
40417454010690,0
40417463010690,0
40417466010690,0.754145519475058
40417468010690,0
40417469010690,0
40417470010690,0.481392974992879
40417474010690,0
40417483010690,0
40417484010690,0
40417486010690,0.365777997802127
40417492010690,0
40417493010690,0
40417540010690,0
40417544010690,0
40417551010690,0
40417553010690,0
40417558010690,0.832378081129695
40417562010690,0
40417563010690,0.169844566936198
40417567010690,0.898326211144375
40417822010690,0
40417851010690,0
40418116010690,0.580358086338756
40418120010690,0
40418131010690,0.354025985005322
40418135010690,0
40418136010690,0.702713259895939
40418138010690,0.361358278745695
40418139010690,0.739517863503513
40418140010690,0.765254089030933
40418142010690,0.920802759902609
40418143010690,0.833655691149196
40418146010690,0
40418147010690,0.656251061657552
40418148010690,0.662351027956219
40418150010690,0.667115334277616
40418155010690,0
40418157010690,0.731281008359056
40418161010690,0.461728746115423
40418168010690,0.756646015220438
40418174010690,0.356560016027119
40418175010690,0.626305396043006
40418183010690,0
40418186010690,0
40418200010690,0.677071376224757
40418201010690,0.272341804347892
40418296010690,0.810150584966228
40418366010690,0.102799439504153
40418389010690,0.0375620214793114
40418390010690,0.414236246853242
40418412010690,0.0524231031252539
40418428010690,0.905033218297122
40418448010690,0.425800875945812
40418449010690,0.297656835249369
40418472010690,0.0223948821414269
40418510010690,0.828021447886397
40418550010690,0.661018532516027
40418551010690,0
40418568010690,0.678703735366885
40418581010690,0.0174202394296738
40418583010690,0.524726805510972
40418600010690,0
40418617010690,0
40418619010690,0
40418632010690,0
40418734010690,0.76821133584347
40418771010690,0.816353002129477
40418776010690,0.531566701830123
40418801010690,0.328933043202288
40418802010690,0.292002301751681
40418803010690,0
40418804010690,0
40419028010690,0.951583871249085
40419073010690,0.597049307502122
40419143010690,0.408273222187222
40419144010690,0.341441862879422
40419145010690,0.305482473566195
40419146010690,0.492355052975472
40419150010690,0.588738089068946
40419151010690,0
40419179010690,0
40419180010690,0.0206553383365031
40419181010690,0
40419203010690,0.287312568025709
40419216010690,0
40419217010690,0
40419225010690,0
40419226010690,0
40419236010690,0
40419237010690,0.728744286525914
40419247010690,0.688154180143926
40419258010690,0
40419259010690,0.451682357193987
40419269010690,0.723492356749052
40419271010690,0
40419425010690,0
40419427010690,0.0843073001314958
40419429010690,0
40419441010690,0.399899385203323
40419442010690,0.51707486015784
40419665010690,0
40419667010690,0.260196861383848
40419668010690,0
40419669010690,0.526818760599528
40419670010690,0
40419671010690,0.213524553382715
40419674010690,0
40419679010690,0.180058958162256
40419684010690,0.476825313926176
40419685010690,0
40419689010690,0.436274572189122
40419696010690,0
40419697010690,0.504306271708263
40419698010690,0
40419700010690,0.689560050017596
40419701010690,0.819171462978702
40419702010690,0
40419704010690,0.0211129078726566
40419706010690,0.741524505301598
40419710010690,0.0191194687223207
40419719010690,0.484273185654168
40419724010690,0.738909924133247
40419727010690,0
40419730010690,0.402516140454606
40419731010690,0
40419734010690,0.267595964630211
40419735010690,0.633538189526273
40419737010690,0
40419738010690,0
40419746010690,0
40419750010690,0
40419752010690,0.83589662043617
40419753010690,0
40419756010690,0
40419759010690,0
40419760010690,0.247776058009387
40419762010690,0.617238829859802
40419769010690,0
40419770010690,0.117111924435734
40419771010690,0
40419773010690,0
40419794010690,0
40419924010690,0.492244979806785
40419929010690,0
40419930010690,0
40419931010690,0
40420263010690,0
40420560010690,0
40420561010690,0
40420568010690,0.726400549285184
40420571010690,0
40420584010690,0.454593980617411
40420586010690,0
40420591010690,0.664801649065001
40420592010690,0.643806137894872
40420595010690,0
40420596010690,0
40420598010690,0.814952032001483
40420610010690,0
40420611010690,0
40420612010690,0
40420614010690,0.601254556435305
40420617010690,0.903732289829254
40420620010690,0.797994646069925
40420633010690,0
40420634010690,0
40420639010690,0.758924393702964
40420645010690,0
40420647010690,0
40420660010690,0
40420661010690,0
40420662010690,0
40420664010690,0.141518073560548
40420689010690,0
40420690010690,0
40420691010690,0
40420693010690,0.65844076693306
40420697010690,0.603948308788628
40420713010690,0
40420714010690,0
40420715010690,0
40420716010690,0.440568820356664
40420717010690,0
40420720010690,0.19108479234674
40420734010690,0
40420735010690,0
40420738010690,0
40420746010690,0.542377118102994
40420758010690,0
40420765010690,0.670552763250745
40420778010690,0.235420303509006
40420780010690,0
40420794010690,0.0470035162590415
40420796010690,0
40420797010690,0
40420812010690,0.311494066689686
40420813010690,0.934081769139973
40420833010690,0.431517334864725
40420834010690,0.37099189341748
40420835010690,0.569823569734166
40420836010690,0
40420837010690,0.123301752717545
40420845010690,0.171980244826366
40420846010690,0.536888058200183
40420861010690,0.27007997138854
40420863010690,0.882314794912826
40420880010690,0.744845788419315
40420896010690,0.276754285737033
40420901010690,0.206814047109476
40420910010690,0.753791650046886
40420911010690,0.659980680664748
40420914010690,0.688646780458752
40420924010690,0.7546214595637
40420926010690,0.394639233215266
40420928010690,0.24547685422608
40420944010690,0.776250439392733
40420947010690,0.860584066481554
40420948010690,0.631131753240342
40420961010690,0.799990705314837
40420964010690,0.7865480879635
40420989010690,0.968696528707772
40420995010690,0.780994398179719
40421000010690,0.535843331830902
40421010010690,0.468475284061798
40421011010690,0.337132390952729
40421014010690,0.207735021819252
40421015010690,0.846296519118562
40421022010690,0
40421023010690,0.697603236888876
40421024010690,0.885678764264642
40421030010690,0
40421036010690,0
40421038010690,0
40421040010690,0.584263054138467
40421041010690,0.314649608626429
40421043010690,0
40421044010690,0
40421045010690,0
40421049010690,0
40421062010690,0
40421063010690,0
40421068010690,0
40421071010690,0
40421075010690,0
40421077010690,0.921801935714857
40421079010690,0
40421283010690,0
40421284010690,0
40421286010690,0.0193164259262807
40421302010690,0.64792771290369
40421303010690,0
40421305010690,0.705054258810268
40421322010690,0
40421338010690,0.651033337878581
40421339010690,0
40421340010690,0.713104069536934
40421354010690,0.661729814074855
40421355010690,0
40421356010690,0.197347361536796
40421370010690,0.533517015674698
40421371010690,0
40421372010690,0
40421384010690,0.759703847702581
40421385010690,0.403396216361595
40421416010690,0.69165639212734
40421421010690,0.633938578243964
40421422010690,0.23558415881673
40421430010690,0.476288984417048
40421431010690,0.756116529927953
40421434010690,0.435997296642286
40421439010690,0.587180231478417
40421441010690,0.834407187996715
40421444010690,0.848920878005394
40421445010690,0.829642726958162
40421451010690,0.459409484925378
40421454010690,0
40421455010690,0.42995499656748
40421457010690,0.5510351853863
40421463010690,0.769025800489449
40421465010690,0.0222124308513232
40421466010690,0.844797497979474
40421469010690,0.205937134403229
40421470010690,0.0853487953103242
40421472010690,0.303254491578215
40421473010690,0
40421474010690,0
40421476010690,0
40421481010690,0
40421484010690,0
40421486010690,0
40421488010690,0.717062191157295
40421492010690,0
40421495010690,0
40421496010690,0.468712091739306
40421497010690,0.4137969425732
40421498010690,0.61829896660703
40421500010690,0.504963737224887
40421510010690,0.211918475088417
40421513010690,0.688957837313351
40421514010690,0
40421525010690,0.291938610939367
40421529010690,0.778411884829921
40421536010690,0.324766906736126
40421538010690,0.831669375031812
40421563010690,0.617886192704862
40421566010690,0.501295173545123
40421579010690,0
40421581010690,0.698483558513449
40421596010690,0.506531269100105
40421607010690,0.455617703381248
40421609010690,0.824154865400726
40421624010690,0
40421629010690,0.466741046805357
40421640010690,0
40421641010690,0
40421656010690,0
40421676010690,0.603000688938344
40421696010690,0.0349891000714162
40421697010690,0.0247365286972764
40421723010690,0
40421765010690,0.872501968884401
40421766010690,0
40421775010690,0.811476475135411
40421789010690,0
40421791010690,0.552140729340311
40422617010690,0
40422618010690,0
40422619010690,0
40422622010690,0
40422624010690,0
40422625010690,0
40422626010690,0
40422627010690,0
40422630010690,0
40422633010690,0
40422634010690,0
40422640010690,0
40422641010690,0
40422642010690,0
40422644010690,0
40422645010690,0.796172125218752
40422646010690,0.599885482957576
40422648010690,0.415838728997418
40422649010690,0
40422650010690,0.0349133843970157
40422656010690,0
40422657010690,0.353700185172644
40422659010690,0
40422664010690,0.0198277673104076
40422665010690,0
40422667010690,0.446787184496154
40422668010690,0.222290378620603
40422669010690,0.164585102667451
40422671010690,0
40422672010690,0.61694646790099
40422674010690,0.388632017327625
40422675010690,0.122664455476694
40422676010690,0.82249553050921
40422678010690,0.561733741846216
40422679010690,0
40422680010690,0
40422682010690,0
40422683010690,0
40422684010690,0.289418968316277
40422687010690,0
40422688010690,0
40422690010690,0.551885577716718
40422692010690,0.606422765305346
40422694010690,0
40422695010690,0
40422697010690,0
40422699010690,0.184670642303352
40422701010690,0.249017811012949
40422702010690,0
40422703010690,0
40422705010690,0
40422706010690,0
40422707010690,0
40422709010690,0.441372787629617
40422710010690,0.787259409510862
40422712010690,0.0254275512554313
40422713010690,0.526728099275523
40422714010690,0
40422717010690,0
40422718010690,0
40422720010690,0
40422721010690,0
40422723010690,0.260845890211461
40422725010690,0.531328406678572
40422726010690,0
40422727010690,0.838781940524841
40422730010690,0
40422733010690,0.494141422908312
40422734010690,0.54245682227139
40422740010690,0.777452014820038
40422741010690,0.229306891154874
40422743010690,0.747263363821998
40422749010690,0
40422752010690,0.689654854055717
40422754010690,0.714701591666671
40422755010690,0
40422756010690,0.788477763943
40422757010690,0.413852589552605
40422759010690,0
40422765010690,0
40422767010690,0
40422768010690,0.784144955047244
40422769010690,0
40422770010690,0
40422771010690,0.623853977174411
40422775010690,0.69037245059927
40422779010690,0.712311388011745
40422781010690,0.851150305459013
40422783010690,0.0375620214793114
40422785010690,0.642701219062888
40422789010690,0.603684975611811
40422790010690,0.89353815511154
40422791010690,0.52669202262785
40422800010690,0
40422806010690,0
40422807010690,0.702325320037629
40422808010690,0.566193439545344
40422811010690,0.408991672110371
40422813010690,0
40422817010690,0.482870236006773
40422819010690,0.0176963296542472
40422820010690,0.727592081558823
40422821010690,0.5935046315138
40422822010690,0
40422823010690,0.517242205393985
40422824010690,0
40422831010690,0.442214199036429
40422841010690,0
40422842010690,0.568013094510061
40422849010690,0.692655226703346
40422850010690,0
40422852010690,0
40422853010690,0.667933461588581
40422857010690,0.0808484242704246
40422859010690,0.668614916152313
40422861010690,0.690101385623949
40422863010690,0.207870456343194
40422869010690,0.803921407354206
40422872010690,0.898903664674399
40422874010690,0
40422876010690,0.557012415815997
40422881010690,0.390056891724759
40422882010690,0.817583078385753
40422883010690,0
40422885010690,0
40422887010690,0
40422889010690,0
40422891010690,0.563613332272211
40422896010690,0
40422897010690,0
40422898010690,0.500098040716042
40422900010690,0
40422901010690,0
40422902010690,0.50037441848137
40422903010690,0
40422904010690,0
40422905010690,0
40422906010690,0.307867142587356
40422907010690,0.419542181991599
40422910010690,0
40422912010690,0
40422915010690,0
40422921010690,0
40422922010690,0.47728495316147
40422927010690,0
40422928010690,0.329401793815492
40422932010690,0
40422934010690,0.202044049577597
40422935010690,0.568134831483398
40422936010690,0
40422939010690,0.1123548389868
40422940010690,0.223600861427287
40423063010690,0.776894705102304
40423069010690,0
40423070010690,0
40423237010690,0.337947138332536
40423240010690,0.74358810268972
40423241010690,0.600483013807487
40423552010690,0
40423675010690,0
40423796010690,0
40424742010690,0
40425104010690,0
40425162010690,0
40425165010690,0
46193074020004,0.687060526948659
48337544020004,0.476339964488332
50561701020004,0.664293425365521
50561706020004,0.77015462244732
50561721020004,0.876111423495871
50561752020004,0.577758546854596
50561758020004,0.871299139817168
50561799020004,0.687773805194972
50561826020004,0.697379364822573
50561894020004,0.689017829208184
50561929020004,0.666081244119123
50562367020004,0
50562444020004,0.750034790105184
50562497020004,0.454391513937877
50562531020004,0.65252138827169
50562532020004,0.0229418576097427
50562533020004,0.690901347640135
50562559020004,0.145798531997836
50562648020004,0.678155091223829
51090170020004,0.460787662677115
54824782020004,0
55859937020004,0.407600630427985
188756821020004,0.826390808635685
188756916020004,0.629656870315442
188757142020004,0.785803399497423
188757143020004,0.122035082839426
188757149020004,0.685611836150628
188757172020004,0.285433343878751
188757231020004,0
188757344020004,0.352600957650521
188757553020004,0
188757590020004,0.175112399762468
188757595020004,0.349453509851855
188758039020004,0.688223241653653
188758292020004,0.418130853923635
188758297020004,0
188758310020004,0.775164482570499
188758318020004,0
188758409020004,0.358548214393176
188758412020004,0.576437253766611
188758414020004,0
188758429020004,0.870108412778476
188758437020004,0.917480581813244
188759172020004,0
188759239020004,0.917390621938052
188759444020004,0.223062519473114
188759502020004,0.483833432737758
188759581020004,0.712485647419876
188759871020004,0.696811586029805
188760061020004,0.118126245630015
188760090020004,0.631283186207806
188760119020004,0
188760176020004,0.73228006887091
188760599020004,0.805529552520008
188760616020004,0
188760658020004,0
188760739020004,0.164333298500015
188761410020004,0.721308874327383
188761599020004,0.671089903589508
188761691020004,0.555546751921094
188761694020004,0.761231797230501
188761713020004,0.118126245630015
188761863020004,0.433961695883308
188762051020004,0.785214865736525
188762281020004,0
188762409020004,0.455320453102633
188762539020004,0
188762565020004,0
188762600020004,0.312288970744908
188762630020004,0
188762640020004,0
188762716020004,0
188762766020004,0
188762780020004,0.341815586172647
188762908020004,0.18233386630003
188763072020004,0.59931929976273
188763073020004,0.694655405087725
188763129020004,0
188763221020004,0
188764124020004,0
188764255020004,0
188764262020004,0
188764268020004,0
188764286020004,0.0842712232629083
188764287020004,0
188764315020004,0
188764326020004,0
188764349020004,0.851583461553624
188764351020004,0
188764358020004,0
188764382020004,0
188764401020004,0.157894704446554
188764433020004,0.29468024282305
188764559020004,0
188764566020004,0
188764908020004,0
188765604020004,0
188765750020004,0
188765791020004,0
188765792020004,0
188765839020004,0
188765864020004,0
188765907020004,0
188766095020004,0.598160153801625
188766150020004,0
188766298020004,0
188766331020004,0
188766527020004,0.0625009146888577
188767075020004,0
188767254020004,0
188767413020004,0
188767437020004,0
188767542020004,0
188767549020004,0
188767623020004,0.194283529016015
188767671020004,0
188767943020004,0.546830299079435
188767956020004,0.744264463533091
188768103020004,0.328075229151467
188768132020004,0
188768983020004,0.547629226460658
188768998020004,0
188769096020004,0
188769109020004,0
188769178020004,0.630870559107279
188769188020004,0
188769475020004,0
188769478020004,0
188769479020004,0
188769480020004,0
188769481020004,0
188769534020004,0
188770240020004,0
188770271020004,0
188770281020004,0
188770370020004,0.146441332190714
188770471020004,0
188770507020004,0
188770510020004,0.0204116269377999
188770529020004,0
188770538020004,0
188770609020004,0
188770614020004,0.675794132500597
188770702020004,0
188770734020004,0.0287375194521421
188770735020004,0.0401501305828806
188770888020004,0
188771047020004,0
188771116020004,0
188771121020004,0
188771243020004,0.547546825339038
188771257020004,0.0180033303650639
188771330020004,0
188771457020004,0
188771503020004,0.186622688838564
188771527020004,0
188771550020004,0.306538633387097
188771565020004,0.376934014278487
188771578020004,0.504586448964855
188771580020004,0
188771582020004,0
188771614020004,0.472076220116095
188771666020004,0.0184528020556541
188771701020004,0
188771859020004,0
188772019020004,0
188772097020004,0
188772123020004,0
188772344020004,0
188772367020004,0.081793078581743
188772372020004,0
188772380020004,0
188772450020004,0
188772485020004,0
188772501020004,0
188772505020004,0.440672067003525
188772512020004,0
188772661020004,0.451753292041117
188772889020004,0
188772897020004,0
188772906020004,0
188773098020004,0.591304977073549
188773255020004,0
188773326020004,0.0276265859792455
188773332020004,0.256451610335173
188773399020004,0.173009784435627
188773444020004,0
188773663020004,0
188773758020004,0.154026352453239
188773872020004,0
188774219020004,0
188774384020004,0.28768236920566
188774549020004,0
188774675020004,0.245166808993999
188774705020004,0
188781443020004,0.0375620214793114
188782467020004,0.625680763473848
188782500020004,0.370559048442153
188782555020004,0.026804680131538
188786565020004,0.65275972509202
276307951489998,0.758864768021182
282479222489998,0.34975340674065
354844818489998,0
354844865489998,0.0470035162590415
354844900489998,0
354844905489998,0
354844962489998,0.0254275512554313
354845059489998,0
354845092489998,0
354845121489998,0
354845130489998,0
354845132489998,0
354845147489998,0
354845158489998,0
354845298489998,0
354845316489998,0
354845317489998,0
354845376489998,0
354845603489998,0
354845607489998,0
355904501489998,0
356002801489998,0.0390207171314853
356003028489998,0.606471924359757
356003121489998,0
356003219489998,0
356003222489998,0
356003288489998,0
356003301489998,0.0254275512554313
356003466489998,0.369245623077635
356003467489998,0
356003949489998,0.432767694191415
356003969489998,0
356004462489998,0
431915296489998,0.0247365286972764
431917201489998,0
431917247489998,0
431917504489998,0.839527551174847
431917634489998,0.445698694260159
431917683489998,0
704354785126144,0.569171759299709
