"PLT_CN","predagentWBBBo"
14547091020004,0.126385367504524
14547279020004,0.0583180620614416
14547841020004,0.177991091562937
14548644020004,0.551764564532624
14549194020004,0
14549277020004,0.27015821859119
14550197020004,0.14147924257577
37259363010690,0
37261819010690,0
37261822010690,0
37262457010690,0
37262521010690,0
37262723010690,0
37262966010690,0
37263627010690,0
37263658010690,0
37264348010690,0
37264364010690,0
37264380010690,0
37264427010690,0
37264440010690,0
37271545010690,0
37271546010690,0
37271688010690,0.786549140946398
37271850010690,0.273819720682964
37272720010690,0.551182399077098
37272728010690,0.163289708455955
37272776010690,0.41381713214276
37272778010690,0.758306854653767
37272790010690,0
37272793010690,0
37272817010690,0.422846734906145
37272820010690,0
37272845010690,0
37272846010690,0
37272865010690,0.584187059964269
37272877010690,0.533511318257528
37272880010690,0.538013383736771
37272883010690,0.245390282747537
37272896010690,0.0269262881148243
37272901010690,0.50310993737744
37272905010690,0.380306313851035
37272906010690,0
37272907010690,0.403264743674623
37272909010690,0.8974820752401
37272910010690,0.681941590296969
37272911010690,0.809640983420341
37272912010690,0
37272958010690,0.466080669619215
37272974010690,0.657617513592654
37272975010690,0.112689193552095
37272982010690,0.644557917650809
37273002010690,0.19242253748813
37273003010690,0
37273004010690,0.556934395026958
37273008010690,0
37273009010690,0.247728913729441
37273010010690,0
37273015010690,0.77906801020616
37273016010690,0
37273019010690,0
37273020010690,0.622023130944092
37273022010690,0.734791007744922
37273031010690,0.879632699240779
37273032010690,0
37273035010690,0.552452044376132
37273038010690,0
37273039010690,0.656889999196697
37273043010690,0
37273049010690,0
37273052010690,0.809160602956995
37273054010690,0
37273057010690,0.870477536008728
37273061010690,0.709457668578776
37273063010690,0.419439230479504
37273068010690,0
37273069010690,0.177778865492169
37273072010690,0
37273073010690,0
37273074010690,0
37273092010690,0.625783484609401
37273093010690,0.4542077643681
37273094010690,0
37273097010690,0.0528324789623936
37273101010690,0.0657038081669075
37273105010690,0.237014659254501
37273106010690,0.558724851901631
37273107010690,0.186270109310355
37273108010690,0
37273162010690,0
37273169010690,0.0860666254586152
37273171010690,0.138469786922203
37273184010690,0.718664694746116
37273185010690,0.841618326099125
37273188010690,0.67720631959836
37273189010690,0
37273195010690,0.913309065347287
37273198010690,0
37273202010690,0.724535362915795
37273203010690,0
37273206010690,0.177721338061767
37273207010690,0
37273214010690,0
37273244010690,0
37273337010690,0.260977373578789
37273355010690,0.771242001634891
37273360010690,0
37273363010690,0
37273364010690,0.344421543063064
37273365010690,0.204347000923019
37273420010690,0.787997911673118
37273456010690,0
37273462010690,0.466041870089866
37273494010690,0.350718996728946
37273498010690,0
37273502010690,0
37273506010690,0
37273508010690,0
37273527010690,0.0985342467773289
37273528010690,0.698075997375349
37273530010690,0.717783869818194
37273531010690,0
37273532010690,0.45162406651127
37273533010690,0.952364327714667
37273586010690,0.726186886117598
37273587010690,0.250435639639932
37273588010690,0.468125224489412
37273598010690,0.540830913549104
37273620010690,0
37273621010690,0.861319250438388
37273624010690,0
37273625010690,0.129108047921873
37273627010690,0.384880085498364
37273628010690,0.25578994019144
37273632010690,0.148296110331509
37273641010690,0
37273642010690,0.182416789341061
37273648010690,0.524926043891841
37273652010690,0.178294515986263
37273655010690,0.13304209875016
37273656010690,0
37273658010690,0
37273659010690,0
37273662010690,0
37273663010690,0
37273670010690,0
37273671010690,0
37273682010690,0
37273683010690,0
37273685010690,0.352810544726926
37273688010690,0.786853967499813
37273698010690,0.656536743707623
37273699010690,0.0772554342968293
37273702010690,0
37273713010690,0
37273721010690,0
37273818010690,0.752824966242025
37273820010690,0
37273822010690,0.538647875143614
37273824010690,0
37273826010690,0
37273828010690,0
37273829010690,0
37273830010690,0
37273833010690,0
37273834010690,0.879193589197618
37273835010690,0
37273838010690,0.50792324987752
37273842010690,0
37273867010690,0
37273868010690,0.29640750000506
37273870010690,0
37273875010690,0.289744800807504
37273923010690,0
37274005010690,0.565350117825626
37274205010690,0
37274206010690,0
37274251010690,0
37274277010690,0
37274280010690,0.673437008513952
37274281010690,0
37274283010690,0.173973623304494
37274284010690,0
37274288010690,0
37274290010690,0
37274291010690,0
37274292010690,0
37274293010690,0.0830693449312745
37274294010690,0
37274295010690,0
37274296010690,0.144191390584197
37274298010690,0.589106988368114
37274305010690,0.206104062556495
37274306010690,0.146901895674895
37274308010690,0.661972840376924
37274309010690,0.0975484340580225
37274310010690,0.75327963385614
37274311010690,0
37274313010690,0
37274314010690,0
37274315010690,0.149338036448252
37274317010690,0.310098410053354
37274318010690,0.7240363131002
37274319010690,0.0971508198632895
37274320010690,0.160792220345556
37274321010690,0.59464964740201
37274322010690,0.519619390827008
37274323010690,0.741965889295262
37274324010690,0
37274325010690,0.465545270243303
37274326010690,0
37274327010690,0
37274328010690,0.405313495769026
37274329010690,0
37274331010690,0.750785228917618
37274333010690,0.341006479814489
37274340010690,0.59395931963438
37274349010690,0
37274352010690,0.521126663670545
37274353010690,0
37274354010690,0.728977938419236
37274355010690,0.931929335256951
37274356010690,0.407167767166032
37274357010690,0.748789587692986
37274358010690,0.720427236609515
37274359010690,0
37274363010690,0
37274417010690,0.5064132638248
37274447010690,0
37274461010690,0
37274462010690,0
37274463010690,0.268129315079601
37274465010690,0
37274467010690,0.33580662255981
37274468010690,0.0657038081669075
37274470010690,0.387680494679438
37274472010690,0.671485128245837
37274473010690,0.0909661996445798
37274475010690,0.259827923174547
37274477010690,0
37274505010690,0
37274509010690,0
37274512010690,0
37274517010690,0
37274521010690,0
37274530010690,0.401509850520652
37274533010690,0.365520737451392
37274535010690,0.0570200388727658
37274538010690,0.761563216529564
37274546010690,0
37274550010690,0.74625399153181
37274554010690,0.578065937912551
37274559010690,0
37274567010690,0.707463833529041
37274576010690,0.387487051204191
37274578010690,0.0489928780043067
37274580010690,0.556340874920992
37274585010690,0
37274587010690,0.264630073503697
37274590010690,0
37274596010690,0.689909371677962
37274597010690,0
37274616010690,0.37475693993691
37274618010690,0.72201210924256
37274619010690,0.612019644958771
37274620010690,0.0300513508987201
37274622010690,0.724242127924752
37274623010690,0.0882319439977195
37274625010690,0.0216644214432299
37274626010690,0
37274627010690,0
37274628010690,0
37274629010690,0
37274632010690,0.569680220311637
37274633010690,0.559333341458249
37274634010690,0
37274635010690,0
37274637010690,0.112729777818369
37274639010690,0.485965175649467
37274640010690,0
37274642010690,0.736818800180904
37274643010690,0.692060093613168
37274645010690,0.147912089002755
37274646010690,0
37274648010690,0.30680833878075
37274649010690,0
37274650010690,0.510578159527362
37274651010690,0
37274652010690,0.606586667696008
37274653010690,0.484644561876018
37274655010690,0
37274657010690,0
37274697010690,0
37274699010690,0
37274702010690,0
37274708010690,0
37274718010690,0.113196838316897
37274728010690,0.5176322922598
37274733010690,0
37274734010690,0.459289241300786
37274739010690,0
37274746010690,0.353509842286762
37274751010690,0
37274752010690,0
37274753010690,0.118370236899496
37274755010690,0.558937646491569
37274756010690,0.207558974381642
37274757010690,0
37274759010690,0
37274762010690,0.719706314197415
37274765010690,0.106718445942301
37274769010690,0.823409040758226
37274770010690,0.554294052999424
37274771010690,0.0189893996378077
37274772010690,0
37274779010690,0
37274783010690,0
37274787010690,0
37274818010690,0.690290476383947
37274821010690,0.768139865045686
37274824010690,0
37274825010690,0
37274828010690,0.663195163470612
37274833010690,0
37274838010690,0
37274919010690,0.119444602907679
37274970010690,0.485426694340972
37274971010690,0.621144568474701
37274973010690,0.257855005139409
37274974010690,0.57649468819551
37274975010690,0.154978376109575
37274977010690,0.0757768130164404
37274985010690,0.1232448182599
37274988010690,0.66388601956886
37274990010690,0.140189245219971
37274992010690,0.811731536140591
37274994010690,0.683643391859181
37275015010690,0.611865301883432
37275017010690,0.606123561451481
37275018010690,0.323993270453107
37275021010690,0.424630247909908
37275024010690,0.18264668089465
37275026010690,0.434658966523717
37275029010690,0.425743283380065
37275030010690,0
37275031010690,0
37275033010690,0.420084995891593
37275141010690,0
37275143010690,0.504625055716998
37275145010690,0
37275147010690,0
37275149010690,0
37275150010690,0.569242159816448
37275151010690,0.399547489046789
37275156010690,0
37275158010690,0
37275159010690,0
37275160010690,0
37275163010690,0
37275165010690,0.0856039770976891
37275166010690,0.693210817635219
37275167010690,0
37275169010690,0
37275194010690,0.774294243378929
37275197010690,0
37275217010690,0
37275237010690,0.352873534452212
37275240010690,0
37275243010690,0
37275255010690,0.365251629070669
37275416010690,0.645818769734668
37275418010690,0
37275421010690,0
37275426010690,0.101459854936842
37275439010690,0.0138816915888415
37275441010690,0.780118866535844
37275447010690,0.745864678688446
37275451010690,0.119248372191893
37275460010690,0
37275471010690,0.150323244004149
37275487010690,0.740803622800353
37275493010690,0
37275519010690,0.450984594426103
37275521010690,0.187253658628325
37275525010690,0.0520632481931628
37275537010690,0
37275539010690,0.125185261237549
37275541010690,0.417680716949663
37275543010690,0.77976911288451
37275548010690,0
37275556010690,0
37275574010690,0.706300394451427
37275577010690,0.359001924135738
37275581010690,0.637875787449121
37275582010690,0.589990159874521
37275583010690,0
37275585010690,0.741444450737928
37275586010690,0.266224241012107
37275588010690,0.550754520292962
37275590010690,0
37275591010690,0
37275592010690,0.251361065297419
37275617010690,0.17499511836711
37275638010690,0.742430136447374
37275640010690,0.624711146819417
37275647010690,0.30287103550861
37275665010690,0.209434779683122
37275667010690,0.143137277166842
37275680010690,0.124721996733865
37275701010690,0.641539558682056
37275703010690,0
37275706010690,0.663254025964687
37275707010690,0
37275710010690,0
37275711010690,0
37275712010690,0
37275717010690,0.506102886815597
37275720010690,0.318580997358334
37275722010690,0.0654958463810459
37275724010690,0
37275727010690,0.277745677071791
37275733010690,0
37275735010690,0
37275738010690,0
37275739010690,0.529861721571138
37275744010690,0.770752248213968
37275751010690,0.882874269743264
37275757010690,0
37275764010690,0
37275774010690,0
37275783010690,0.0850346117557643
37275786010690,0.260885022345918
37275787010690,0.252235098203702
37275826010690,0.558881924107655
37275827010690,0.102234207288767
37275828010690,0
37275829010690,0
37275830010690,0
37275831010690,0.0774841296992261
37275832010690,0
37275833010690,0
37275835010690,0
37275858010690,0.573670053731431
37275860010690,0
37275861010690,0.364184687381882
37275862010690,0.375620460721257
37275863010690,0.185988134396292
37275865010690,0.447944860408285
37275866010690,0.244778766309192
37275868010690,0.35450121028058
37275869010690,0.719133349409051
37275872010690,0.260779078729327
37275873010690,0.775570974656661
37275876010690,0
37275882010690,0
37275887010690,0
37275890010690,0.775429419672667
37275896010690,0.276218818575414
37275897010690,0.0939924317482746
37275899010690,0.344847779511333
37275900010690,0
37275901010690,0.539420883100249
37275903010690,0
37275905010690,0
37275909010690,0
37275910010690,0.810981226187785
37275911010690,0.379707475895312
37275914010690,0.455762443950737
37275915010690,0.571459532211866
37275916010690,0.511977715836579
37275917010690,0
37275919010690,0
37275920010690,0.665644345353015
37275929010690,0
37275932010690,0.565878184175804
37275933010690,0.781976492160968
37275937010690,0
37275938010690,0.832511672762966
37275939010690,0
37275940010690,0.35192964724237
37275943010690,0.0927670062058045
37275944010690,0
37275946010690,0.620314438274696
37275971010690,0
37275973010690,0
37275994010690,0.472838789670477
37275995010690,0
37275996010690,0
37275998010690,0
37275999010690,0
37276000010690,0.582886374085449
37276001010690,0.571566431914148
37276005010690,0
37276009010690,0.642767288818355
37276015010690,0.430201960935796
37276026010690,0.637001141898014
37276040010690,0
37276084010690,0
37276109010690,0.12443112507029
37276200010690,0.411609835547704
37276205010690,0.8827997559559
37276207010690,0
37276208010690,0.207176217042363
37276212010690,0.0989924317482746
37276213010690,0
37276214010690,0
37276216010690,0.371067745464989
37276217010690,0
37276220010690,0
37276222010690,0.228269673863606
37276224010690,0.343405382086433
37276225010690,0.00662944717940092
37276226010690,0
37276227010690,0.686034889899239
37276228010690,0
37276230010690,0
37276237010690,0.69532682454519
37276258010690,0.579793514261117
37276259010690,0.230603548993387
37276260010690,0.598567843341479
37276263010690,0.645100459576975
37276265010690,0.369992680654315
37276266010690,0.149414724521154
37276268010690,0
37276271010690,0.259951844313534
37276274010690,0.480699993850143
37276279010690,0
37276280010690,0
37276281010690,0
37276283010690,0.615249950673949
37276284010690,0.270717038397675
37276285010690,0
37276288010690,0.737750617338572
37276289010690,0.252092451108752
37276291010690,0.571745271983179
37276295010690,0.569911159792835
37276297010690,0.23069604035146
37277767010690,0.698575783911101
37278373010690,0.205633590639915
39635097010690,0
39635225010690,0
39636209010690,0
39636445010690,0
39636541010690,0
39636552010690,0
39636568010690,0
39636825010690,0
39637217010690,0
39637224010690,0
39637233010690,0.132911518759035
39637253010690,0
40373716010690,0.308597181597034
40373723010690,0.62628289594425
40374253010690,0.259796164358077
40374416010690,0.174844483092453
40383822010690,0
40383826010690,0.282862492199444
40383877010690,0
40383878010690,0
40383907010690,0.249349727360794
40384093010690,0.857977601812513
40384928010690,0.415663529647684
40385149010690,0
40385473010690,0
40387890010690,0
40387891010690,0
40387901010690,0
40387903010690,0.648202349814825
40387953010690,0.619216423184335
40387960010690,0
40387961010690,0.388731877578977
40387968010690,0.529349785986284
40387988010690,0
40387991010690,0
40387993010690,0.749962928529621
40387999010690,0
40388002010690,0.295293339996533
40388009010690,0
40388015010690,0
40388037010690,0.78544198179286
40388044010690,0.503980515120985
40388054010690,0.328531084859284
40388056010690,0.636476987817372
40388057010690,0.436036209506734
40388078010690,0.645439680446349
40388082010690,0.501446293407869
40388105010690,0
40388141010690,0.633141092977237
40388151010690,0.770075379974385
40388152010690,0.31030098187342
40388157010690,0.596133684935069
40388176010690,0.667297871482711
40388177010690,0.246918624507943
40388180010690,0.146779270730388
40388185010690,0.765377779348491
40388186010690,0.772670288629643
40388187010690,0
40388192010690,0.487689000089633
40388193010690,0
40388195010690,0.811980704380464
40388197010690,0.696013868408383
40388201010690,0.410185738695508
40388202010690,0
40388204010690,0.461261511881885
40388205010690,0
40388206010690,0.922182790017358
40388207010690,0.516534293613062
40388208010690,0
40388213010690,0.77203304152425
40388214010690,0.615568358540603
40388216010690,0
40388217010690,0
40388218010690,0
40388219010690,0.597915961247559
40388221010690,0.602931682617393
40388223010690,0.690689406166583
40388224010690,0
40388234010690,0.642942241662384
40388239010690,0
40388242010690,0
40388243010690,0
40388246010690,0
40388247010690,0
40388249010690,0.0570200388727658
40388252010690,0.397952970064419
40388253010690,0
40388255010690,0
40388271010690,0.697987776593532
40388272010690,0.476102741289708
40388279010690,0
40388283010690,0.79884832343334
40388285010690,0.566265584090891
40388286010690,0
40388289010690,0
40388341010690,0
40388342010690,0
40388343010690,0
40388345010690,0.63265807249353
40388346010690,0
40388356010690,0
40388359010690,0.262205019954971
40388367010690,0
40388369010690,0
40388373010690,0.277806800398904
40388374010690,0
40388379010690,0
40388380010690,0
40388383010690,0
40388385010690,0.534991801192822
40388387010690,0
40388388010690,0.300038117309657
40388428010690,0
40388438010690,0
40388502010690,0.769476699836552
40388526010690,0
40388527010690,0
40388530010690,0.325579302142224
40388533010690,0.252438861250119
40388534010690,0
40388583010690,0
40388610010690,0.789905229361359
40388613010690,0.768299029549811
40388627010690,0.692553967476356
40388660010690,0.280634845957082
40388664010690,0
40388665010690,0
40388668010690,0
40388670010690,0
40388671010690,0
40388678010690,0
40388686010690,0
40388702010690,0.627262090948636
40388743010690,0
40388756010690,0.709725173435222
40388774010690,0.631474240769375
40388788010690,0
40388789010690,0
40388794010690,0.706554245864034
40388795010690,0.0955518800222114
40388797010690,0.663795146794472
40388803010690,0.0660229103693522
40388807010690,0.89162497739066
40388808010690,0.276928026845
40388811010690,0
40388814010690,0.28801505730826
40388823010690,0
40388824010690,0
40388833010690,0.604956105478971
40388835010690,0.243425054929592
40388836010690,0
40388838010690,0
40388845010690,0
40388851010690,0
40388860010690,0
40388885010690,0
40388890010690,0
40389019010690,0.0865413454187304
40389021010690,0.0934508340679704
40389022010690,0.732795610128931
40389026010690,0.148499425544841
40389035010690,0.0138796832442499
40389041010690,0
40389045010690,0.330379528683514
40389046010690,0.859861980686121
40389049010690,0.424800430715433
40389052010690,0.469885708499693
40389084010690,0.570256717953482
40389085010690,0.578166120939476
40389099010690,0.192554996846738
40389113010690,0.114319217391404
40389117010690,0.852562273355227
40389129010690,0.62175369796256
40389132010690,0.0135523664633208
40389139010690,0
40389140010690,0
40389149010690,0
40389150010690,0
40389152010690,0
40389221010690,0.613056192787813
40389225010690,0
40389227010690,0.215576908600999
40389229010690,0.58545746343416
40389230010690,0.649619651737636
40389233010690,0.0952001724043918
40389238010690,0.305409434081234
40389240010690,0.3031560049758
40389241010690,0.203965044117413
40389294010690,0
40389303010690,0.923531345817381
40389307010690,0.259341359734405
40389308010690,0.748589041953918
40389309010690,0.481075590436727
40389316010690,0.557725905659617
40389323010690,0.574628544253221
40389328010690,0.218996899636409
40389330010690,0.137742486435583
40389331010690,0.553770394372588
40389362010690,0.350824482009156
40389363010690,0
40389365010690,0.0331215889711845
40389367010690,0.766317981303546
40389368010690,0.25547332449257
40389370010690,0
40389371010690,0
40389373010690,0
40389379010690,0
40389383010690,0
40389386010690,0.416586069846887
40389392010690,0.20126779256673
40389393010690,0.654083160501296
40389395010690,0
40389400010690,0
40389408010690,0
40389413010690,0
40389418010690,0
40389419010690,0
40389421010690,0.0913095372472396
40389422010690,0
40389423010690,0
40389424010690,0
40389465010690,0.32020005525299
40389468010690,0.632427277202719
40389471010690,0.944096099583629
40389472010690,0.220749555040218
40389476010690,0.368662869542607
40389477010690,0
40389479010690,0.234722206733078
40389482010690,0.335705422387124
40389483010690,0.277676777507635
40389484010690,0.187422597251843
40389496010690,0.290212151240672
40389497010690,0
40389498010690,0.192070434134499
40389499010690,0.636583645665024
40389500010690,0
40389503010690,0.620976544767413
40389504010690,0.108614267965885
40389505010690,0.606350339618477
40389506010690,0
40389507010690,0
40389508010690,0.444102905426006
40389510010690,0.444248844877677
40389511010690,0.617201186355971
40389512010690,0
40389514010690,0.432025876497441
40389515010690,0.328320647223652
40389516010690,0
40389519010690,0.107090972373303
40389520010690,0
40389521010690,0.705181397233334
40389524010690,0.695752632011621
40389526010690,0
40389529010690,0
40389533010690,0
40389534010690,0.810901952454393
40389536010690,0.571411906681188
40389579010690,0.811177147102024
40389613010690,0
40389616010690,0.323304989370624
40389620010690,0.279641830330636
40389623010690,0
40389668010690,0.00234832150971391
40389672010690,0.0668114221881896
40389677010690,0.108814838662278
40389678010690,0
40389691010690,0.30590385383417
40389696010690,0.348404241910179
40389697010690,0.00662944717940092
40389710010690,0
40389714010690,0.0104509128758666
40389715010690,0.0657038081669075
40389721010690,0.0620658361048292
40389766010690,0.516613400064072
40389770010690,0.571195994260173
40389806010690,0.629402390333933
40389815010690,0
40389862010690,0
40389868010690,0.518058439669056
40389869010690,0
40389877010690,0.107353564605739
40389879010690,0.0377687969666753
40389887010690,0.638946577046326
40389889010690,0.233773290357789
40389893010690,0.655435606376133
40389895010690,0.168172125610643
40389896010690,0
40389897010690,0.611719281822073
40389898010690,0.262543583270896
40389899010690,0
40389904010690,0
40389905010690,0.150722325927532
40389906010690,0.391183258819896
40389907010690,0.698851985996084
40389911010690,0
40389914010690,0
40389915010690,0
40389935010690,0.731117228055167
40389939010690,0
40389940010690,0.359604151072998
40389946010690,0.0963760427404183
40389947010690,0.330042048320899
40389953010690,0.814909125377795
40389957010690,0.784484937113588
40389958010690,0.198447855709415
40389959010690,0.226442769853193
40389960010690,0
40389961010690,0.181974353984241
40389962010690,0
40389970010690,0.392123719686337
40389974010690,0.580766256587736
40389976010690,0.508415604375666
40389977010690,0
40389978010690,0.499258234459639
40389983010690,0.648536663501665
40389985010690,0.508606908874659
40389987010690,0.110470720951077
40389991010690,0.208923824059537
40389992010690,0.369728934601509
40389993010690,0.698302086324967
40389996010690,0
40390004010690,0.591147775114028
40390005010690,0.856604275588614
40390016010690,0.162391690125419
40390017010690,0.612899835584006
40390021010690,0
40390023010690,0
40390027010690,0
40390030010690,0
40390040010690,0
40390049010690,0.800277878842636
40390051010690,0.111764629668835
40390052010690,0
40390058010690,0.157191535671668
40390077010690,0
40390090010690,0.415202751999703
40390091010690,0.604949973930396
40390096010690,0
40390097010690,0.760172831817265
40390103010690,0.734701952731514
40390104010690,0.560620291783448
40390105010690,0.585335834188058
40390106010690,0.285221681097074
40390107010690,0.0890176590853063
40390108010690,0
40390192010690,0.175841163121727
40390212010690,0.351638858856872
40390213010690,0
40390214010690,0.222872756120536
40390215010690,0
40390217010690,0
40390218010690,0.261546863434554
40390220010690,0
40390221010690,0
40390222010690,0
40390223010690,0.24766891448544
40390224010690,0
40390226010690,0
40390227010690,0
40390230010690,0
40390233010690,0
40390234010690,0
40390235010690,0
40390237010690,0.76669062056769
40390248010690,0
40390249010690,0
40390253010690,0
40390262010690,0
40390265010690,0
40390266010690,0
40390308010690,0.509804785276937
40390309010690,0.495042406479046
40390310010690,0.161343446666321
40390311010690,0.669201059284938
40390312010690,0.744957276603851
40390313010690,0.549878375052625
40390314010690,0.724402312332193
40390316010690,0
40390319010690,0.77391735597423
40390321010690,0.228113647038804
40390322010690,0.410098176319322
40390324010690,0.512057103337735
40390325010690,0.195979241389987
40390326010690,0.431308359365188
40390328010690,0
40390330010690,0.438429011863982
40390332010690,0.424598564785605
40390333010690,0.5981354987179
40390334010690,0
40390335010690,0.0772554342968293
40390337010690,0.0727837467507573
40390339010690,0.177288051165038
40390341010690,0.351303902234939
40390342010690,0.649758368163783
40390343010690,0.343063305251776
40390346010690,0.53393194076934
40390349010690,0.759977156734281
40390357010690,0.240605565406223
40390360010690,0.589496261740892
40390361010690,0.830935697024638
40390371010690,0
40390374010690,0.293557960239972
40390382010690,0
40390393010690,0
40390394010690,0.717194128249625
40390402010690,0
40390403010690,0
40390411010690,0.323378528401163
40390415010690,0
40390417010690,0
40390418010690,0.324412961129442
40390419010690,0
40390420010690,0
40390421010690,0
40390422010690,0
40390426010690,0.647428355815904
40390435010690,0.339592755593613
40390436010690,0.0981204773407576
40390437010690,0.517352560561376
40390440010690,0.537807632182628
40390441010690,0
40390442010690,0
40390443010690,0.527864508947311
40390446010690,0.704240483572259
40390447010690,0.194748499266043
40390448010690,0
40390449010690,0.56354878615157
40390450010690,0.308962178700934
40390452010690,0
40390455010690,0
40390456010690,0.732724485509898
40390457010690,0.792625345822873
40390458010690,0.560351500947341
40390459010690,0.348663461650325
40390460010690,0
40390461010690,0.564137472799673
40390462010690,0.642366576925446
40390464010690,0
40390468010690,0.360030511699461
40390469010690,0.359842995442703
40390470010690,0.820402678897787
40390472010690,0
40390473010690,0.108881194823061
40390474010690,0.515638208682568
40390475010690,0.240682410135387
40390480010690,0
40390481010690,0.623349211654726
40390482010690,0.231835661743292
40390483010690,0.122070288942293
40390484010690,0.571682087118072
40390488010690,0
40390489010690,0.154194056904086
40390491010690,0.230657655730806
40390494010690,0.513672749513669
40390495010690,0.867346279948131
40390497010690,0.0528324789623936
40390508010690,0.748887646582384
40390515010690,0.585527441341756
40390518010690,0
40390519010690,0
40390520010690,0.593101558503065
40390524010690,0.7579752489736
40390525010690,0.717423168493489
40390529010690,0.0138816915888415
40390530010690,0
40390531010690,0
40390534010690,0.7271824336279
40390535010690,0.160761146286009
40390538010690,0.481609877222858
40390539010690,0.513986894390234
40390541010690,0
40390544010690,0.137742486435583
40390545010690,0.600090060511916
40390546010690,0.666262602692561
40390547010690,0
40390548010690,0
40390550010690,0.268308648601209
40390551010690,0
40390553010690,0.635820820984923
40390555010690,0.22562129678347
40390560010690,0.547405777166925
40390563010690,0
40390566010690,0.346616401891268
40390568010690,0
40390569010690,0.170079986120461
40390572010690,0.567145250311577
40390573010690,0
40390577010690,0.339835101346726
40390578010690,0.205028949126057
40390630010690,0
40390636010690,0
40390640010690,0
40390643010690,0
40390644010690,0
40390668010690,0.668408912266874
40390669010690,0.140594687403848
40390680010690,0
40390692010690,0
40390710010690,0.609396245786324
40390714010690,0.544598268037862
40390715010690,0
40390716010690,0.338627972111057
40390717010690,0.415269636291492
40390723010690,0.0941891927696884
40390726010690,0.462556019289429
40390727010690,0
40390729010690,0.553431435182487
40390732010690,0.341842572158621
40390734010690,0.232186357228113
40390736010690,0
40390737010690,0
40390741010690,0
40390745010690,0
40390747010690,0.773618551633511
40390749010690,0.280965388120358
40390756010690,0
40390757010690,0.940787285741059
40390759010690,0
40390770010690,0
40390771010690,0.560761237883867
40390773010690,0.334872539276883
40390776010690,0.631742629796019
40390778010690,0
40390781010690,0.447841032748028
40390789010690,0.412350529638062
40390790010690,0.78308492669468
40390791010690,0.693932735592731
40390796010690,0.789243643698578
40390802010690,0.405208150412161
40390805010690,0.129737887965131
40390806010690,0.584646269519377
40390810010690,0.566466738517852
40390816010690,0
40390823010690,0
40390830010690,0
40390833010690,0.37009008817468
40390834010690,0.594408615422523
40390835010690,0
40390839010690,0
40390845010690,0.123123902139186
40390846010690,0.808874340374565
40390848010690,0
40390849010690,0
40390852010690,0.417582858492975
40390856010690,0.605026307989204
40390925010690,0.245952366019406
40390926010690,0
40390969010690,0
40391309010690,0.880326331141386
40391329010690,0.635707493030682
40391330010690,0
40391331010690,0.115402891833882
40391335010690,0
40391346010690,0
40391348010690,0
40391349010690,0
40391355010690,0.173757802165633
40391356010690,0
40391358010690,0
40391360010690,0
40391363010690,0.102234207288767
40391365010690,0.150223385605153
40391370010690,0
40391371010690,0.393797333486168
40391373010690,0
40391374010690,0.0244488725610144
40391375010690,0
40391378010690,0.643549674327926
40391380010690,0
40391382010690,0.881696694311
40391383010690,0.595395454920541
40391384010690,0.345543996927322
40391385010690,0
40391387010690,0.502179942217668
40391388010690,0.262284878882581
40391389010690,0
40391390010690,0.913896404420048
40391391010690,0.690711971909753
40391393010690,0.172397004100856
40391394010690,0
40391395010690,0
40391396010690,0.735314564343801
40391397010690,0.751019280660837
40391398010690,0
40391401010690,0.492374986663933
40391402010690,0.643082191705942
40391405010690,0.613364547764918
40391406010690,0
40391409010690,0.216538384781632
40391421010690,0.427047232118471
40391423010690,0
40391425010690,0.576991208806969
40391484010690,0.232041975525812
40391486010690,0.323921088572271
40391491010690,0
40391493010690,0.107525565291921
40391497010690,0.350824482009156
40391503010690,0.125085903764904
40391504010690,0.392027986429194
40391505010690,0
40391510010690,0.241897397869231
40391511010690,0
40391512010690,0.322772622258199
40391513010690,0.0657038081669075
40391514010690,0.28118330057453
40391516010690,0.716166090704204
40391517010690,0.388356360907082
40391519010690,0
40391520010690,0.727991998923996
40391521010690,0.676803895762845
40391522010690,0
40391523010690,0.1730551067168
40391525010690,0.532814388109332
40391528010690,0
40391529010690,0.42632469771731
40391531010690,0.102068380551702
40391538010690,0.169722705590867
40391541010690,0.518878740763828
40391543010690,0.650439837792947
40391544010690,0
40391545010690,0
40391547010690,0.184610860242404
40391548010690,0.802052656063835
40391553010690,0.34438366412094
40391555010690,0.283166743504992
40391556010690,0.628440440939391
40391559010690,0.125759936147278
40391561010690,0
40391563010690,0.276126771412098
40391564010690,0
40391568010690,0
40391570010690,0
40391571010690,0
40391572010690,0.446878287595563
40391574010690,0.329422685124701
40391575010690,0.109543249970087
40391576010690,0.173270631565377
40391577010690,0
40391579010690,0.78908447806269
40391580010690,0
40391581010690,0.533725790922427
40391582010690,0.25624360177743
40391583010690,0.35495244905962
40391584010690,0.345904262380753
40391586010690,0.104715004540619
40391587010690,0
40391588010690,0
40391589010690,0
40391591010690,0.16656133158037
40391594010690,0.690817201064345
40391596010690,0
40391597010690,0.635992833465595
40391600010690,0
40391604010690,0.146639504556565
40391605010690,0.433525418794443
40391606010690,0.762132971378361
40391611010690,0.346963210055795
40391738010690,0
40391858010690,0
40391907010690,0
40391964010690,0
40392054010690,0
40392081010690,0.595100438153382
40392092010690,0.54526665550897
40392288010690,0
40392304010690,0.841734703650429
40392325010690,0.753391066911525
40392326010690,0
40392370010690,0
40392416010690,0
40392468010690,0.602480472367301
40392477010690,0.143056946378016
40392639010690,0
40392663010690,0
40392961010690,0
40392969010690,0
40393291010690,0.164549448292787
40393452010690,0.601730970290292
40393573010690,0
40393576010690,0
40393602010690,0
40393651010690,0.706426986471372
40393864010690,0.561580903527957
40393865010690,0
40393868010690,0
40393870010690,0.329422685124701
40393872010690,0.125686379536906
40393874010690,0.330549842907058
40393876010690,0
40393879010690,0
40393881010690,0
40393882010690,0
40393883010690,0.663541300736848
40393885010690,0.636426889456952
40393888010690,0
40393890010690,0.607062539173454
40393891010690,0
40393894010690,0.491843718618277
40393902010690,0
40393908010690,0
40393912010690,0
40393916010690,0.583423907103921
40393919010690,0.378843088093278
40393933010690,0
40393937010690,0.481643737563533
40393947010690,0
40393952010690,0
40393974010690,0
40393977010690,0.384156712867144
40393978010690,0.334557326075806
40393986010690,0.542440355955893
40394192010690,0
40394201010690,0.0802976214397248
40394204010690,0
40394238010690,0
40394245010690,0
40394250010690,0
40394255010690,0
40394264010690,0.861237000283783
40394265010690,0
40394391010690,0.20168270352535
40394392010690,0
40394394010690,0
40394474010690,0
40394659010690,0
40394660010690,0
40394664010690,0
40394666010690,0
40394667010690,0.2336150960411
40394668010690,0.291859783066724
40394669010690,0
40394670010690,0
40394804010690,0
40394805010690,0.68058859485516
40394806010690,0.224474292116577
40394810010690,0
40394811010690,0
40394812010690,0
40394813010690,0.714699767735363
40394814010690,0
40394816010690,0.198929498630156
40394818010690,0.387734147866349
40394821010690,0.104523158981171
40394822010690,0.343908336458747
40394824010690,0
40394827010690,0.60793879838246
40394828010690,0.375854398779046
40394829010690,0.279076730911294
40394830010690,0.137567971281331
40394832010690,0.825194607338093
40394833010690,0
40394834010690,0
40394835010690,0.273528910994164
40394838010690,0.596076703895692
40394839010690,0.48857397439972
40394841010690,0.211181234681814
40394842010690,0.168017371059668
40394846010690,0.0897874821642358
40394847010690,0.226034686651661
40394850010690,0
40394851010690,0.602396794477455
40394853010690,0.693546367587621
40394854010690,0.761880297130674
40394857010690,0.838283637944606
40394858010690,0
40394861010690,0.589394341422406
40394862010690,0.472124120012876
40394863010690,0.657904151127583
40394866010690,0.345259487612799
40394867010690,0.516748145118409
40394870010690,0.801026014470891
40394872010690,0.403246797178197
40394873010690,0
40394876010690,0.257650639601503
40394878010690,0
40394879010690,0
40394880010690,0
40394881010690,0.328152713613119
40394884010690,0
40394887010690,0.487035942988419
40394888010690,0.180263588420909
40394889010690,0.708255945572125
40394890010690,0.116938290469746
40394892010690,0.656614827432729
40394893010690,0.391610658410826
40394894010690,0.027201532618606
40394896010690,0.727695550468284
40394897010690,0.625256984541489
40394898010690,0.633362324735445
40394899010690,0
40394901010690,0.535692542350766
40394903010690,0
40394904010690,0
40394905010690,0
40394907010690,0.555286565635771
40394908010690,0.736257087542085
40394909010690,0.36222624239549
40394910010690,0.116334256162621
40394912010690,0.627161534025441
40394913010690,0.356200830520372
40394914010690,0
40394915010690,0.862748365765369
40394952010690,0.359109995080815
40394954010690,0.859949225859546
40394955010690,0.204958776310589
40394956010690,0.0528324789623936
40394957010690,0
40394958010690,0.265552325223622
40394959010690,0
40394961010690,0.437821375473381
40394962010690,0.764100342714426
40394967010690,0.717472528242479
40394968010690,0.73812142708845
40394969010690,0.634013583123196
40394971010690,0.77486020831474
40394972010690,0
40394973010690,0.159573491721547
40394974010690,0
40394978010690,0.651825343268424
40394979010690,0.314930862794182
40394980010690,0
40395095010690,0.585912647829396
40395117010690,0.628147612631323
40395133010690,0.391044473174134
40395137010690,0
40395143010690,0.292324437385929
40395146010690,0.0123599524584068
40395153010690,0
40395179010690,0
40395188010690,0.518993599393989
40395190010690,0.616815106402801
40395192010690,0
40395198010690,0
40395201010690,0.48564740933872
40395203010690,0.388260547825971
40395205010690,0
40395207010690,0
40395208010690,0.636243746219499
40395209010690,0.553515112036249
40395210010690,0
40395214010690,0
40395278010690,0
40395281010690,0.78327135125586
40395284010690,0.544704712100909
40395289010690,0
40395292010690,0
40395293010690,0.0216644214432299
40395307010690,0
40395308010690,0
40395311010690,0
40395325010690,0
40395328010690,0.0878216589484556
40395333010690,0
40395338010690,0.21402105180474
40395340010690,0
40395342010690,0.497872589238923
40395345010690,0
40395346010690,0
40395358010690,0.62811553889872
40395363010690,0.547912326577464
40395366010690,0.222444929766283
40395370010690,0.698245261212999
40395371010690,0.00662944717940092
40395376010690,0.516027789204946
40395382010690,0
40395385010690,0.610289940234953
40395388010690,0.646844336967371
40395390010690,0.357569604283404
40395391010690,0
40395393010690,0.701955603502357
40395394010690,0.500318791269349
40395396010690,0
40395400010690,0.283164020279504
40395403010690,0.516034908713077
40395415010690,0
40395417010690,0
40395419010690,0.341103375253938
40395420010690,0.209399817692889
40395424010690,0.46125075417979
40395425010690,0
40395429010690,0
40395431010690,0
40395438010690,0
40395440010690,0
40395442010690,0
40395446010690,0
40395448010690,0
40395457010690,0.691669485201613
40395461010690,0.216667313431609
40395498010690,0.66573455426867
40395499010690,0.204726822581646
40395501010690,0
40395504010690,0.475169461797083
40395507010690,0.138630444127749
40395508010690,0.681540129568429
40395509010690,0
40395511010690,0.330254165928243
40395512010690,0.627504302915394
40395513010690,0.614670770941555
40395515010690,0.622979736535269
40395516010690,0
40395517010690,0
40395519010690,0.291267379777456
40395522010690,0
40395523010690,0
40395524010690,0.781595151681188
40395525010690,0.841785705833568
40395526010690,0.105464054362822
40395527010690,0
40395528010690,0.0825134991771175
40395529010690,0.244574158997874
40395530010690,0
40395531010690,0.147055018133168
40395532010690,0
40395534010690,0
40395535010690,0
40395538010690,0.768728416822579
40395540010690,0
40395543010690,0
40395544010690,0.682707904464935
40395546010690,0.156471710379806
40395550010690,0
40395552010690,0
40395555010690,0
40395558010690,0.151196962860797
40395560010690,0
40395561010690,0.844804116544546
40395563010690,0.0818603005315461
40395565010690,0
40395566010690,0.702077743166056
40395567010690,0
40395568010690,0
40395573010690,0.0952415782266435
40395574010690,0
40395575010690,0.265597431616372
40395576010690,0
40395646010690,0.263425815551145
40395653010690,0.575997276555694
40395661010690,0.860095951846378
40395665010690,0.820734114751387
40395667010690,0.319868019619768
40395677010690,0.613821496772037
40395679010690,0.623889253563071
40395682010690,0
40395688010690,0.311334548568858
40395692010690,0
40395694010690,0.721332248614019
40395696010690,0.226976186773004
40395701010690,0
40395705010690,0.680270564516814
40395706010690,0.666891524890892
40395707010690,0.18522209601677
40395711010690,0
40395713010690,0
40395715010690,0
40395720010690,0.283453647006716
40395724010690,0
40395725010690,0.278724613800655
40395727010690,0
40395730010690,0
40395731010690,0
40395739010690,0
40395741010690,0.338739563330595
40395752010690,0
40395757010690,0.357612192795479
40395759010690,0.55195639221586
40395760010690,0.31771142699854
40395764010690,0.738255903266949
40395765010690,0
40395771010690,0
40395772010690,0.212687571873361
40395775010690,0.472272553820225
40395780010690,0.170386105834516
40395781010690,0
40395783010690,0
40395784010690,0
40395788010690,0
40395789010690,0
40395792010690,0
40395794010690,0.384156712867144
40395798010690,0
40395801010690,0.0834733324439853
40395802010690,0.692803664540182
40395803010690,0.0824428267726043
40395804010690,0.745897566854472
40395807010690,0
40395809010690,0.110265306516168
40395812010690,0.295761132395158
40395816010690,0.137561577419438
40395817010690,0.678799078004858
40395829010690,0
40395832010690,0
40395834010690,0
40395836010690,0.631719997718053
40395837010690,0.169087848242155
40395840010690,0.324558960698429
40395886010690,0
40395890010690,0.38284546177918
40395891010690,0
40395911010690,0.633812370697167
40395916010690,0.727340687695422
40395917010690,0.682124492942087
40395919010690,0.268197144359755
40395920010690,0.683453963103888
40395921010690,0.543670285227868
40395924010690,0.149990378942869
40395925010690,0
40395927010690,0.676186800608025
40395928010690,0.751331667291434
40395929010690,0.893895688914109
40395932010690,0.714883489820036
40395933010690,0.141084152215819
40395939010690,0.89612510390501
40395940010690,0
40395941010690,0.643437336889785
40396046010690,0
40396095010690,0.640272013472516
40396100010690,0.423043828703755
40396101010690,0.379323672003897
40396105010690,0.0847498581431402
40396199010690,0.657699862437816
40396200010690,0.500861810075687
40396202010690,0
40396203010690,0.586029888957106
40396204010690,0.0276610815153719
40396206010690,0.795775865752062
40396207010690,0.281148747908843
40396210010690,0
40396211010690,0
40396218010690,0
40396219010690,0.444390277018784
40396229010690,0
40396234010690,0.251524896726443
40396236010690,0
40396237010690,0
40396239010690,0
40396242010690,0.464543056036848
40396245010690,0.432568170231681
40396248010690,0.579653529040497
40396249010690,0.0570200388727658
40396253010690,0.562504128905367
40396296010690,0.577715828776983
40396300010690,0.492729730548888
40396301010690,0.814054866305014
40396303010690,0
40396304010690,0.592536749073024
40396312010690,0.32803043745363
40396314010690,0
40396318010690,0
40396319010690,0
40396322010690,0.0569744723178518
40396325010690,0.554251734511531
40396327010690,0.227572410524835
40396336010690,0.548566359621984
40396337010690,0
40396345010690,0.701157280443855
40396349010690,0
40396557010690,0.495821309403551
40396562010690,0
40396568010690,0
40396570010690,0.051268924563851
40396571010690,0
40396573010690,0.62168597951815
40396574010690,0
40396575010690,0
40396576010690,0
40396577010690,0
40396578010690,0
40396580010690,0
40396582010690,0
40396584010690,0.333873019179404
40396586010690,0
40396591010690,0
40396593010690,0
40396596010690,0
40396612010690,0.5136348003148
40396659010690,0
40396667010690,0.538421575308073
40396669010690,0.630535225397884
40396670010690,0.0913931884352845
40396704010690,0.607586701140878
40396717010690,0.84845921700203
40396743010690,0.49136792260393
40396744010690,0
40396745010690,0.652527304994518
40396751010690,0
40396795010690,0.265597431616372
40396973010690,0
40397100010690,0.818294443673277
40397259010690,0.147352812234926
40397526010690,0
40397527010690,0
40397560010690,0
40397603010690,0
40397660010690,0.116824570236781
40397719010690,0.625054971845521
40397821010690,0
40397868010690,0.0281988725610144
40397898010690,0
40397938010690,0
40397962010690,0.206012365892547
40397997010690,0.51279536071238
40398260010690,0
40398406010690,0.0989596858059801
40402450010690,0
40402542010690,0
40402574010690,0
40403544010690,0
40403548010690,0
40403765010690,0
40403775010690,0
40403821010690,0
40403859010690,0
40403863010690,0
40403870010690,0
40403874010690,0
40403949010690,0
40404151010690,0
40404228010690,0
40404246010690,0
40404517010690,0
40404525010690,0
40404532010690,0
40404539010690,0
40404542010690,0
40404548010690,0
40404730010690,0
40404738010690,0.0135523664633208
40404821010690,0.473024172807854
40404822010690,0.869632856814704
40404827010690,0.628661807322055
40404837010690,0.793818321546469
40404838010690,0
40404844010690,0.636393930873574
40404845010690,0
40404864010690,0.336045041165212
40404866010690,0.614517860304808
40404876010690,0.380901730244068
40404879010690,0.581993749600761
40404893010690,0.786197423359333
40404894010690,0.41114288892764
40404925010690,0.618536454601236
40404930010690,0.258151213696328
40404940010690,0.778610975932144
40405148010690,0.563936914749031
40405171010690,0.686641634947311
40405267010690,0.74731693223128
40405275010690,0.596921437864062
40405277010690,0.71861167212858
40405278010690,0.593519177325272
40405283010690,0.364097825211841
40405284010690,0.904047477115631
40405289010690,0.768991699280661
40405290010690,0.796628422716394
40405307010690,0
40405309010690,0.515901336038024
40405310010690,0.853550413869281
40405314010690,0.199407890447981
40405320010690,0.0857655398566754
40405323010690,0.162349502214463
40405328010690,0.47490663517253
40405330010690,0.558926225883638
40405338010690,0.552074478371889
40405339010690,0.573736352970333
40405343010690,0.223028002128367
40405345010690,0.652884125564541
40405346010690,0.688946765127542
40405347010690,0.657322723264741
40405376010690,0.715683675978087
40405378010690,0.726220333666337
40405486010690,0.765560161620749
40405490010690,0.182692381848869
40405495010690,0.558743581600472
40405617010690,0.450621608582468
40405621010690,0.0657038081669075
40405622010690,0.814238668686878
40405623010690,0
40405625010690,0
40405626010690,0.862221716195563
40405629010690,0.168509673730561
40405630010690,0.222181015859419
40405633010690,0.716499473453181
40405634010690,0.439332167888124
40405644010690,0.832917942468883
40405650010690,0.252480058069159
40405670010690,0.0834416204830155
40405708010690,0.600715158313472
40405729010690,0.65774038318413
40405737010690,0
40405739010690,0
40405749010690,0
40405767010690,0
40405768010690,0
40405792010690,0.203014231874327
40405797010690,0.466011106978935
40405798010690,0
40405806010690,0
40405807010690,0
40405815010690,0
40405821010690,0.864671455595558
40405822010690,0
40405828010690,0
40405835010690,0
40405871010690,0
40405877010690,0
40405903010690,0
40405993010690,0
40406005010690,0
40406042010690,0.758623276137274
40406044010690,0.724259457766482
40406045010690,0
40406048010690,0.0293206501222528
40406049010690,0
40406059010690,0
40406070010690,0
40406090010690,0
40406100010690,0
40406101010690,0
40406265010690,0.264625081727322
40406266010690,0
40406270010690,0.269871804325993
40406272010690,0.563064279837205
40406274010690,0.0135523664633208
40406277010690,0.875651002383597
40406280010690,0.627862574954417
40406284010690,0.41257953411191
40406287010690,0.23170624332175
40406293010690,0.779854902125588
40406297010690,0.706007171909648
40406298010690,0.591913914197131
40406299010690,0.638896246866184
40406300010690,0.455486743159215
40406301010690,0.467115691740056
40406302010690,0.692956146462467
40406304010690,0.184198507978699
40406305010690,0.77899591495844
40406306010690,0.382530726255078
40406308010690,0
40406319010690,0.183944716192686
40406323010690,0.198428638856827
40406382010690,0
40406383010690,0.174669917793794
40406385010690,0.850050517972993
40406509010690,0.601044406549118
40406654010690,0.774661164355035
40406656010690,0
40406657010690,0.815770091346019
40406662010690,0
40406663010690,0.901889974105098
40406664010690,0
40406669010690,0.179054480512234
40406672010690,0.959819773880188
40406673010690,0
40406675010690,0
40406676010690,0.547762757320565
40406677010690,0
40406679010690,0.629749217809379
40406680010690,0.636366723231278
40406681010690,0
40406687010690,0
40406691010690,0
40406695010690,0.562871064062726
40406696010690,0
40406697010690,0
40406705010690,0
40406707010690,0
40406708010690,0
40406709010690,0
40406711010690,0.592557880440298
40406719010690,0
40406722010690,0
40406723010690,0.621897235332269
40406727010690,0
40406733010690,0.706806802902845
40406740010690,0
40406750010690,0.109026510720032
40406752010690,0
40406758010690,0.335867361054808
40406765010690,0.715454569907493
40406769010690,0.352296721468961
40406771010690,0.219212792775982
40406780010690,0.347443965015747
40406789010690,0.635155181796978
40406794010690,0.421032395801433
40406795010690,0
40406799010690,0.887180369100895
40406812010690,0.627135355095459
40406817010690,0.697184103554408
40406818010690,0.36878733964147
40406826010690,0.841243648419517
40406833010690,0.474683393222913
40406835010690,0
40406839010690,0.600534404020993
40406842010690,0.21359913829661
40406848010690,0.105753448373508
40406850010690,0
40406851010690,0.35248027519183
40406852010690,0
40406853010690,0.917917795421861
40406855010690,0
40406861010690,0
40406866010690,0.269136775058913
40406873010690,0
40406952010690,0.0198622943194443
40406976010690,0.626619659444973
40406978010690,0.248720743073784
40406986010690,0
40406999010690,0.351195039435271
40407005010690,0.530402832183621
40407006010690,0
40407012010690,0
40407022010690,0.174407222671065
40407024010690,0.135041492101005
40407027010690,0
40407032010690,0
40407033010690,0.326318203523985
40407035010690,0
40407036010690,0.160895119365408
40407044010690,0.486164994296922
40407046010690,0.792748717214632
40407051010690,0.876159237838866
40407057010690,0
40407060010690,0.675619775359375
40407064010690,0
40407065010690,0.332857877185855
40407071010690,0
40407077010690,0
40407079010690,0.18264668089465
40407080010690,0.583386476922742
40407096010690,0.884481060206246
40407101010690,0
40407109010690,0.804629413565099
40407115010690,0.210252888299502
40407123010690,0
40407124010690,0.513634903255454
40407125010690,0.428235580357341
40407131010690,0
40407172010690,0.493907422749986
40407180010690,0.803950605832253
40407183010690,0.445214123384169
40407529010690,0
40407530010690,0
40407532010690,0
40407533010690,0
40407534010690,0
40407535010690,0
40407537010690,0
40407538010690,0
40407540010690,0.638534648386041
40407542010690,0
40407544010690,0.667210756877116
40407545010690,0.720334101603576
40407547010690,0
40407548010690,0.653418550150303
40407550010690,0.745936722938006
40407551010690,0.611242432234454
40407554010690,0.393789598352349
40407557010690,0
40407560010690,0.351348507530551
40407561010690,0
40407563010690,0
40407566010690,0.666518437649113
40407567010690,0
40407569010690,0
40407570010690,0.621344216076712
40407571010690,0
40407572010690,0.531004347230529
40407574010690,0.629730009510756
40407575010690,0.827917263496994
40407576010690,0.625806601197713
40407577010690,0.348293831742124
40407578010690,0.374660603258997
40407581010690,0
40407582010690,0.595475577765985
40407583010690,0.636720170849959
40407586010690,0.86686449687516
40407587010690,0.677899637086846
40407588010690,0.258312293764557
40407589010690,0.271219375905701
40407591010690,0.676007805944651
40407596010690,0.640149840207098
40407597010690,0.781462714944003
40407600010690,0
40407602010690,0.263091359734405
40407603010690,0.641744443300946
40407605010690,0.140999774156072
40407608010690,0.748163489222299
40407609010690,0.643840951284517
40407611010690,0.423505291185733
40407612010690,0.203656857397034
40407614010690,0.729831236613979
40407617010690,0.798422079948398
40407618010690,0.541343735196872
40407622010690,0
40407623010690,0.248059831780937
40407626010690,0.291129475614748
40407627010690,0.875092488608101
40407629010690,0
40407634010690,0.669167199041705
40407637010690,0.139526713859653
40407638010690,0.022911941308766
40407641010690,0.531135017701515
40407643010690,0.660165612280639
40407644010690,0.404159112947834
40407651010690,0.631957059257574
40407652010690,0.944898972750397
40407653010690,0.724382608096689
40407654010690,0.268382008825931
40407655010690,0.581629473603677
40407657010690,0.45019703921649
40407659010690,0.153931485849118
40407660010690,0.575680403559011
40407709010690,0.332892778964058
40407737010690,0
40416064010690,0
40416071010690,0
40416219010690,0.611679988744251
40416220010690,0.488314013046882
40416232010690,0.240682410135387
40416244010690,0.935087424582878
40416245010690,0.780299486136666
40416254010690,0.814954422814798
40416258010690,0.559704575717592
40416264010690,0
40416267010690,0.280517567306867
40416279010690,0
40416281010690,0
40416282010690,0.160895119365408
40416283010690,0.539602528297496
40416293010690,0.249025054929592
40416294010690,0
40416304010690,0.701352040788605
40416305010690,0.162372412048792
40416306010690,0
40416377010690,0.376265039066242
40416392010690,0.740214285318966
40416425010690,0.267170309205951
40416435010690,0.0135523664633208
40416461010690,0.781640453840529
40416473010690,0
40416485010690,0.702106564013263
40416501010690,0.672182185929162
40416545010690,0.805230578617941
40416546010690,0
40416593010690,0
40417303010690,0.471727950280311
40417305010690,0.706116678394011
40417306010690,0
40417325010690,0.607085353037206
40417326010690,0.478944861862792
40417327010690,0.744574666455865
40417328010690,0
40417347010690,0.722090870779596
40417349010690,0.543398488499062
40417350010690,0.915782763699508
40417351010690,0.807585306549171
40417367010690,0.727602096347103
40417368010690,0.761050271882564
40417386010690,0
40417387010690,0.467306047881048
40417388010690,0.647702866981559
40417397010690,0.783390396742669
40417398010690,0
40417405010690,0.605174342965067
40417412010690,0.472846829227067
40417413010690,0.900422789134373
40417414010690,0.29446146440137
40417421010690,0.125639569343446
40417428010690,0.263171147884794
40417431010690,0.537983878949252
40417437010690,0.865539971443277
40417445010690,0
40417448010690,0.344683143688385
40417449010690,0.718444704310537
40417450010690,0.526170085326911
40417454010690,0
40417463010690,0.582139889664147
40417466010690,0.595598692652817
40417468010690,0.118604380273131
40417469010690,0.117494826542869
40417470010690,0.747829944617585
40417474010690,0.59400079876767
40417483010690,0.151469323895316
40417484010690,0.76817850236714
40417486010690,0.748972936835867
40417492010690,0
40417493010690,0
40417540010690,0.862983537240377
40417544010690,0
40417551010690,0.583101290127754
40417553010690,0.23534821369086
40417558010690,0.707459529179892
40417562010690,0.356652049035512
40417563010690,0.831879805960665
40417567010690,0.49683748791928
40417822010690,0.416960355286565
40417851010690,0
40418116010690,0.571784113214747
40418120010690,0.0269262881148243
40418131010690,0.646048094004566
40418135010690,0.663509078852439
40418136010690,0.65805339736416
40418138010690,0
40418139010690,0
40418140010690,0.674148616741337
40418142010690,0.239438079011229
40418143010690,0.707969752621699
40418146010690,0
40418147010690,0
40418148010690,0
40418150010690,0.585013590599527
40418155010690,0
40418157010690,0
40418161010690,0.191924190786339
40418168010690,0
40418174010690,0.424257779833113
40418175010690,0.639908461957261
40418183010690,0
40418186010690,0.302867349183166
40418200010690,0.150921135077672
40418201010690,0
40418296010690,0.167830537664377
40418366010690,0.0857655398566754
40418389010690,0
40418390010690,0
40418412010690,0
40418428010690,0.252997754257108
40418448010690,0.188297556509734
40418449010690,0.104523158981171
40418472010690,0.160848384213055
40418510010690,0
40418550010690,0.666934506681448
40418551010690,0.510351892308706
40418568010690,0.102234207288767
40418581010690,0.051268924563851
40418583010690,0
40418600010690,0.210290070384284
40418617010690,0
40418619010690,0
40418632010690,0
40418734010690,0
40418771010690,0
40418776010690,0
40418801010690,0.636003026547335
40418802010690,0.795325344186555
40418803010690,0
40418804010690,0
40419028010690,0.260566844448814
40419073010690,0
40419143010690,0.0976028995986192
40419144010690,0.165476812496888
40419145010690,0.351195039435271
40419146010690,0
40419150010690,0.697452039963134
40419151010690,0.335705422387124
40419179010690,0.27387624646225
40419180010690,0
40419181010690,0
40419203010690,0.791214649576502
40419216010690,0
40419217010690,0
40419225010690,0
40419226010690,0
40419236010690,0
40419237010690,0
40419247010690,0
40419258010690,0.226042625807564
40419259010690,0.167134247197297
40419269010690,0
40419271010690,0
40419425010690,0.398399712684844
40419427010690,0.141020441989344
40419429010690,0
40419441010690,0
40419442010690,0.620690056281573
40419665010690,0.126836905155787
40419667010690,0
40419668010690,0.439438906821202
40419669010690,0.10942573424592
40419670010690,0.168373372448806
40419671010690,0.34762270555704
40419674010690,0.248298707759602
40419679010690,0.66976808990366
40419684010690,0.80923636584492
40419685010690,0.159413660185675
40419689010690,0.752301614943722
40419696010690,0.0863901896685102
40419697010690,0.63402642128836
40419698010690,0.442919413259592
40419700010690,0.799052485205349
40419701010690,0.376872208817963
40419702010690,0
40419704010690,0.196514863918102
40419706010690,0
40419710010690,0.732691979015319
40419719010690,0.753133188142562
40419724010690,0.705674351868934
40419727010690,0.675294146072572
40419730010690,0.333780471867068
40419731010690,0.72920208073046
40419734010690,0.244012922798995
40419735010690,0.722335567732909
40419737010690,0.387013790839249
40419738010690,0.628109434187258
40419746010690,0.224763786059317
40419750010690,0
40419752010690,0.74170278123482
40419753010690,0.631373741205951
40419756010690,0.784690705017037
40419759010690,0.510158462278239
40419760010690,0.633653851737703
40419762010690,0.395659776959246
40419769010690,0
40419770010690,0.498232745210208
40419771010690,0.133900664210032
40419773010690,0
40419794010690,0.58174993374483
40419924010690,0.353533274387333
40419929010690,0.313276750456091
40419930010690,0.930793865574957
40419931010690,0.670149918619565
40420263010690,0.605198993126334
40420560010690,0
40420561010690,0
40420568010690,0.799845677801316
40420571010690,0
40420584010690,0.307663579565326
40420586010690,0
40420591010690,0.686637355145653
40420592010690,0.427561274273833
40420595010690,0.0594619261417945
40420596010690,0
40420598010690,0
40420610010690,0
40420611010690,0
40420612010690,0
40420614010690,0.338739036135552
40420617010690,0.754494277658808
40420620010690,0
40420633010690,0
40420634010690,0.664594641759507
40420639010690,0.743638811988687
40420645010690,0.331174455570031
40420647010690,0
40420660010690,0
40420661010690,0
40420662010690,0
40420664010690,0
40420689010690,0
40420690010690,0
40420691010690,0
40420693010690,0.595957668423547
40420697010690,0.631160944546603
40420713010690,0
40420714010690,0
40420715010690,0
40420716010690,0.519572446226668
40420717010690,0
40420720010690,0
40420734010690,0
40420735010690,0
40420738010690,0
40420746010690,0
40420758010690,0
40420765010690,0.463378952891576
40420778010690,0
40420780010690,0.174827004275077
40420794010690,0
40420796010690,0.696819057409883
40420797010690,0.398141681489608
40420812010690,0.257041307149432
40420813010690,0.391754196860525
40420833010690,0.731413900457119
40420834010690,0.559957681973411
40420835010690,0.794213315889897
40420836010690,0.0244488725610144
40420837010690,0
40420845010690,0.0767071394536747
40420846010690,0.241338134318942
40420861010690,0.701353123501361
40420863010690,0.25186998607225
40420880010690,0.415991643169475
40420896010690,0
40420901010690,0
40420910010690,0.183287334565263
40420911010690,0.789249889429792
40420914010690,0
40420924010690,0.744024632873683
40420926010690,0.226741202285362
40420928010690,0
40420944010690,0.250714995143337
40420947010690,0.574637602737053
40420948010690,0
40420961010690,0
40420964010690,0
40420989010690,0.418983388968225
40420995010690,0.608595626898922
40421000010690,0
40421010010690,0.436135235318594
40421011010690,0.591220690076391
40421014010690,0.338630393315763
40421015010690,0.719518520899561
40421022010690,0
40421023010690,0.438016532422203
40421024010690,0.599087005641514
40421030010690,0
40421036010690,0
40421038010690,0
40421040010690,0.674023424380486
40421041010690,0.10900522668747
40421043010690,0
40421044010690,0
40421045010690,0
40421049010690,0.594580854807399
40421062010690,0.933723098422361
40421063010690,0.254764726210516
40421068010690,0
40421071010690,0
40421075010690,0
40421077010690,0
40421079010690,0.150567703724482
40421283010690,0.0679936543979447
40421284010690,0
40421286010690,0.787988949255995
40421302010690,0.885043251891478
40421303010690,0.411462769363247
40421305010690,0
40421322010690,0
40421338010690,0.282355627011221
40421339010690,0.0787825295739245
40421340010690,0.614402352628686
40421354010690,0.910818894491268
40421355010690,0
40421356010690,0
40421370010690,0.0976028995986192
40421371010690,0
40421372010690,0
40421384010690,0.663123320964457
40421385010690,0.388914654620881
40421416010690,0.749970635426813
40421421010690,0.312895389469711
40421422010690,0
40421430010690,0.346857120581898
40421431010690,0
40421434010690,0
40421439010690,0.29065228259632
40421441010690,0.599951092298822
40421444010690,0.137994855876633
40421445010690,0.639450725777407
40421451010690,0
40421454010690,0.758555916279025
40421455010690,0.529371529492272
40421457010690,0.801830044600913
40421463010690,0.863034936062718
40421465010690,0.757250988694565
40421466010690,0.707367883679551
40421469010690,0.247864092880534
40421470010690,0.631517503692081
40421472010690,0.523733205396998
40421473010690,0.241179004473309
40421474010690,0.804529243727451
40421476010690,0.341043389779183
40421481010690,0.344982813907057
40421484010690,0
40421486010690,0
40421488010690,0
40421492010690,0.694431608918172
40421495010690,0.0216644214432299
40421496010690,0.390617689873366
40421497010690,0
40421498010690,0
40421500010690,0.572781804081951
40421510010690,0
40421513010690,0.521211506437008
40421514010690,0.584889367224114
40421525010690,0
40421529010690,0.512826121139826
40421536010690,0
40421538010690,0
40421563010690,0
40421566010690,0.567185829141694
40421579010690,0
40421581010690,0
40421596010690,0.471179858887647
40421607010690,0
40421609010690,0.635953959279171
40421624010690,0
40421629010690,0.732980774158955
40421640010690,0
40421641010690,0
40421656010690,0
40421676010690,0.557906509785816
40421696010690,0.627241908807559
40421697010690,0.666135036935283
40421723010690,0
40421765010690,0.921105590571033
40421766010690,0.0123599524584068
40421775010690,0.478915636046589
40421789010690,0
40421791010690,0.655650364239472
40422617010690,0
40422618010690,0
40422619010690,0
40422622010690,0
40422624010690,0
40422625010690,0
40422626010690,0
40422627010690,0
40422630010690,0.226454779148925
40422633010690,0
40422634010690,0
40422640010690,0
40422641010690,0
40422642010690,0
40422644010690,0
40422645010690,0.00662944717940092
40422646010690,0.362088819028555
40422648010690,0.369086109872168
40422649010690,0.294829914163751
40422650010690,0.662804200459227
40422656010690,0.254530188592402
40422657010690,0.697768379911158
40422659010690,0
40422664010690,0
40422665010690,0.260952109988989
40422667010690,0.104523158981171
40422668010690,0.195084002159894
40422669010690,0
40422671010690,0.610531028266541
40422672010690,0.33039542880745
40422674010690,0.635209507812367
40422675010690,0.449907629198809
40422676010690,0.637552875094406
40422678010690,0.503007372821424
40422679010690,0
40422680010690,0
40422682010690,0
40422683010690,0
40422684010690,0.148430558927262
40422687010690,0
40422688010690,0
40422690010690,0.69775987957584
40422692010690,0.546389298268907
40422694010690,0.0834416204830155
40422695010690,0
40422697010690,0.616597859530816
40422699010690,0
40422701010690,0.689724757254336
40422702010690,0
40422703010690,0
40422705010690,0
40422706010690,0
40422707010690,0
40422709010690,0.974528992649374
40422710010690,0.93400848172296
40422712010690,0.668087002143962
40422713010690,0.705650286392651
40422714010690,0.0727837467507573
40422717010690,0
40422718010690,0
40422720010690,0.0953589208004205
40422721010690,0.654839873947494
40422723010690,0.259815226402064
40422725010690,0.784959620537668
40422726010690,0
40422727010690,0.574032514052907
40422730010690,0.526297831206447
40422733010690,0.157106639296085
40422734010690,0.313683341861011
40422740010690,0.724529937435688
40422741010690,0.627644216076712
40422743010690,0.719976927988626
40422749010690,0.211204805158478
40422752010690,0.269871804325993
40422754010690,0.791207911703503
40422755010690,0.592070591173634
40422756010690,0.56454191728546
40422757010690,0.277639884305976
40422759010690,0.63822272229334
40422765010690,0.000759493670886076
40422767010690,0.268458132655527
40422768010690,0.515615446521104
40422769010690,0.818334378453653
40422770010690,0.338345627575387
40422771010690,0.797889615266617
40422775010690,0.634078360209929
40422779010690,0.563575850122284
40422781010690,0.224236405661584
40422783010690,0.497858478483059
40422785010690,0
40422789010690,0.239232060585599
40422790010690,0.523829018323624
40422791010690,0.736991250336122
40422800010690,0.243823530255407
40422806010690,0
40422807010690,0.583351476486111
40422808010690,0.628623573072557
40422811010690,0.318632097699222
40422813010690,0.531004944880255
40422817010690,0.65121889466306
40422819010690,0.664353913442163
40422820010690,0.753411229547477
40422821010690,0.252993320050965
40422822010690,0
40422823010690,0.712946503066619
40422824010690,0.130847396744817
40422831010690,0.65639056946902
40422841010690,0.612838185697744
40422842010690,0.651364616273542
40422849010690,0
40422850010690,0.414523489938822
40422852010690,0
40422853010690,0.613664806351547
40422857010690,0.769388542788416
40422859010690,0.520584909173358
40422861010690,0.686990763784779
40422863010690,0.261930256199885
40422869010690,0.866201953847635
40422872010690,0.324089397484842
40422874010690,0
40422876010690,0.786215978318036
40422881010690,0
40422882010690,0.457220713961225
40422883010690,0.401262317216263
40422885010690,0.17265743254158
40422887010690,0.0884416204830155
40422889010690,0.762434851211619
40422891010690,0.611406044217562
40422896010690,0.0269262881148243
40422897010690,0
40422898010690,0.502441629907067
40422900010690,0
40422901010690,0
40422902010690,0.316422510141378
40422903010690,0.721118960735862
40422904010690,0.577128672287425
40422905010690,0.109543249970087
40422906010690,0.397266157804474
40422907010690,0.396671673263687
40422910010690,0
40422912010690,0.099379071579192
40422915010690,0
40422921010690,0.220862754705151
40422922010690,0.792599627753357
40422927010690,0.138427436321841
40422928010690,0.811752362653018
40422932010690,0.673289606603271
40422934010690,0
40422935010690,0.48991499395936
40422936010690,0
40422939010690,0.798258609573813
40422940010690,0.119248372191893
40423063010690,0
40423069010690,0
40423070010690,0
40423237010690,0
40423240010690,0
40423241010690,0.163429131886738
40423552010690,0.32702113650799
40423675010690,0.226454779148925
40423796010690,0
40424742010690,0.43264067607196
40425104010690,0.409768668621501
40425162010690,0.125078230487575
40425165010690,0.682966121472729
46193074020004,0
48337544020004,0.523778385382049
50561701020004,0
50561706020004,0
50561721020004,0
50561752020004,0
50561758020004,0
50561799020004,0
50561826020004,0
50561894020004,0
50561929020004,0
50562367020004,0
50562444020004,0
50562497020004,0
50562531020004,0
50562532020004,0
50562533020004,0
50562559020004,0
50562648020004,0
51090170020004,0.492282771737455
54824782020004,0.0216644214432299
55859937020004,0.64018017390969
188756821020004,0.623921750124002
188756916020004,0.633172204108131
188757142020004,0.757854723677023
188757143020004,0.331906308039408
188757149020004,0.311953438419899
188757172020004,0.313325334160081
188757231020004,0
188757344020004,0
188757553020004,0.220643779979337
188757590020004,0
188757595020004,0
188758039020004,0
188758292020004,0
188758297020004,0.166903509525792
188758310020004,0
188758318020004,0.201594745854419
188758409020004,0
188758412020004,0
188758414020004,0
188758429020004,0
188758437020004,0
188759172020004,0.102234207288767
188759239020004,0
188759444020004,0
188759502020004,0.64571591987788
188759581020004,0
188759871020004,0
188760061020004,0
188760090020004,0.479739460679544
188760119020004,0
188760176020004,0
188760599020004,0.694406410837912
188760616020004,0.0971141908038673
188760658020004,0.145618854273326
188760739020004,0
188761410020004,0
188761599020004,0.942292184545247
188761691020004,0.211755242717053
188761694020004,0
188761713020004,0
188761863020004,0
188762051020004,0
188762281020004,0
188762409020004,0.717656397935624
188762539020004,0
188762565020004,0
188762600020004,0.343984378381621
188762630020004,0
188762640020004,0
188762716020004,0
188762766020004,0.278418089085349
188762780020004,0
188762908020004,0
188763072020004,0.699433508988985
188763073020004,0.787132353994133
188763129020004,0
188763221020004,0
188764124020004,0
188764255020004,0
188764262020004,0
188764268020004,0.0861981317192849
188764286020004,0
188764287020004,0
188764315020004,0.0711860181019082
188764326020004,0.0586926953725637
188764349020004,0
188764351020004,0.131770948306729
188764358020004,0
188764382020004,0
188764401020004,0.364200040728319
188764433020004,0
188764559020004,0
188764566020004,0
188764908020004,0
188765604020004,0
188765750020004,0
188765791020004,0.149338036448252
188765792020004,0
188765839020004,0
188765864020004,0
188765907020004,0
188766095020004,0.62012640606745
188766150020004,0
188766298020004,0
188766331020004,0
188766527020004,0.369087476807552
188767075020004,0
188767254020004,0
188767413020004,0.212899793894276
188767437020004,0
188767542020004,0
188767549020004,0
188767623020004,0.322118219546092
188767671020004,0
188767943020004,0.335207379332702
188767956020004,0.202566980886757
188768103020004,0
188768132020004,0
188768983020004,0.512003609227709
188768998020004,0
188769096020004,0
188769109020004,0
188769178020004,0.688725039995535
188769188020004,0
188769475020004,0.131296718716916
188769478020004,0
188769479020004,0.603049079879943
188769480020004,0
188769481020004,0
188769534020004,0.165611192382429
188770240020004,0
188770271020004,0
188770281020004,0
188770370020004,0
188770471020004,0
188770507020004,0.437039983476709
188770510020004,0
188770529020004,0
188770538020004,0
188770609020004,0
188770614020004,0
188770702020004,0
188770734020004,0
188770735020004,0.19655217430192
188770888020004,0
188771047020004,0.626243104973603
188771116020004,0.277208091849442
188771121020004,0
188771243020004,0
188771257020004,0
188771330020004,0.189188956382391
188771457020004,0
188771503020004,0
188771527020004,0
188771550020004,0
188771565020004,0.857247684192257
188771578020004,0.556023789265926
188771580020004,0
188771582020004,0
188771614020004,0.162049028178937
188771666020004,0.42949471112295
188771701020004,0
188771859020004,0.688876570738949
188772019020004,0.330061371182258
188772097020004,0
188772123020004,0
188772344020004,0
188772367020004,0
188772372020004,0
188772380020004,0.376774660541731
188772450020004,0.255654646612308
188772485020004,0
188772501020004,0.106793460645049
188772505020004,0.130052696425402
188772512020004,0
188772661020004,0
188772889020004,0
188772897020004,0
188772906020004,0
188773098020004,0.741808748767434
188773255020004,0.196522289659982
188773326020004,0
188773332020004,0.484231566884431
188773399020004,0.108189127396757
188773444020004,0.177088076701974
188773663020004,0.0585226506832559
188773758020004,0
188773872020004,0.0989596858059801
188774219020004,0
188774384020004,0.632462652636017
188774549020004,0.61059787407944
188774675020004,0.096792770216465
188774705020004,0
188781443020004,0
188782467020004,0
188782500020004,0
188782555020004,0
188786565020004,0
276307951489998,0
282479222489998,0.619072909226893
354844818489998,0.591084040735785
354844865489998,0
354844900489998,0
354844905489998,0.558201545633341
354844962489998,0
354845059489998,0
354845092489998,0
354845121489998,0
354845130489998,0
354845132489998,0
354845147489998,0.0920045654442063
354845158489998,0.0264917414988452
354845298489998,0
354845316489998,0
354845317489998,0.138317506741484
354845376489998,0.147668860713612
354845603489998,0.11308062463312
354845607489998,0
355904501489998,0
356002801489998,0.450981365614205
356003028489998,0.91259313933149
356003121489998,0.432278422520648
356003219489998,0
356003222489998,0
356003288489998,0
356003301489998,0.617058097133411
356003466489998,0.548408723567574
356003467489998,0
356003949489998,0.156807361053534
356003969489998,0
356004462489998,0.210905945413319
431915296489998,0
431917201489998,0
431917247489998,0.411628514851401
431917504489998,0
431917634489998,0.149275663858768
431917683489998,0.144374351967158
704354785126144,0.0807324040484204
